Round,AI Rank,State,Institute,Course,Quota,Category
0,1,Delhi,"AIIMS, Delhi",GENERAL MEDICINE,AIIMS-All India,UR
0,2,Delhi,"AIIMS, Delhi",GENERAL MEDICINE,AIIMS-All India,UR
0,3,Delhi,"AIIMS, Delhi",GENERAL MEDICINE,AIIMS-All India,UR
0,4,Delhi,"AIIMS, Delhi",RADIO DIAGNOSIS,AIIMS-All India,UR
0,5,Pondicherry,"JIPMER, Puducherry",RADIO DIAGNOSIS,JIPMER-All India,OBC
0,6,Delhi,"AIIMS, Delhi",GENERAL MEDICINE,AIIMS-All India,OBC
0,7,Delhi,"AIIMS, Delhi",GENERAL MEDICINE,AIIMS-All India,OBC
0,8,Chandigarh,"PGIMER, Chandigarh",GENERAL MEDICINE,PGIMER-All India,UR
0,9,Delhi,"AIIMS, Delhi",GENERAL MEDICINE,AIIMS-All India,OBC
0,10,Delhi,"AIIMS, Delhi",PAEDIATRICS,AIIMS-All India,UR
0,11,Chandigarh,"PGIMER, Chandigarh",GENERAL MEDICINE,PGIMER-All India,UR
0,12,Chandigarh,"PGIMER, Chandigarh",RADIO DIAGNOSIS,PGIMER-All India,UR
0,13,Chandigarh,"PGIMER, Chandigarh",GENERAL MEDICINE,PGIMER-All India,UR
0,14,Pondicherry,"JIPMER, Puducherry",GENERAL MEDICINE,JIPMER-All India,UR
0,15,Pondicherry,"JIPMER, Puducherry",GENERAL MEDICINE,JIPMER-All India,UR
0,16,Chandigarh,"PGIMER, Chandigarh",GENERAL MEDICINE,PGIMER-All India,UR
0,17,Chandigarh,"PGIMER, Chandigarh",GENERAL MEDICINE,PGIMER-All India,UR
0,19,Karnataka,"NIMHANS, Bangalore",NEUROLOGY 6 YRS,NIMHANS-All India,UR
0,20,Chandigarh,"PGIMER, Chandigarh",RADIO DIAGNOSIS,PGIMER-All India,UR
0,21,Pondicherry,"JIPMER, Puducherry",RADIO DIAGNOSIS,JIPMER-All India,UR
0,22,Delhi,"AIIMS, Delhi",GENERAL SURGERY,AIIMS-All India,UR
0,23,Chandigarh,"PGIMER, Chandigarh",GENERAL MEDICINE,PGIMER-All India,UR
0,24,Karnataka,"NIMHANS, Bangalore",NEUROLOGY 6 YRS,NIMHANS-All India,UR
0,25,Uttarakhand,"AIIMS, Rishikesh",RADIO DIAGNOSIS,AIIMS-All India,UR
0,26,Chandigarh,"PGIMER, Chandigarh",GENERAL MEDICINE,PGIMER-All India,UR
0,27,Delhi,"AIIMS, Delhi",RADIO DIAGNOSIS,AIIMS-All India,OBC
0,28,Chandigarh,"PGIMER, Chandigarh",GENERAL MEDICINE,PGIMER-All India,UR
0,29,Delhi,"AIIMS, Delhi",PAEDIATRICS,AIIMS-All India,UR
0,30,Delhi,"AIIMS, Delhi",INECTIOUS DISEASES 6 YRS,AIIMS-All India,UR
0,31,Delhi,"AIIMS, Delhi",PAEDIATRICS,AIIMS-All India,UR
0,32,Rajasthan,"AIIMS, Jodhpur",RADIO DIAGNOSIS,AIIMS-All India,UR
0,33,Chandigarh,"PGIMER, Chandigarh",RADIO DIAGNOSIS,PGIMER-All India,OBC
0,34,Delhi,"AIIMS, Delhi",GENERAL MEDICINE,AIIMS-All India,EWS
0,35,Pondicherry,"JIPMER, Puducherry",RADIO DIAGNOSIS,JIMPER-Inst. Pref,INST (JIPMER)
0,36,Maharashtra,"AIIMS, Nagpur",GENERAL MEDICINE,AIIMS-All India,UR
0,37,Chandigarh,"PGIMER, Chandigarh",PAEDIATRICS,PGIMER-All India,UR
0,38,Pondicherry,"JIPMER, Puducherry",DERMATOLOGY,JIPMER-All India,OBC
0,39,Pondicherry,"JIPMER, Puducherry",GENERAL MEDICINE,JIPMER-All India,OBC
0,40,Rajasthan,"AIIMS, Jodhpur",RADIO DIAGNOSIS,AIIMS-All India,UR
0,41,Chandigarh,"PGIMER, Chandigarh",GENERAL MEDICINE,PGIMER-All India,OBC
0,42,Odisha,"AIIMS, Bhubaneswar",RADIO DIAGNOSIS,AIIMS-All India,UR
0,43,Uttarakhand,"AIIMS, Rishikesh",GENERAL MEDICINE,AIIMS-All India,UR
0,44,Madhya Pradesh,"AIIMS, Bhopal",RADIO DIAGNOSIS,AIIMS-All India,UR
0,45,Bihar,"AIIMS, Patna",GENERAL MEDICINE,AIIMS-All India,UR
0,46,Delhi,"AIIMS, Delhi",GENERAL SURGERY,AIIMS-Inst. Pref,UR-AIIMS-IP
0,47,Pondicherry,"JIPMER, Puducherry",GENERAL MEDICINE,JIPMER-All India,UR
0,48,Rajasthan,"AIIMS, Jodhpur",RADIO DIAGNOSIS,AIIMS-All India,OBC
0,49,Delhi,"AIIMS, Delhi",GENERAL MEDICINE,AIIMS-All India,EWS
0,50,Rajasthan,"AIIMS, Jodhpur",GENERAL MEDICINE,AIIMS-All India,UR
0,51,Pondicherry,"JIPMER, Puducherry",GENERAL MEDICINE,JIPMER-All India,UR
0,52,Uttarakhand,"AIIMS, Rishikesh",GENERAL MEDICINE,AIIMS-All India,UR
0,53,Pondicherry,"JIPMER, Puducherry",GENERAL MEDICINE,JIPMER-All India,UR
0,54,Madhya Pradesh,"AIIMS, Bhopal",GENERAL MEDICINE,AIIMS-All India,UR
0,55,Pondicherry,"JIPMER, Puducherry",GENERAL MEDICINE,JIPMER-All India,EWS
0,56,Rajasthan,"AIIMS, Jodhpur",RADIO DIAGNOSIS,AIIMS-All India,OBC
0,57,Delhi,"AIIMS, Delhi",NUCLEAR MEDICINE,AIIMS-All India,OBC
0,58,Pondicherry,"JIPMER, Puducherry",PAEDIATRICS,JIPMER-All India,UR
0,59,Uttarakhand,"AIIMS, Rishikesh",RADIO DIAGNOSIS,AIIMS-All India,OBC
0,60,Pondicherry,"JIPMER, Puducherry",GENERAL MEDICINE,JIPMER-All India,OBC
0,61,Madhya Pradesh,"AIIMS, Bhopal",GENERAL MEDICINE,AIIMS-All India,UR
0,62,Chandigarh,"PGIMER, Chandigarh",GENERAL MEDICINE,PGIMER-All India,OBC
0,63,Gujarat,"AIIMS, Rajkot",GENERAL MEDICINE,AIIMS-All India,UR
0,64,Odisha,"AIIMS, Bhubaneswar",GENERAL MEDICINE,AIIMS-All India,UR
0,65,Delhi,"AIIMS, Delhi",NEUROSURGERY 6 YRS,AIIMS-All India,UR
0,66,Madhya Pradesh,"AIIMS, Bhopal",RADIO DIAGNOSIS,AIIMS-All India,UR
0,67,Chandigarh,"PGIMER, Chandigarh",NUCLEAR MEDICINE,PGIMER-All India,UR
0,68,Madhya Pradesh,"AIIMS, Bhopal",RADIO DIAGNOSIS,AIIMS-All India,UR
0,69,Karnataka,"NIMHANS, Bangalore",PSYCHIATRY,NIMHANS-All India,UR
0,70,Chhattisgarh,"AIIMS, Raipur",GENERAL MEDICINE,AIIMS-All India,UR
0,71,Madhya Pradesh,"AIIMS, Bhopal",RADIO DIAGNOSIS,AIIMS-All India,OBC
0,72,Delhi,"AIIMS, Delhi",OBG,AIIMS-All India,UR
0,73,Delhi,"AIIMS, Delhi",DERMATOLOGY,AIIMS-All India,OBC
0,74,Karnataka,"NIMHANS, Bangalore",NEUROLOGY 6 YRS,NIMHANS-All India,UR
0,75,Uttarakhand,"AIIMS, Rishikesh",RADIO DIAGNOSIS,AIIMS-All India,EWS
0,76,Karnataka,"NIMHANS, Bangalore",NEUROSURGERY 6 YRS,NIMHANS-All India,UR
0,77,Karnataka,"NIMHANS, Bangalore",NEUROSURGERY 6 YRS,NIMHANS-All India,UR
0,78,Chhattisgarh,"AIIMS, Raipur",GENERAL MEDICINE,AIIMS-All India,UR
0,79,Maharashtra,"AIIMS, Nagpur",GENERAL MEDICINE,AIIMS-All India,UR
0,80,Bihar,"AIIMS, Patna",RADIO DIAGNOSIS,AIIMS-All India,UR
0,81,Chandigarh,"PGIMER, Chandigarh",PAEDIATRICS,PGIMER-All India,UR
0,82,Delhi,"AIIMS, Delhi",GENERAL SURGERY,AIIMS-All India,UR
0,83,Chhattisgarh,"AIIMS, Raipur",RADIO DIAGNOSIS,AIIMS-All India,UR
0,84,Maharashtra,"AIIMS, Nagpur",RADIO DIAGNOSIS,AIIMS-All India,UR
0,86,Punjab,"AIIMS, Bathinda",GENERAL MEDICINE,AIIMS-All India,UR
0,87,Chandigarh,"PGIMER, Chandigarh",GENERAL SURGERY,PGIMER-All India,UR
0,88,Pondicherry,"JIPMER, Puducherry",GENERAL SURGERY,JIPMER-All India,OBC
0,89,Chandigarh,"PGIMER, Chandigarh",DERMATOLOGY,PGIMER-All India,UR
0,90,West Bengal,"AIIMS, Kalyani",RADIO DIAGNOSIS,AIIMS-All India,UR
0,91,Andhra Pradesh,"AIIMS, Mangalagiri",GENERAL MEDICINE,AIIMS-All India,UR
0,92,Chandigarh,"PGIMER, Chandigarh",PAEDIATRICS,PGIMER-All India,UR
0,93,Odisha,"AIIMS, Bhubaneswar",RADIO DIAGNOSIS,AIIMS-All India,OBC
0,94,Andhra Pradesh,"AIIMS, Mangalagiri",GENERAL MEDICINE,AIIMS-All India,UR
0,95,Chandigarh,"PGIMER, Chandigarh",ORTHOPAEDICS,PGIMER-All India,UR
0,96,Delhi,"AIIMS, Delhi",OPHTHALMOLOGY,AIIMS-All India,UR
0,97,Delhi,"AIIMS, Delhi",RADIO DIAGNOSIS,AIIMS-Inst. Pref,UR-AIIMS-IP
0,98,Chandigarh,"PGIMER, Chandigarh",GENERAL SURGERY,PGIMER-All India,UR
0,99,Chandigarh,"PGIMER, Chandigarh",DERMATOLOGY,PGIMER-All India,UR
0,100,Himachal Pradesh,"AIIMS, Bilaspur, Himachal",GENERAL MEDICINE,AIIMS-All India,UR
0,102,Bihar,"AIIMS, Patna",RADIO DIAGNOSIS,AIIMS-All India,OBC
0,103,Chandigarh,"PGIMER, Chandigarh",GENERAL MEDICINE,PGIMER-All India,OBC
0,104,Odisha,"AIIMS, Bhubaneswar",DERMATOLOGY,AIIMS-All India,UR
0,106,Chandigarh,"PGIMER, Chandigarh",GENERAL MEDICINE,PGIMER-All India,OBC
0,108,Pondicherry,"JIPMER, Puducherry",GENERAL SURGERY,JIPMER-All India,UR
0,109,Uttar Pradesh,"AIIMS, Rai Bareli",GENERAL MEDICINE,AIIMS-All India,UR
0,110,Karnataka,"NIMHANS, Bangalore",NEUROLOGY 6 YRS,NIMHANS-All India,UR
0,111,Chandigarh,"PGIMER, Chandigarh",PAEDIATRICS,PGIMER-All India,UR
0,112,Pondicherry,"JIPMER, Puducherry",DERMATOLOGY,JIPMER-All India,OBC
0,113,Madhya Pradesh,"AIIMS, Bhopal",GENERAL MEDICINE,AIIMS-All India,OBC
0,114,Delhi,"AIIMS, Delhi",OBG,AIIMS-All India,UR
0,115,Chhattisgarh,"AIIMS, Raipur",GENERAL MEDICINE,AIIMS-All India,OBC
0,116,Chandigarh,"PGIMER, Chandigarh",PAEDIATRICS,PGIMER-All India,UR
0,117,Himachal Pradesh,"AIIMS, Bilaspur, Himachal",GENERAL MEDICINE,AIIMS-All India,UR
0,118,Andhra Pradesh,"AIIMS, Mangalagiri",RADIO DIAGNOSIS,AIIMS-All India,UR
0,119,Delhi,"AIIMS, Delhi",OBG,AIIMS-All India,UR
0,120,Uttarakhand,"AIIMS, Rishikesh",GENERAL MEDICINE,AIIMS-All India,OBC
0,121,Himachal Pradesh,"AIIMS, Bilaspur, Himachal",RADIO DIAGNOSIS,AIIMS-All India,UR
0,122,Himachal Pradesh,"AIIMS, Bilaspur, Himachal",RADIO DIAGNOSIS,AIIMS-All India,UR
0,123,West Bengal,"AIIMS, Kalyani",RADIO DIAGNOSIS,AIIMS-All India,UR
0,124,Rajasthan,"AIIMS, Jodhpur",GENERAL MEDICINE,AIIMS-All India,OBC
0,125,Chhattisgarh,"AIIMS, Raipur",DERMATOLOGY,AIIMS-All India,UR
0,127,Delhi,"AIIMS, Delhi",OPHTHALMOLOGY,AIIMS-All India,UR
0,128,Uttarakhand,"AIIMS, Rishikesh",UROLOGY (6 YRS),AIIMS-All India,UR
0,130,Chandigarh,"PGIMER, Chandigarh",PAEDIATRICS,PGIMER-All India,UR
0,131,Uttar Pradesh,"AIIMS, Gorakhpur",GENERAL MEDICINE,AIIMS-All India,UR
0,132,Chandigarh,"PGIMER, Chandigarh",PAEDIATRICS,PGIMER-All India,UR
0,133,Chandigarh,"PGIMER, Chandigarh",PAEDIATRICS,PGIMER-All India,UR
0,134,Jammu and Kashmir,"AIIMS, Jammu",RADIO DIAGNOSIS,AIIMS-All India,UR
0,135,Pondicherry,"JIPMER, Puducherry",TBRD,JIPMER-All India,UR
0,136,Uttarakhand,"AIIMS, Rishikesh",GENERAL MEDICINE,AIIMS-All India,EWS
0,137,Odisha,"AIIMS, Bhubaneswar",GENERAL MEDICINE,AIIMS-All India,EWS
0,138,Assam,"AIIMS, Guwahati",GENERAL MEDICINE,AIIMS-All India,UR
0,139,Rajasthan,"AIIMS, Jodhpur",DERMATOLOGY,AIIMS-Inst. Pref,UR-AIIMS-IP
0,141,Karnataka,"NIMHANS, Bangalore",PSYCHIATRY,NIMHANS-All India,UR
0,142,Maharashtra,"AIIMS, Nagpur",RADIO DIAGNOSIS,AIIMS-All India,OBC
0,143,Delhi,"AIIMS, Delhi",INECTIOUS DISEASES 6 YRS,AIIMS-All India,UR
0,144,Delhi,"AIIMS, Delhi",GENERAL SURGERY,AIIMS-Inst. Pref,UR-AIIMS-IP
0,145,Andhra Pradesh,"AIIMS, Mangalagiri",DERMATOLOGY,AIIMS-All India,UR
0,146,Chandigarh,"PGIMER, Chandigarh",OPHTHALMOLOGY,PGIMER-All India,UR
0,148,Chandigarh,"PGIMER, Chandigarh",ORTHOPAEDICS,PGIMER-All India,UR
0,149,Chandigarh,"PGIMER, Chandigarh",ORTHOPAEDICS,PGIMER-All India,UR
0,150,Uttarakhand,"AIIMS, Rishikesh",NEUROSURGERY 6 YRS,AIIMS-All India,UR
0,151,Pondicherry,"JIPMER, Puducherry",RADIO DIAGNOSIS,JIMPER-Inst. Pref,INST (JIPMER)
0,152,Rajasthan,"AIIMS, Jodhpur",NEUROSURGERY 6 YRS,AIIMS-All India,UR
0,153,Rajasthan,"AIIMS, Jodhpur",GENERAL SURGERY,AIIMS-All India,UR
0,154,Pondicherry,"JIPMER, Puducherry",GENERAL SURGERY,JIPMER-All India,UR
0,155,Maharashtra,"AIIMS, Nagpur",NUCLEAR MEDICINE,AIIMS-All India,UR
0,157,Chhattisgarh,"AIIMS, Raipur",RADIO DIAGNOSIS,AIIMS-Inst. Pref,UR-AIIMS-IP
0,158,Delhi,"AIIMS, Delhi",ENT,AIIMS-All India,UR
0,159,Rajasthan,"AIIMS, Jodhpur",NEUROSURGERY 6 YRS,AIIMS-All India,UR
0,160,Bihar,"AIIMS, Patna",GENERAL MEDICINE,AIIMS-All India,OBC
0,161,Chandigarh,"PGIMER, Chandigarh",PAEDIATRICS,PGIMER-All India,UR
0,164,Pondicherry,"JIPMER, Puducherry",PAEDIATRICS,JIPMER-All India,OBC
0,165,Madhya Pradesh,"AIIMS, Bhopal",PAEDIATRICS,AIIMS-All India,UR
0,166,Uttarakhand,"AIIMS, Rishikesh",OBG,AIIMS-All India,UR
0,167,Jammu and Kashmir,"AIIMS, Jammu",GENERAL MEDICINE,AIIMS-All India,UR
0,168,Maharashtra,"AIIMS, Nagpur",GENERAL MEDICINE,AIIMS-Inst. Pref,UR-AIIMS-IP
0,169,Madhya Pradesh,"AIIMS, Bhopal",GENERAL MEDICINE,AIIMS-All India,OBC
0,170,Assam,"AIIMS, Guwahati",GENERAL MEDICINE,AIIMS-All India,UR
0,172,Odisha,"AIIMS, Bhubaneswar",GENERAL MEDICINE,AIIMS-All India,OBC
0,174,Odisha,"AIIMS, Bhubaneswar",OBG,AIIMS-All India,UR
0,176,Madhya Pradesh,"AIIMS, Bhopal",GENERAL MEDICINE,AIIMS-Inst. Pref,UR-AIIMS-IP
0,177,Pondicherry,"JIPMER, Puducherry",PAEDIATRICS,JIPMER-All India,OBC
0,178,Delhi,"AIIMS, Delhi",PSYCHIATRY,AIIMS-All India,UR
0,179,Andhra Pradesh,"AIIMS, Mangalagiri",RADIO DIAGNOSIS,AIIMS-All India,OBC
0,180,Delhi,"AIIMS, Delhi",GENERAL SURGERY,AIIMS-All India,OBC
0,181,Chandigarh,"PGIMER, Chandigarh",OBG,PGIMER-All India,UR
0,182,Punjab,"AIIMS, Bathinda",GENERAL MEDICINE,AIIMS-All India,OBC
0,183,Delhi,"AIIMS, Delhi",GENERAL MEDICINE,AIIMS-All India,SC
0,184,Karnataka,"NIMHANS, Bangalore",PSYCHIATRY,NIMHANS-All India,UR
0,186,Punjab,"AIIMS, Bathinda",RADIO DIAGNOSIS,AIIMS-All India,EWS
0,187,Uttarakhand,"AIIMS, Rishikesh",NEUROSURGERY 6 YRS,AIIMS-All India,UR
0,188,Chandigarh,"PGIMER, Chandigarh",GENERAL SURGERY,PGIMER-All India,UR
0,189,Delhi,"AIIMS, Delhi",PAEDIATRICS,AIIMS-All India,EWS
0,190,Rajasthan,"AIIMS, Jodhpur",PAEDIATRICS,AIIMS-All India,UR
0,191,Bihar,"AIIMS, Patna",DERMATOLOGY,AIIMS-All India,UR
0,192,Madhya Pradesh,"AIIMS, Bhopal",PAEDIATRICS,AIIMS-All India,UR
0,194,Jharkhand,"AIIMS, Deoghar",GENERAL MEDICINE,AIIMS-All India,UR
0,196,Jharkhand,"AIIMS, Deoghar",GENERAL MEDICINE,AIIMS-All India,OBC
0,198,Delhi,"AIIMS, Delhi",OBG,AIIMS-All India,OBC
0,199,Pondicherry,"JIPMER, Puducherry",RADIATION ONCOLOGY,JIPMER-All India,OBC
0,200,Chhattisgarh,"AIIMS, Raipur",PAEDIATRICS,AIIMS-All India,UR
0,201,Pondicherry,"JIPMER, Puducherry",OBG,JIPMER-All India,UR
0,202,Uttar Pradesh,"AIIMS, Gorakhpur",DERMATOLOGY,AIIMS-All India,UR
0,204,Chandigarh,"PGIMER, Chandigarh",OPHTHALMOLOGY,PGIMER-All India,UR
0,206,Delhi,"AIIMS, Delhi",RADIATION ONCOLOGY,AIIMS-All India,UR
0,207,Assam,"AIIMS, Guwahati",GENERAL MEDICINE,AIIMS-All India,UR
0,208,Chhattisgarh,"AIIMS, Raipur",GENERAL MEDICINE,AIIMS-All India,OBC
0,210,Chandigarh,"PGIMER, Chandigarh",GENERAL SURGERY,PGIMER-All India,UR
0,212,Pondicherry,"JIPMER, Puducherry",GENERAL SURGERY,JIPMER-All India,UR
0,214,Delhi,"AIIMS, Delhi",DERMATOLOGY,AIIMS-All India,OBC
0,216,Maharashtra,"AIIMS, Nagpur",PAEDIATRICS,AIIMS-All India,UR
0,217,Rajasthan,"AIIMS, Jodhpur",ORTHOPAEDICS,AIIMS-All India,UR
0,218,Rajasthan,"AIIMS, Jodhpur",OPHTHALMOLOGY,AIIMS-All India,UR
0,219,Delhi,"AIIMS, Delhi",PAEDIATRICS,AIIMS-All India,OBC
0,220,Chhattisgarh,"AIIMS, Raipur",GENERAL MEDICINE,AIIMS-All India,OBC
0,221,Pondicherry,"JIPMER, Puducherry",OPHTHALMOLOGY,JIPMER-All India,UR
0,224,Chhattisgarh,"AIIMS, Raipur",GENERAL MEDICINE,AIIMS-All India,EWS
0,225,Delhi,"AIIMS, Delhi",PAEDIATRICS,AIIMS-All India,OBC
0,226,Odisha,"AIIMS, Bhubaneswar",ORTHOPAEDICS,AIIMS-All India,UR
0,227,Chandigarh,"PGIMER, Chandigarh",PAEDIATRICS,PGIMER-All India,OBC
0,228,Jammu and Kashmir,"AIIMS, Jammu",DERMATOLOGY,AIIMS-All India,UR
0,229,Andhra Pradesh,"AIIMS, Mangalagiri",NUCLEAR MEDICINE,AIIMS-All India,UR
0,230,Maharashtra,"AIIMS, Nagpur",GENERAL MEDICINE,AIIMS-All India,EWS
0,232,Pondicherry,"JIPMER, Puducherry",DERMATOLOGY,JIPMER-All India,OBC
0,234,Chandigarh,"PGIMER, Chandigarh",GENERAL SURGERY,PGIMER-All India,UR
0,235,Uttarakhand,"AIIMS, Rishikesh",ORTHOPAEDICS,AIIMS-All India,UR
0,236,Bihar,"AIIMS, Patna",GENERAL MEDICINE,AIIMS-All India,EWS
0,237,Punjab,"AIIMS, Bathinda",PAEDIATRICS,AIIMS-All India,UR
0,238,Uttar Pradesh,"AIIMS, Gorakhpur",GENERAL MEDICINE,AIIMS-All India,EWS
0,240,Gujarat,"AIIMS, Rajkot",RADIO DIAGNOSIS,AIIMS-All India,EWS
0,241,Pondicherry,"JIPMER, Puducherry",OBG,JIPMER-All India,UR
0,242,Pondicherry,"JIPMER, Puducherry",GENERAL SURGERY,JIPMER-All India,UR
0,243,Delhi,"AIIMS, Delhi",PSYCHIATRY,AIIMS-All India,UR
0,245,Himachal Pradesh,"AIIMS, Bilaspur, Himachal",RADIO DIAGNOSIS,AIIMS-All India,EWS
0,246,Pondicherry,"JIPMER, Puducherry",PAEDIATRICS,JIPMER-All India,OBC
0,247,Chhattisgarh,"AIIMS, Raipur",OBG,AIIMS-All India,UR
0,248,Delhi,"AIIMS, Delhi",DERMATOLOGY,AIIMS-Inst. Pref,UR-AIIMS-IP
0,249,Pondicherry,"JIPMER, Puducherry",RADIATION ONCOLOGY,JIPMER-All India,OBC
0,250,Pondicherry,"JIPMER, Puducherry",OBG,JIPMER-All India,OBC
0,251,Delhi,"AIIMS, Delhi",GENERAL SURGERY,AIIMS-All India,OBC
0,252,Chandigarh,"PGIMER, Chandigarh",GENERAL SURGERY,PGIMER-All India,UR
0,253,Chandigarh,"PGIMER, Chandigarh",GENERAL SURGERY,PGIMER-All India,UR
0,254,Maharashtra,"AIIMS, Nagpur",ORTHOPAEDICS,AIIMS-All India,UR
0,256,Punjab,"AIIMS, Bathinda",PAEDIATRICS,AIIMS-All India,UR
0,257,Maharashtra,"AIIMS, Nagpur",GENERAL MEDICINE,AIIMS-All India,OBC
0,258,Delhi,"AIIMS, Delhi",DERMATOLOGY,AIIMS-All India,EWS
0,259,Madhya Pradesh,"AIIMS, Bhopal",PAEDIATRICS,AIIMS-All India,OBC
0,261,Karnataka,"NIMHANS, Bangalore",PSYCHIATRY,NIMHANS-All India,UR
0,263,Uttarakhand,"AIIMS, Rishikesh",GENERAL SURGERY,AIIMS-All India,UR
0,264,Chandigarh,"PGIMER, Chandigarh",PAEDIATRICS,PGIMER-All India,OBC
0,266,Himachal Pradesh,"AIIMS, Bilaspur, Himachal",PAEDIATRICS,AIIMS-All India,UR
0,267,Chandigarh,"PGIMER, Chandigarh",RADIATION ONCOLOGY,PGIMER-All India,UR
0,268,Andhra Pradesh,"AIIMS, Mangalagiri",PAEDIATRICS,AIIMS-All India,OBC
0,269,Punjab,"AIIMS, Bathinda",PAEDIATRICS,AIIMS-All India,UR
0,270,Himachal Pradesh,"AIIMS, Bilaspur, Himachal",RADIO DIAGNOSIS,AIIMS-All India,OBC
0,272,Chhattisgarh,"AIIMS, Raipur",ORTHOPAEDICS,AIIMS-All India,UR
0,273,Uttar Pradesh,"AIIMS, Rai Bareli",PAEDIATRICS,AIIMS-All India,UR
0,274,Uttarakhand,"AIIMS, Rishikesh",PAEDIATRICS,AIIMS-All India,EWS
0,275,Chhattisgarh,"AIIMS, Raipur",RADIATION ONCOLOGY,AIIMS-All India,UR
0,276,Chhattisgarh,"AIIMS, Raipur",GENERAL SURGERY,AIIMS-All India,UR
0,277,Rajasthan,"AIIMS, Jodhpur",INECTIOUS DISEASES 6 YRS,AIIMS-All India,UR
0,278,Pondicherry,"JIPMER, Puducherry",ORTHOPAEDICS,JIPMER-All India,UR
0,279,Maharashtra,"AIIMS, Nagpur",DERMATOLOGY,AIIMS-All India,EWS
0,280,Uttar Pradesh,"AIIMS, Rai Bareli",PAEDIATRICS,AIIMS-All India,UR
0,281,Maharashtra,"AIIMS, Nagpur",GENERAL MEDICINE,AIIMS-All India,OBC
0,282,Uttarakhand,"AIIMS, Rishikesh",GENERAL SURGERY,AIIMS-All India,UR
0,283,Delhi,"AIIMS, Delhi",PSYCHIATRY,AIIMS-All India,UR
0,284,Pondicherry,"JIPMER, Puducherry",TBRD,JIPMER-All India,OBC
0,285,Uttarakhand,"AIIMS, Rishikesh",GENERAL SURGERY,AIIMS-All India,UR
0,286,Chandigarh,"PGIMER, Chandigarh",OBG,PGIMER-All India,UR
0,287,Delhi,"AIIMS, Delhi",OBG,AIIMS-All India,OBC
0,288,Delhi,"AIIMS, Delhi",OBG,AIIMS-All India,OBC
0,290,Delhi,"AIIMS, Delhi",ANAESTHESIOLOGY,AIIMS-All India,UR
0,292,Chandigarh,"PGIMER, Chandigarh",NUCLEAR MEDICINE,PGIMER-All India,OBC
0,293,Pondicherry,"JIPMER, Puducherry",PAEDIATRICS,JIPMER-All India,EWS
0,294,Odisha,"AIIMS, Bhubaneswar",PAEDIATRICS,AIIMS-All India,OBC
0,295,Assam,"AIIMS, Guwahati",PAEDIATRICS,AIIMS-All India,UR
0,296,Punjab,"AIIMS, Bathinda",ORTHOPAEDICS,AIIMS-All India,UR
0,297,Chandigarh,"PGIMER, Chandigarh",ANAESTHESIOLOGY,PGIMER-All India,UR
0,298,Uttar Pradesh,"AIIMS, Rai Bareli",GENERAL MEDICINE,AIIMS-All India,OBC
0,299,Bihar,"AIIMS, Patna",ORTHOPAEDICS,AIIMS-All India,UR
0,300,Jharkhand,"AIIMS, Deoghar",PAEDIATRICS,AIIMS-All India,UR
0,301,Assam,"AIIMS, Guwahati",GENERAL MEDICINE,AIIMS-All India,OBC
0,302,Chandigarh,"PGIMER, Chandigarh",PAEDIATRICS,PGIMER-All India,OBC
0,303,Punjab,"AIIMS, Bathinda",OPHTHALMOLOGY,AIIMS-All India,UR
0,304,Delhi,"AIIMS, Delhi",ANAESTHESIOLOGY,AIIMS-All India,UR
0,305,Uttarakhand,"AIIMS, Rishikesh",NUCLEAR MEDICINE,AIIMS-All India,OBC
0,306,Bihar,"AIIMS, Patna",GENERAL SURGERY,AIIMS-All India,UR
0,307,Delhi,"AIIMS, Delhi",GENERAL SURGERY,AIIMS-All India,OBC
0,308,Pondicherry,"JIPMER, Puducherry",TBRD,JIPMER-All India,OBC
0,309,Jharkhand,"AIIMS, Deoghar",PAEDIATRICS,AIIMS-All India,UR
0,310,Karnataka,"NIMHANS, Bangalore",PSYCHIATRY,NIMHANS-All India,UR
0,311,Pondicherry,"JIPMER, Puducherry",RADIO DIAGNOSIS,JIPMER-All India,SC
0,313,Chandigarh,"PGIMER, Chandigarh",PAEDIATRICS,PGIMER-All India,OBC
0,314,Chandigarh,"PGIMER, Chandigarh",OBG,PGIMER-All India,UR
0,316,Chandigarh,"PGIMER, Chandigarh",ANAESTHESIOLOGY,PGIMER-All India,UR
0,318,Andhra Pradesh,"AIIMS, Mangalagiri",DERMATOLOGY,AIIMS-All India,OBC
0,319,Rajasthan,"AIIMS, Jodhpur",DERMATOLOGY,AIIMS-All India,OBC
0,320,Karnataka,"NIMHANS, Bangalore",PSYCHIATRY,NIMHANS-All India,UR
0,321,Chhattisgarh,"AIIMS, Raipur",ORTHOPAEDICS,AIIMS-All India,UR
0,322,Maharashtra,"AIIMS, Nagpur",PLASTIC SURGERY 6 YRS,AIIMS-All India,UR
0,323,Andhra Pradesh,"AIIMS, Mangalagiri",ORTHOPAEDICS,AIIMS-All India,UR
0,325,Odisha,"AIIMS, Bhubaneswar",DERMATOLOGY,AIIMS-All India,OBC
0,328,Chandigarh,"PGIMER, Chandigarh",OBG,PGIMER-All India,UR
0,330,Chandigarh,"PGIMER, Chandigarh",ANAESTHESIOLOGY,PGIMER-All India,UR
0,331,Uttarakhand,"AIIMS, Rishikesh",EMERGENCY MEDICINE,AIIMS-All India,UR
0,333,Chandigarh,"PGIMER, Chandigarh",PAEDIATRICS,PGIMER-All India,OBC
0,334,Karnataka,"NIMHANS, Bangalore",PSYCHIATRY,NIMHANS-All India,UR
0,336,Uttarakhand,"AIIMS, Rishikesh",PAEDIATRICS,AIIMS-All India,OBC
0,337,Andhra Pradesh,"AIIMS, Mangalagiri",GENERAL SURGERY,AIIMS-All India,UR
0,338,Rajasthan,"AIIMS, Jodhpur",OBG,AIIMS-All India,UR
0,339,Rajasthan,"AIIMS, Jodhpur",PAEDIATRICS,AIIMS-All India,EWS
0,340,Delhi,"AIIMS, Delhi",GERIATRICS,AIIMS-All India,UR
0,341,Odisha,"AIIMS, Bhubaneswar",RADIATION ONCOLOGY,AIIMS-All India,UR
0,342,Jammu and Kashmir,"AIIMS, Jammu",GENERAL MEDICINE,AIIMS-All India,OBC
0,343,Karnataka,"NIMHANS, Bangalore",PSYCHIATRY,NIMHANS-All India,UR
0,344,Delhi,"AIIMS, Delhi",OBG,AIIMS-All India,EWS
0,346,Uttarakhand,"AIIMS, Rishikesh",OBG,AIIMS-All India,EWS
0,347,Madhya Pradesh,"AIIMS, Bhopal",EMERGENCY MEDICINE,AIIMS-All India,UR
0,348,Madhya Pradesh,"AIIMS, Bhopal",NUCLEAR MEDICINE,AIIMS-All India,OBC
0,349,Madhya Pradesh,"AIIMS, Bhopal",DERMATOLOGY,AIIMS-All India,OBC
0,350,Pondicherry,"JIPMER, Puducherry",OBG,JIPMER-All India,OBC
0,351,Maharashtra,"AIIMS, Nagpur",NEUROSURGERY 6 YRS,AIIMS-All India,UR
0,353,Rajasthan,"AIIMS, Jodhpur",GENERAL SURGERY,AIIMS-All India,OBC
0,354,Bihar,"AIIMS, Patna",GENERAL SURGERY,AIIMS-All India,UR
0,355,Maharashtra,"AIIMS, Nagpur",NEUROSURGERY 6 YRS,AIIMS-All India,UR
0,360,Madhya Pradesh,"AIIMS, Bhopal",DERMATOLOGY,AIIMS-Inst. Pref,UR-AIIMS-IP
0,361,Uttar Pradesh,"AIIMS, Gorakhpur",GENERAL SURGERY,AIIMS-All India,UR
0,362,Kerala,"Sree Chirtra Thirunal, Triv.",IHBT,SCTIMST-All India,UR
0,363,Chandigarh,"PGIMER, Chandigarh",PSYCHIATRY,PGIMER-All India,UR
0,364,Jharkhand,"AIIMS, Deoghar",GENERAL MEDICINE,AIIMS-All India,EWS
0,367,Pondicherry,"JIPMER, Puducherry",RADIATION ONCOLOGY,JIPMER-All India,UR
0,370,Delhi,"AIIMS, Delhi",OBG,AIIMS-All India,OBC
0,372,Punjab,"AIIMS, Bathinda",NEUROSURGERY 6 YRS,AIIMS-All India,UR
0,373,Bihar,"AIIMS, Patna",OBG,AIIMS-All India,UR
0,374,Delhi,"AIIMS, Delhi",ORTHOPAEDICS,AIIMS-All India,OBC
0,375,Karnataka,"NIMHANS, Bangalore",PSYCHIATRY,NIMHANS-All India,UR
0,376,Chandigarh,"PGIMER, Chandigarh",ORTHOPAEDICS,PGIMER-All India,OBC
0,377,Pondicherry,"JIPMER, Puducherry",ENT,JIPMER-All India,UR
0,378,Delhi,"AIIMS, Delhi",GENERAL SURGERY,AIIMS-All India,EWS
0,379,Uttar Pradesh,"AIIMS, Rai Bareli",GENERAL SURGERY,AIIMS-All India,UR
0,380,Pondicherry,"JIPMER, Puducherry",RADIO DIAGNOSIS,JIMPER-Inst. Pref,INST (JIPMER)
0,381,Chandigarh,"PGIMER, Chandigarh",ANAESTHESIOLOGY,PGIMER-All India,UR
0,383,Delhi,"AIIMS, Delhi",GERIATRICS,AIIMS-All India,UR
0,384,Madhya Pradesh,"AIIMS, Bhopal",PAEDIATRICS,AIIMS-All India,EWS
0,386,Chandigarh,"PGIMER, Chandigarh",GENERAL SURGERY,PGIMER-All India,OBC
0,387,Pondicherry,"JIPMER, Puducherry",OPHTHALMOLOGY,JIPMER-All India,UR
0,389,Rajasthan,"AIIMS, Jodhpur",PAEDIATRICS,AIIMS-All India,OBC
0,390,Pondicherry,"JIPMER, Puducherry",EMERGENCY MEDICINE,JIPMER-All India,OBC
0,391,Uttarakhand,"AIIMS, Rishikesh",TBRD,AIIMS-All India,EWS
0,392,Maharashtra,"AIIMS, Nagpur",DERMATOLOGY,AIIMS-All India,OBC
0,393,Punjab,"AIIMS, Bathinda",RADIO DIAGNOSIS,AIIMS-All India,OBC
0,395,Uttarakhand,"AIIMS, Rishikesh",ENT,AIIMS-All India,UR
0,399,Madhya Pradesh,"AIIMS, Bhopal",OPHTHALMOLOGY,AIIMS-All India,UR
0,401,Assam,"AIIMS, Guwahati",RADIO DIAGNOSIS,AIIMS-All India,OBC
0,402,Himachal Pradesh,"AIIMS, Bilaspur, Himachal",GENERAL SURGERY,AIIMS-All India,UR
0,405,Uttar Pradesh,"AIIMS, Rai Bareli",NEUROSURGERY 6 YRS,AIIMS-All India,UR
0,407,Chhattisgarh,"AIIMS, Raipur",PAEDIATRICS,AIIMS-All India,OBC
0,408,Madhya Pradesh,"AIIMS, Bhopal",OBG,AIIMS-All India,EWS
0,409,Bihar,"AIIMS, Patna",PAEDIATRICS,AIIMS-All India,OBC
0,411,Uttarakhand,"AIIMS, Rishikesh",PAEDIATRIC SURGERY 6 YRS,AIIMS-All India,UR
0,412,Odisha,"AIIMS, Bhubaneswar",ORTHOPAEDICS,AIIMS-Inst. Pref,UR-AIIMS-IP
0,413,Karnataka,"NIMHANS, Bangalore",PSYCHIATRY,NIMHANS-All India,UR
0,414,Chandigarh,"PGIMER, Chandigarh",ENT,PGIMER-All India,UR
0,415,Pondicherry,"JIPMER, Puducherry",OBG,JIPMER-All India,OBC
0,416,Chandigarh,"PGIMER, Chandigarh",ENT,PGIMER-All India,UR
0,417,Delhi,"AIIMS, Delhi",NUCLEAR MEDICINE,AIIMS-Inst. Pref,UR-AIIMS-IP
0,419,Bihar,"AIIMS, Patna",SURGGASTRO (6 YRS),AIIMS-Inst. Pref,UR-AIIMS-IP
0,421,Delhi,"AIIMS, Delhi",GERIATRICS,AIIMS-All India,UR
0,423,Pondicherry,"JIPMER, Puducherry",GERIATRICS,JIPMER-All India,UR
0,424,Karnataka,"NIMHANS, Bangalore",PSYCHIATRY,NIMHANS-All India,UR
0,425,Maharashtra,"AIIMS, Nagpur",OBG,AIIMS-All India,UR
0,427,Punjab,"AIIMS, Bathinda",PLASTIC SURGERY 6 YRS,AIIMS-All India,UR
0,428,Karnataka,"NIMHANS, Bangalore",PSYCHIATRY,NIMHANS-All India,UR
0,429,Pondicherry,"JIPMER, Puducherry",GENERAL SURGERY,JIPMER-All India,OBC
0,430,Bihar,"AIIMS, Patna",RADIATION ONCOLOGY,AIIMS-All India,UR
0,431,Delhi,"AIIMS, Delhi",NUCLEAR MEDICINE,AIIMS-Inst. Pref,UR-AIIMS-IP
0,432,Uttar Pradesh,"AIIMS, Rai Bareli",OBG,AIIMS-All India,UR
0,433,Uttar Pradesh,"AIIMS, Gorakhpur",RADIO DIAGNOSIS,AIIMS-All India,OBC
0,434,Chandigarh,"PGIMER, Chandigarh",PSYCHIATRY,PGIMER-All India,UR
0,435,Delhi,"AIIMS, Delhi",GENERAL MEDICINE,AIIMS-All India,SC
0,436,Pondicherry,"JIPMER, Puducherry",GENERAL MEDICINE,JIMPER-Inst. Pref,INST (JIPMER)
0,437,Chandigarh,"PGIMER, Chandigarh",PSYCHIATRY,PGIMER-All India,UR
0,447,Bihar,"AIIMS, Patna",OBG,AIIMS-All India,OBC
0,449,Pondicherry,"JIPMER, Puducherry",PAEDIATRICS,JIPMER-All India,EWS
0,450,Andhra Pradesh,"AIIMS, Mangalagiri",OBG,AIIMS-All India,UR
0,451,Maharashtra,"AIIMS, Nagpur",PAEDIATRICS,AIIMS-All India,OBC
0,452,Maharashtra,"AIIMS, Nagpur",ORTHOPAEDICS,AIIMS-All India,UR
0,453,Delhi,"AIIMS, Delhi",DERMATOLOGY,AIIMS-All India,SC
0,454,Punjab,"AIIMS, Bathinda",OBG,AIIMS-All India,UR
0,455,Maharashtra,"AIIMS, Nagpur",PAEDIATRICS,AIIMS-All India,OBC
0,456,Himachal Pradesh,"AIIMS, Bilaspur, Himachal",DERMATOLOGY,AIIMS-All India,EWS
0,457,Odisha,"AIIMS, Bhubaneswar",ENT,AIIMS-All India,UR
0,459,Delhi,"AIIMS, Delhi",OPHTHALMOLOGY,AIIMS-All India,OBC
0,460,Karnataka,"NIMHANS, Bangalore",PSYCHIATRY,NIMHANS-NE Domicile,UR-North East Domicile
0,463,Bihar,"AIIMS, Patna",PAEDIATRICS,AIIMS-All India,EWS
0,464,Delhi,"AIIMS, Delhi",RADIATION ONCOLOGY,AIIMS-All India,OBC
0,465,Uttarakhand,"AIIMS, Rishikesh",GENERAL MEDICINE,AIIMS-Inst. Pref,UR-AIIMS-IP
0,466,Chandigarh,"PGIMER, Chandigarh",GENERAL SURGERY,PGIMER-All India,OBC
0,467,Chandigarh,"PGIMER, Chandigarh",ANAESTHESIOLOGY,PGIMER-All India,UR
0,470,Uttar Pradesh,"AIIMS, Gorakhpur",OBG,AIIMS-All India,UR
0,474,Telangana,"AIIMS, Bibinagar",OBG,AIIMS-All India,UR
0,475,Chandigarh,"PGIMER, Chandigarh",GENERAL SURGERY,PGIMER-All India,OBC
0,477,Himachal Pradesh,"AIIMS, Bilaspur, Himachal",GENERAL MEDICINE,AIIMS-Inst. Pref,UR-AIIMS-IP
0,479,Gujarat,"AIIMS, Rajkot",ORTHOPAEDICS,AIIMS-All India,UR
0,480,Pondicherry,"JIPMER, Puducherry",NUCLEAR MEDICINE,JIMPER-Inst. Pref,INST (JIPMER)
0,481,West Bengal,"AIIMS, Kalyani",EMERGENCY MEDICINE,AIIMS-All India,UR
0,483,Pondicherry,"JIPMER, Puducherry",TBRD,JIPMER-All India,EWS
0,487,Rajasthan,"AIIMS, Jodhpur",RADIOTHERAPY & ONCOLOGY 6 YRS,AIIMS-Inst. Pref,UR-AIIMS-IP
0,488,Punjab,"AIIMS, Bathinda",PAEDIATRICS,AIIMS-All India,OBC
0,489,Delhi,"AIIMS, Delhi",RADIATION ONCOLOGY,AIIMS-All India,OBC
0,490,Rajasthan,"AIIMS, Jodhpur",PSYCHIATRY,AIIMS-All India,UR
0,491,Uttarakhand,"AIIMS, Rishikesh",GENERAL SURGERY,AIIMS-All India,OBC
0,494,Pondicherry,"JIPMER, Puducherry",EMERGENCY MEDICINE,JIPMER-All India,OBC
0,497,Madhya Pradesh,"AIIMS, Bhopal",ORTHOPAEDICS,AIIMS-Inst. Pref,UR-AIIMS-IP
0,498,Himachal Pradesh,"AIIMS, Bilaspur, Himachal",GENERAL SURGERY,AIIMS-All India,UR
0,499,Assam,"AIIMS, Guwahati",OBG,AIIMS-All India,UR
0,501,Uttar Pradesh,"AIIMS, Gorakhpur",ENT,AIIMS-All India,UR
0,502,Gujarat,"AIIMS, Rajkot",PAEDIATRICS,AIIMS-All India,OBC
0,505,Delhi,"AIIMS, Delhi",PSYCHIATRY,AIIMS-All India,EWS
0,506,Jharkhand,"AIIMS, Deoghar",OBG,AIIMS-All India,UR
0,508,Chandigarh,"PGIMER, Chandigarh",GENERAL SURGERY,PGIMER-All India,OBC
0,509,Gujarat,"AIIMS, Rajkot",OPHTHALMOLOGY,AIIMS-All India,UR
0,510,Rajasthan,"AIIMS, Jodhpur",ORTHOPAEDICS,AIIMS-All India,EWS
0,511,Madhya Pradesh,"AIIMS, Bhopal",PAEDIATRICS,AIIMS-Inst. Pref,UR-AIIMS-IP
0,512,Delhi,"AIIMS, Delhi",PATHOLOGY,AIIMS-All India,UR
0,515,Punjab,"AIIMS, Bathinda",PAEDIATRICS,AIIMS-All India,OBC
0,516,Delhi,"AIIMS, Delhi",ENT,AIIMS-All India,OBC
0,517,Chhattisgarh,"AIIMS, Raipur",PAEDIATRICS,AIIMS-All India,EWS
0,518,Uttar Pradesh,"AIIMS, Gorakhpur",PAEDIATRICS,AIIMS-All India,EWS
0,519,Uttarakhand,"AIIMS, Rishikesh",PAEDIATRICS,AIIMS-Inst. Pref,UR-AIIMS-IP
0,522,Odisha,"AIIMS, Bhubaneswar",ANAESTHESIOLOGY,AIIMS-All India,UR
0,523,Pondicherry,"JIPMER, Puducherry",CARDIO THORACIC AND VASCULAR SURGERY 6 YRS,JIPMER-All India,UR
0,524,Andhra Pradesh,"AIIMS, Mangalagiri",ORTHOPAEDICS,AIIMS-All India,UR
0,526,Andhra Pradesh,"AIIMS, Mangalagiri",RADIO DIAGNOSIS,AIIMS-Inst. Pref,UR-AIIMS-IP
0,527,Delhi,"AIIMS, Delhi",ANAESTHESIOLOGY,AIIMS-All India,OBC
0,532,Rajasthan,"AIIMS, Jodhpur",PAEDIATRIC SURGERY 6 YRS,AIIMS-All India,UR
0,536,Assam,"AIIMS, Guwahati",DERMATOLOGY,AIIMS-All India,OBC
0,537,Jammu and Kashmir,"AIIMS, Jammu",GENERAL SURGERY,AIIMS-All India,UR
0,538,Pondicherry,"JIPMER, Puducherry",ANAESTHESIOLOGY,JIPMER-All India,UR
0,539,Pondicherry,"JIPMER, Puducherry",GENERAL SURGERY,JIPMER-All India,EWS
0,541,Telangana,"AIIMS, Bibinagar",RADIATION ONCOLOGY,AIIMS-All India,UR
0,544,Rajasthan,"AIIMS, Jodhpur",PAEDIATRICS,AIIMS-Inst. Pref,UR-AIIMS-IP
0,545,Chhattisgarh,"AIIMS, Raipur",PAEDIATRICS,AIIMS-Inst. Pref,UR-AIIMS-IP
0,547,Chhattisgarh,"AIIMS, Raipur",OBG,AIIMS-All India,OBC
0,550,Madhya Pradesh,"AIIMS, Bhopal",CARDIO THORACIC AND VASCULAR SURGERY 6 YRS,AIIMS-All India,UR
0,555,Himachal Pradesh,"AIIMS, Bilaspur, Himachal",PAEDIATRICS,AIIMS-All India,OBC
0,557,Himachal Pradesh,"AIIMS, Bilaspur, Himachal",PAEDIATRICS,AIIMS-All India,EWS
0,558,Uttar Pradesh,"AIIMS, Gorakhpur",PAEDIATRICS,AIIMS-All India,OBC
0,560,Delhi,"AIIMS, Delhi",OBG,AIIMS-Inst. Pref,UR-AIIMS-IP
0,562,Madhya Pradesh,"AIIMS, Bhopal",PAEDIATRIC SURGERY 6 YRS,AIIMS-All India,UR
0,566,Jammu and Kashmir,"AIIMS, Jammu",GENERAL SURGERY,AIIMS-All India,UR
0,567,Maharashtra,"AIIMS, Nagpur",ENT,AIIMS-All India,UR
0,568,Assam,"AIIMS, Guwahati",OBG,AIIMS-All India,UR
0,569,Maharashtra,"AIIMS, Nagpur",PATHOLOGY,AIIMS-All India,OBC
0,570,Jharkhand,"AIIMS, Deoghar",PAEDIATRICS,AIIMS-All India,OBC
0,573,Jharkhand,"AIIMS, Deoghar",GENERAL SURGERY,AIIMS-All India,UR
0,574,Pondicherry,"JIPMER, Puducherry",ANAESTHESIOLOGY,JIPMER-All India,OBC
0,575,Karnataka,"NIMHANS, Bangalore",PSYCHIATRY,NIMHANS-All India,OBC
0,577,Pondicherry,"JIPMER, Puducherry",EMERGENCY MEDICINE,JIPMER-All India,OBC
0,578,Madhya Pradesh,"AIIMS, Bhopal",GENERAL SURGERY,AIIMS-All India,OBC
0,580,Chandigarh,"PGIMER, Chandigarh",GENERAL MEDICINE,PGIMER-All India,SC
0,582,Pondicherry,"JIPMER, Puducherry",RADIO DIAGNOSIS,JIPMER-All India,SC
0,583,Karnataka,"NIMHANS, Bangalore",PSYCHIATRY,NIMHANS-All India,EWS
0,584,Andhra Pradesh,"AIIMS, Mangalagiri",OBG,AIIMS-All India,OBC
0,588,Chandigarh,"PGIMER, Chandigarh",ANAESTHESIOLOGY,PGIMER-All India,UR
0,589,Jharkhand,"AIIMS, Deoghar",PSYCHIATRY,AIIMS-All India,UR
0,594,Bihar,"AIIMS, Patna",CARDIO THORACIC AND VASCULAR SURGERY 6 YRS,AIIMS-All India,UR
0,597,Pondicherry,"JIPMER, Puducherry",ANAESTHESIOLOGY,JIPMER-All India,UR
0,599,Karnataka,"NIMHANS, Bangalore",PSYCHIATRY,NIMHANS-All India,OBC
0,600,Rajasthan,"AIIMS, Jodhpur",PAEDIATRIC SURGERY 6 YRS,AIIMS-All India,UR
0,604,Pondicherry,"JIPMER, Puducherry",NUCLEAR MEDICINE,JIMPER-Inst. Pref,INST (JIPMER)
0,610,Punjab,"AIIMS, Bathinda",CARDIO THORACIC AND VASCULAR SURGERY 6 YRS,AIIMS-All India,UR
0,611,Uttar Pradesh,"AIIMS, Rai Bareli",PAEDIATRICS,AIIMS-All India,OBC
0,613,Chandigarh,"PGIMER, Chandigarh",OBG,PGIMER-All India,OBC
0,618,Delhi,"AIIMS, Delhi",NEUROSURGERY 6 YRS,AIIMS-Inst. Pref,UR-AIIMS-IP
0,619,Karnataka,"NIMHANS, Bangalore",PSYCHIATRY,NIMHANS-All India,OBC
0,625,Chhattisgarh,"AIIMS, Raipur",PSYCHIATRY,AIIMS-All India,UR
0,626,Pondicherry,"JIPMER, Puducherry",PAEDIATRICS,JIMPER-Inst. Pref,INST (JIPMER)
0,627,Chandigarh,"PGIMER, Chandigarh",ANAESTHESIOLOGY,PGIMER-All India,UR
0,629,Andhra Pradesh,"AIIMS, Mangalagiri",GENERAL SURGERY,AIIMS-All India,OBC
0,630,Jammu and Kashmir,"AIIMS, Jammu",PAEDIATRICS,AIIMS-All India,OBC
0,631,Bihar,"AIIMS, Patna",EMERGENCY MEDICINE,AIIMS-All India,UR
0,632,Chandigarh,"PGIMER, Chandigarh",ANAESTHESIOLOGY,PGIMER-All India,UR
0,633,Andhra Pradesh,"AIIMS, Mangalagiri",EMERGENCY MEDICINE,AIIMS-All India,UR
0,634,Maharashtra,"AIIMS, Nagpur",ANAESTHESIOLOGY,AIIMS-All India,UR
0,636,Jammu and Kashmir,"AIIMS, Jammu",OBG,AIIMS-All India,UR
0,637,Bihar,"AIIMS, Patna",GENERAL SURGERY,AIIMS-All India,OBC
0,638,Delhi,"AIIMS, Delhi",ANAESTHESIOLOGY,AIIMS-All India,OBC
0,639,Delhi,"AIIMS, Delhi",COMMUNITY MEDICINE,AIIMS-All India,UR
0,640,Andhra Pradesh,"AIIMS, Mangalagiri",EMERGENCY MEDICINE,AIIMS-All India,UR
0,641,Rajasthan,"AIIMS, Jodhpur",ANAESTHESIOLOGY,AIIMS-All India,UR
0,645,Uttarakhand,"AIIMS, Rishikesh",ORTHOPAEDICS,AIIMS-All India,OBC
0,647,Rajasthan,"AIIMS, Jodhpur",RADIOTHERAPY & ONCOLOGY 6 YRS,AIIMS-Inst. Pref,UR-AIIMS-IP
0,648,Rajasthan,"AIIMS, Jodhpur",ORTHOPAEDICS,AIIMS-Inst. Pref,UR-AIIMS-IP
0,651,Maharashtra,"AIIMS, Nagpur",PSYCHIATRY,AIIMS-All India,UR
0,657,Delhi,"AIIMS, Delhi",RADIO DIAGNOSIS,AIIMS-All India,SC
0,658,Uttarakhand,"AIIMS, Rishikesh",PAEDIATRIC SURGERY 6 YRS,AIIMS-All India,UR
0,660,Pondicherry,"JIPMER, Puducherry",PAEDIATRICS,JIMPER-Inst. Pref,INST (JIPMER)
0,661,Pondicherry,"JIPMER, Puducherry",OBG,JIPMER-All India,EWS
0,662,Jharkhand,"AIIMS, Deoghar",OPHTHALMOLOGY,AIIMS-All India,UR
0,664,Punjab,"AIIMS, Bathinda",ORTHOPAEDICS,AIIMS-All India,UR
0,665,Delhi,"AIIMS, Delhi",OPHTHALMOLOGY,AIIMS-All India,OBC
0,666,Chandigarh,"PGIMER, Chandigarh",OBG,PGIMER-All India,OBC
0,667,Maharashtra,"AIIMS, Nagpur",EMERGENCY MEDICINE,AIIMS-All India,UR
0,668,Delhi,"AIIMS, Delhi",ORTHOPAEDICS,AIIMS-Inst. Pref,UR-AIIMS-IP
0,670,Punjab,"AIIMS, Bathinda",DERMATOLOGY,AIIMS-All India,EWS
0,672,Chhattisgarh,"AIIMS, Raipur",OBG,AIIMS-All India,EWS
0,675,Odisha,"AIIMS, Bhubaneswar",ANAESTHESIOLOGY,AIIMS-All India,UR
0,676,Rajasthan,"AIIMS, Jodhpur",OBG,AIIMS-All India,OBC
0,679,Assam,"AIIMS, Guwahati",RADIATION ONCOLOGY,AIIMS-All India,UR
0,680,Chandigarh,"PGIMER, Chandigarh",HOSPITAL ADMINISTRATION,PGIMER-All India,UR
0,683,Bihar,"AIIMS, Patna",ANAESTHESIOLOGY,AIIMS-All India,UR
0,684,Andhra Pradesh,"AIIMS, Mangalagiri",OPHTHALMOLOGY,AIIMS-All India,UR
0,686,Chandigarh,"PGIMER, Chandigarh",RADIO DIAGNOSIS,PGIMER-All India,SC
0,690,Chhattisgarh,"AIIMS, Raipur",ORTHOPAEDICS,AIIMS-All India,OBC
0,692,Bihar,"AIIMS, Patna",PAEDIATRIC SURGERY 6 YRS,AIIMS-All India,UR
0,698,Assam,"AIIMS, Guwahati",GENERAL SURGERY,AIIMS-All India,OBC
0,699,Rajasthan,"AIIMS, Jodhpur",GENERAL SURGERY,AIIMS-All India,EWS
0,700,Himachal Pradesh,"AIIMS, Bilaspur, Himachal",ORTHOPAEDICS,AIIMS-All India,UR
0,709,Uttar Pradesh,"AIIMS, Gorakhpur",OPHTHALMOLOGY,AIIMS-All India,UR
0,710,Delhi,"AIIMS, Delhi",PATHOLOGY,AIIMS-All India,OBC
0,711,Maharashtra,"AIIMS, Nagpur",GENERAL SURGERY,AIIMS-Inst. Pref,UR-AIIMS-IP
0,712,Pondicherry,"JIPMER, Puducherry",ORTHOPAEDICS,JIPMER-All India,OBC
0,713,Himachal Pradesh,"AIIMS, Bilaspur, Himachal",PAEDIATRIC SURGERY 6 YRS,AIIMS-All India,UR
0,714,Pondicherry,"JIPMER, Puducherry",OBG,JIPMER-All India,EWS
0,719,Gujarat,"AIIMS, Rajkot",ENT,AIIMS-All India,UR
0,721,Uttarakhand,"AIIMS, Rishikesh",OBG,AIIMS-All India,OBC
0,722,Himachal Pradesh,"AIIMS, Bilaspur, Himachal",ORTHOPAEDICS,AIIMS-All India,UR
0,723,Karnataka,"NIMHANS, Bangalore",PSYCHIATRY,NIMHANS-All India,OBC
0,724,Jharkhand,"AIIMS, Deoghar",PAEDIATRICS,AIIMS-All India,EWS
0,725,Karnataka,"NIMHANS, Bangalore",PSYCHIATRY,NIMHANS-NE Domicile,UR-North East Domicile
0,726,Bihar,"AIIMS, Patna",OBG,AIIMS-Inst. Pref,UR-AIIMS-IP
0,737,Chandigarh,"PGIMER, Chandigarh",GENERAL MEDICINE,PGIMER-All India,SC
0,738,Punjab,"AIIMS, Bathinda",CARDIO THORACIC AND VASCULAR SURGERY 6 YRS,AIIMS-All India,UR
0,740,Delhi,"AIIMS, Delhi",ENT,AIIMS-All India,OBC
0,744,Odisha,"AIIMS, Bhubaneswar",ANAESTHESIOLOGY,AIIMS-All India,UR
0,746,Delhi,"AIIMS, Delhi",RADIATION ONCOLOGY,AIIMS-All India,EWS
0,747,Pondicherry,"JIPMER, Puducherry",ANAESTHESIOLOGY,JIPMER-All India,OBC
0,748,Pondicherry,"JIPMER, Puducherry",GENERAL MEDICINE,JIPMER-All India,SC
0,751,Punjab,"AIIMS, Bathinda",OBG,AIIMS-All India,EWS
0,755,Chhattisgarh,"AIIMS, Raipur",GENERAL MEDICINE,AIIMS-All India,SC
0,759,Andhra Pradesh,"AIIMS, Mangalagiri",PSYCHIATRY,AIIMS-All India,UR
0,761,Pondicherry,"JIPMER, Puducherry",PSYCHIATRY,JIMPER-Inst. Pref,INST (JIPMER)
0,762,Pondicherry,"JIPMER, Puducherry",RADIATION ONCOLOGY,JIPMER-All India,EWS
0,766,Jharkhand,"AIIMS, Deoghar",PSYCHIATRY,AIIMS-All India,UR
0,767,Chhattisgarh,"AIIMS, Raipur",GENERAL SURGERY,AIIMS-All India,OBC
0,768,Delhi,"AIIMS, Delhi",ENT,AIIMS-Inst. Pref,UR-AIIMS-IP
0,769,Karnataka,"NIMHANS, Bangalore",PSYCHIATRY,NIMHANS-NE Domicile,UR-North East Domicile
0,773,Uttarakhand,"AIIMS, Rishikesh",OBG,AIIMS-All India,OBC
0,775,Odisha,"AIIMS, Bhubaneswar",ENT,AIIMS-Inst. Pref,UR-AIIMS-IP
0,776,Delhi,"AIIMS, Delhi",OPHTHALMOLOGY,AIIMS-All India,EWS
0,777,Odisha,"AIIMS, Bhubaneswar",EMERGENCY MEDICINE,AIIMS-Inst. Pref,UR-AIIMS-IP
0,780,Chandigarh,"PGIMER, Chandigarh",RADIO DIAGNOSIS,PGIMER-Rural,UR-RA
0,783,Maharashtra,"AIIMS, Nagpur",GENERAL SURGERY,AIIMS-All India,OBC
0,786,Karnataka,"NIMHANS, Bangalore",PSYCHIATRY,NIMHANS-All India,OBC
0,787,Chhattisgarh,"AIIMS, Raipur",ANAESTHESIOLOGY,AIIMS-All India,UR
0,793,Chandigarh,"PGIMER, Chandigarh",ANAESTHESIOLOGY,PGIMER-All India,OBC
0,797,Uttar Pradesh,"AIIMS, Rai Bareli",GENERAL SURGERY,AIIMS-All India,OBC
0,808,Rajasthan,"AIIMS, Jodhpur",PSYCHIATRY,AIIMS-Inst. Pref,UR-AIIMS-IP
0,811,Uttar Pradesh,"AIIMS, Gorakhpur",GENERAL SURGERY,AIIMS-All India,OBC
0,812,Uttarakhand,"AIIMS, Rishikesh",FAMILY MEDICINE,AIIMS-All India,UR
0,814,Chandigarh,"PGIMER, Chandigarh",RADIATION ONCOLOGY,PGIMER-All India,OBC
0,816,Pondicherry,"JIPMER, Puducherry",ENT,JIPMER-All India,OBC
0,817,Delhi,"AIIMS, Delhi",OPHTHALMOLOGY,AIIMS-Inst. Pref,UR-AIIMS-IP
0,818,Punjab,"AIIMS, Bathinda",ORTHOPAEDICS,AIIMS-All India,EWS
0,819,Delhi,"AIIMS, Delhi",PALLIATIVE MEDICINE,AIIMS-All India,UR
0,821,Karnataka,"NIMHANS, Bangalore",PSYCHIATRY,NIMHANS-All India,OBC
0,822,Pondicherry,"JIPMER, Puducherry",ANAESTHESIOLOGY,JIPMER-All India,OBC
0,823,Jammu and Kashmir,"AIIMS, Jammu",ANAESTHESIOLOGY,AIIMS-All India,UR
0,825,Uttarakhand,"AIIMS, Rishikesh",EMERGENCY MEDICINE,AIIMS-All India,OBC
0,829,Delhi,"AIIMS, Delhi",GERIATRICS,AIIMS-All India,EWS
0,830,Delhi,"AIIMS, Delhi",ANAESTHESIOLOGY,AIIMS-All India,EWS
0,833,Himachal Pradesh,"AIIMS, Bilaspur, Himachal",ANAESTHESIOLOGY,AIIMS-All India,UR
0,839,Karnataka,"NIMHANS, Bangalore",PSYCHIATRY,NIMHANS-KAR Domicile,UR-Karnataka Domicile
0,840,Madhya Pradesh,"AIIMS, Bhopal",OBG,AIIMS-All India,OBC
0,841,Delhi,"AIIMS, Delhi",ENT,AIIMS-All India,OBC
0,844,Chhattisgarh,"AIIMS, Raipur",GENERAL SURGERY,AIIMS-Inst. Pref,UR-AIIMS-IP
0,846,Chandigarh,"PGIMER, Chandigarh",PATHOLOGY,PGIMER-All India,UR
0,847,Pondicherry,"JIPMER, Puducherry",GENERAL MEDICINE,JIPMER-All India,SC
0,850,Chhattisgarh,"AIIMS, Raipur",OBG,AIIMS-All India,OBC
0,851,Pondicherry,"JIPMER, Puducherry",GENERAL SURGERY,JIMPER-Inst. Pref,INST (JIPMER)
0,852,Maharashtra,"AIIMS, Nagpur",GENERAL SURGERY,AIIMS-All India,OBC
0,856,Delhi,"AIIMS, Delhi",PSYCHIATRY,AIIMS-All India,OBC
0,863,Delhi,"AIIMS, Delhi",PSYCHIATRY,AIIMS-All India,OBC
0,864,Pondicherry,"JIPMER, Puducherry",ANAESTHESIOLOGY,JIPMER-All India,OBC
0,867,Chhattisgarh,"AIIMS, Raipur",OPHTHALMOLOGY,AIIMS-Inst. Pref,UR-AIIMS-IP
0,872,Bihar,"AIIMS, Patna",GENERAL MEDICINE,AIIMS-All India,SC
0,876,Maharashtra,"AIIMS, Nagpur",GENERAL SURGERY,AIIMS-All India,EWS
0,877,Pondicherry,"JIPMER, Puducherry",TBRD,JIMPER-Inst. Pref,INST (JIPMER)
0,879,Jharkhand,"AIIMS, Deoghar",OBG,AIIMS-All India,EWS
0,880,West Bengal,"AIIMS, Kalyani",RADIATION ONCOLOGY,AIIMS-All India,EWS
0,881,Delhi,"AIIMS, Delhi",ANAESTHESIOLOGY,AIIMS-All India,EWS
0,882,Uttar Pradesh,"AIIMS, Gorakhpur",ANAESTHESIOLOGY,AIIMS-All India,UR
0,883,Delhi,"AIIMS, Delhi",OPHTHALMOLOGY,AIIMS-Inst. Pref,UR-AIIMS-IP
0,885,Pondicherry,"JIPMER, Puducherry",GENERAL SURGERY,JIMPER-Inst. Pref,INST (JIPMER)
0,887,Rajasthan,"AIIMS, Jodhpur",RADIO DIAGNOSIS,AIIMS-All India,SC
0,888,Jharkhand,"AIIMS, Deoghar",ANAESTHESIOLOGY,AIIMS-All India,UR
0,892,Maharashtra,"AIIMS, Nagpur",OBG,AIIMS-All India,OBC
0,893,Delhi,"AIIMS, Delhi",PSYCHIATRY,AIIMS-Inst. Pref,UR-AIIMS-IP
0,897,Punjab,"AIIMS, Bathinda",OBG,AIIMS-All India,OBC
0,899,Delhi,"AIIMS, Delhi",RADIO DIAGNOSIS,AIIMS-All India,ST
0,905,Rajasthan,"AIIMS, Jodhpur",RADIOTHERAPY & ONCOLOGY 6 YRS,AIIMS-Inst. Pref,UR-AIIMS-IP
0,907,Uttarakhand,"AIIMS, Rishikesh",EMERGENCY MEDICINE,AIIMS-All India,OBC
0,919,Chhattisgarh,"AIIMS, Raipur",ENT,AIIMS-All India,OBC
0,923,Bihar,"AIIMS, Patna",EMERGENCY MEDICINE,AIIMS-All India,OBC
0,924,Delhi,"AIIMS, Delhi",INECTIOUS DISEASES 6 YRS,AIIMS-Inst. Pref,UR-AIIMS-IP
0,926,West Bengal,"AIIMS, Kalyani",ANAESTHESIOLOGY,AIIMS-All India,UR
0,933,Pondicherry,"JIPMER, Puducherry",ORTHOPAEDICS,JIPMER-All India,EWS
0,934,Jharkhand,"AIIMS, Deoghar",GENERAL SURGERY,AIIMS-All India,OBC
0,944,Pondicherry,"JIPMER, Puducherry",OBG,JIMPER-Inst. Pref,INST (JIPMER)
0,946,Karnataka,"NIMHANS, Bangalore",PSYCHIATRY,NIMHANS-All India,EWS
0,947,Andhra Pradesh,"AIIMS, Mangalagiri",GENERAL MEDICINE,AIIMS-All India,SC
0,949,Delhi,"AIIMS, Delhi",ANAESTHESIOLOGY,AIIMS-All India,OBC
0,950,Uttar Pradesh,"AIIMS, Gorakhpur",GENERAL MEDICINE,AIIMS-All India,SC
0,951,Odisha,"AIIMS, Bhubaneswar",PATHOLOGY,AIIMS-All India,UR
0,952,Uttarakhand,"AIIMS, Rishikesh",RADIATION ONCOLOGY,AIIMS-All India,OBC
0,954,Chandigarh,"PGIMER, Chandigarh",PATHOLOGY,PGIMER-All India,UR
0,956,Punjab,"AIIMS, Bathinda",GENERAL SURGERY,AIIMS-All India,OBC
0,957,Maharashtra,"AIIMS, Nagpur",RADIATION ONCOLOGY,AIIMS-All India,EWS
0,959,Madhya Pradesh,"AIIMS, Bhopal",ORTHOPAEDICS,AIIMS-All India,OBC
0,960,Punjab,"AIIMS, Bathinda",ORTHOPAEDICS,AIIMS-All India,OBC
0,961,Gujarat,"AIIMS, Rajkot",ANAESTHESIOLOGY,AIIMS-All India,UR
0,974,Pondicherry,"JIPMER, Puducherry",OBG,JIMPER-Inst. Pref,INST (JIPMER)
0,980,Delhi,"AIIMS, Delhi",ANAESTHESIOLOGY,AIIMS-All India,OBC
0,983,Maharashtra,"AIIMS, Nagpur",GENERAL SURGERY,AIIMS-Inst. Pref,UR-AIIMS-IP
0,985,Maharashtra,"AIIMS, Nagpur",ORTHOPAEDICS,AIIMS-All India,OBC
0,989,Delhi,"AIIMS, Delhi",COMMUNITY MEDICINE,AIIMS-All India,UR
0,992,Madhya Pradesh,"AIIMS, Bhopal",RADIATION ONCOLOGY,AIIMS-All India,EWS
0,993,Karnataka,"NIMHANS, Bangalore",PMR,NIMHANS-All India,UR
0,995,Delhi,"AIIMS, Delhi",COMMUNITY MEDICINE,AIIMS-All India,UR
0,997,Karnataka,"NIMHANS, Bangalore",PSYCHIATRY,NIMHANS-KAR Domicile,UR-Karnataka Domicile
0,1000,Jharkhand,"AIIMS, Deoghar",ANAESTHESIOLOGY,AIIMS-All India,UR
0,1001,Chandigarh,"PGIMER, Chandigarh",ENT,PGIMER-All India,OBC
0,1003,Assam,"AIIMS, Guwahati",ANAESTHESIOLOGY,AIIMS-All India,UR
0,1009,Delhi,"AIIMS, Delhi",OPHTHALMOLOGY,AIIMS-All India,OBC
0,1013,Delhi,"AIIMS, Delhi",ENT,AIIMS-All India,EWS
0,1016,Rajasthan,"AIIMS, Jodhpur",ENT,AIIMS-All India,OBC
0,1021,Uttar Pradesh,"AIIMS, Rai Bareli",OBG,AIIMS-All India,OBC
0,1026,Himachal Pradesh,"AIIMS, Bilaspur, Himachal",GENERAL SURGERY,AIIMS-All India,OBC
0,1030,Assam,"AIIMS, Guwahati",ANAESTHESIOLOGY,AIIMS-All India,UR
0,1034,Uttar Pradesh,"AIIMS, Rai Bareli",GENERAL MEDICINE,AIIMS-All India,SC
0,1039,Punjab,"AIIMS, Bathinda",PAEDIATRICS,AIIMS-Inst. Pref,UR-AIIMS-IP
0,1042,Delhi,"AIIMS, Delhi",PSYCHIATRY,AIIMS-All India,OBC
0,1043,Delhi,"AIIMS, Delhi",ANAESTHESIOLOGY,AIIMS-All India,OBC
0,1046,Chhattisgarh,"AIIMS, Raipur",EMERGENCY MEDICINE,AIIMS-All India,OBC
0,1049,Gujarat,"AIIMS, Rajkot",OBG,AIIMS-All India,OBC
0,1052,Chhattisgarh,"AIIMS, Raipur",OBG,AIIMS-Inst. Pref,UR-AIIMS-IP
0,1053,Madhya Pradesh,"AIIMS, Bhopal",RADIATION ONCOLOGY,AIIMS-All India,OBC
0,1057,Pondicherry,"JIPMER, Puducherry",FORENSIC MEDICINE,JIPMER-All India,UR
0,1058,Punjab,"AIIMS, Bathinda",OBG,AIIMS-All India,OBC
0,1059,Madhya Pradesh,"AIIMS, Bhopal",EMERGENCY MEDICINE,AIIMS-Inst. Pref,UR-AIIMS-IP
0,1060,Jammu and Kashmir,"AIIMS, Jammu",GENERAL SURGERY,AIIMS-All India,OBC
0,1063,Uttarakhand,"AIIMS, Rishikesh",RADIO DIAGNOSIS,AIIMS-All India,SC
0,1064,Madhya Pradesh,"AIIMS, Bhopal",RADIO DIAGNOSIS,AIIMS-All India,SC
0,1067,Delhi,"AIIMS, Delhi",OPHTHALMOLOGY,AIIMS-All India,OBC
0,1068,Chandigarh,"PGIMER, Chandigarh",PSYCHIATRY,PGIMER-All India,OBC
0,1069,Pondicherry,"JIPMER, Puducherry",COMMUNITY MEDICINE,JIPMER-All India,OBC
0,1072,Uttar Pradesh,"AIIMS, Rai Bareli",GENERAL SURGERY,AIIMS-All India,EWS
0,1082,Jharkhand,"AIIMS, Deoghar",OBG,AIIMS-All India,OBC
0,1083,Karnataka,"NIMHANS, Bangalore",PSYCHIATRY,NIMHANS-KAR Domicile,UR-Karnataka Domicile
0,1087,Chandigarh,"PGIMER, Chandigarh",ANAESTHESIOLOGY,PGIMER-All India,OBC
0,1088,Maharashtra,"AIIMS, Nagpur",EMERGENCY MEDICINE,AIIMS-All India,OBC
0,1089,Pondicherry,"JIPMER, Puducherry",PAEDIATRICS,JIPMER-All India,UR
0,1091,Chandigarh,"PGIMER, Chandigarh",PATHOLOGY,PGIMER-All India,UR
0,1093,Karnataka,"NIMHANS, Bangalore",PSYCHIATRY,NIMHANS-KAR Domicile,UR-Karnataka Domicile
0,1097,Chandigarh,"PGIMER, Chandigarh",RADIO DIAGNOSIS,PGIMER-All India,ST
0,1108,Delhi,"AIIMS, Delhi",LAB MEDICINE,AIIMS-All India,UR
0,1112,Delhi,"AIIMS, Delhi",COMMUNITY MEDICINE,AIIMS-All India,UR
0,1114,Chandigarh,"PGIMER, Chandigarh",GENERAL SURGERY,PGIMER-All India,ST
0,1115,Karnataka,"NIMHANS, Bangalore",PSYCHIATRY,NIMHANS-NE Domicile,UR-North East Domicile
0,1119,Rajasthan,"AIIMS, Jodhpur",PSYCHIATRY,AIIMS-All India,EWS
0,1124,Bihar,"AIIMS, Patna",ORTHOPAEDICS,AIIMS-All India,OBC
0,1125,Delhi,"AIIMS, Delhi",PSYCHIATRY,AIIMS-All India,SC
0,1128,Andhra Pradesh,"AIIMS, Mangalagiri",FAMILY MEDICINE,AIIMS-All India,UR
0,1129,Assam,"AIIMS, Guwahati",OBG,AIIMS-All India,OBC
0,1136,Chandigarh,"PGIMER, Chandigarh",OPHTHALMOLOGY,PGIMER-All India,OBC
0,1140,Chandigarh,"PGIMER, Chandigarh",IHBT,PGIMER-All India,UR
0,1145,Punjab,"AIIMS, Bathinda",OPHTHALMOLOGY,AIIMS-All India,EWS
0,1147,Uttarakhand,"AIIMS, Rishikesh",OPHTHALMOLOGY,AIIMS-All India,OBC
0,1148,Karnataka,"NIMHANS, Bangalore",PSYCHIATRY,NIMHANS-NE Domicile,UR-North East Domicile
0,1152,Andhra Pradesh,"AIIMS, Mangalagiri",OBG,AIIMS-All India,EWS
0,1153,Punjab,"AIIMS, Bathinda",ORTHOPAEDICS,AIIMS-All India,OBC
0,1154,Bihar,"AIIMS, Patna",RADIO DIAGNOSIS,AIIMS-All India,SC
0,1158,Delhi,"AIIMS, Delhi",PAEDIATRIC SURGERY 6 YRS,AIIMS-Inst. Pref,UR-AIIMS-IP
0,1159,Pondicherry,"JIPMER, Puducherry",COMMUNITY MEDICINE,JIPMER-All India,UR
0,1165,Chandigarh,"PGIMER, Chandigarh",OPHTHALMOLOGY,PGIMER-All India,OBC
0,1166,Chandigarh,"PGIMER, Chandigarh",COMMUNITY MEDICINE,PGIMER-All India,UR
0,1167,Jammu and Kashmir,"AIIMS, Jammu",GENERAL MEDICINE,AIIMS-All India,SC
0,1176,Delhi,"AIIMS, Delhi",PAEDIATRICS,AIIMS-All India,SC
0,1181,Uttarakhand,"AIIMS, Rishikesh",ANAESTHESIOLOGY,AIIMS-All India,OBC
0,1185,Andhra Pradesh,"AIIMS, Mangalagiri",ORTHOPAEDICS,AIIMS-All India,OBC
0,1188,Chandigarh,"PGIMER, Chandigarh",ANAESTHESIOLOGY,PGIMER-All India,OBC
0,1191,Maharashtra,"AIIMS, Nagpur",RADIATION ONCOLOGY,AIIMS-All India,OBC
0,1194,Chandigarh,"PGIMER, Chandigarh",HOSPITAL ADMINISTRATION,PGIMER-All India,UR
0,1202,Chandigarh,"PGIMER, Chandigarh",PATHOLOGY,PGIMER-All India,UR
0,1205,Punjab,"AIIMS, Bathinda",RADIATION ONCOLOGY,AIIMS-Inst. Pref,UR-AIIMS-IP
0,1206,Bihar,"AIIMS, Patna",OBG,AIIMS-All India,EWS
0,1208,Rajasthan,"AIIMS, Jodhpur",ENT,AIIMS-All India,EWS
0,1212,Andhra Pradesh,"AIIMS, Mangalagiri",EMERGENCY MEDICINE,AIIMS-All India,OBC
0,1215,Pondicherry,"JIPMER, Puducherry",PATHOLOGY,JIPMER-All India,UR
0,1218,Rajasthan,"AIIMS, Jodhpur",OPHTHALMOLOGY,AIIMS-All India,OBC
0,1219,Bihar,"AIIMS, Patna",CARDIO THORACIC AND VASCULAR SURGERY 6 YRS,AIIMS-Inst. Pref,UR-AIIMS-IP
0,1224,Delhi,"AIIMS, Delhi",PATHOLOGY,AIIMS-All India,OBC
0,1229,Jammu and Kashmir,"AIIMS, Jammu",OBG,AIIMS-All India,OBC
0,1232,Uttar Pradesh,"AIIMS, Gorakhpur",PSYCHIATRY,AIIMS-All India,OBC
0,1233,Himachal Pradesh,"AIIMS, Bilaspur, Himachal",EMERGENCY MEDICINE,AIIMS-All India,OBC
0,1234,Chandigarh,"PGIMER, Chandigarh",PAEDIATRICS,PGIMER-All India,SC
0,1239,Delhi,"AIIMS, Delhi",ENT,AIIMS-Inst. Pref,UR-AIIMS-IP
0,1241,Chandigarh,"PGIMER, Chandigarh",ANAESTHESIOLOGY,PGIMER-All India,OBC
0,1242,Rajasthan,"AIIMS, Jodhpur",ENT,AIIMS-All India,OBC
0,1248,Rajasthan,"AIIMS, Jodhpur",PATHOLOGY,AIIMS-All India,UR
0,1252,Andhra Pradesh,"AIIMS, Mangalagiri",GENERAL SURGERY,AIIMS-All India,EWS
0,1255,Delhi,"AIIMS, Delhi",ANAESTHESIOLOGY,AIIMS-All India,SC
0,1256,Chandigarh,"PGIMER, Chandigarh",DERMATOLOGY,PGIMER-All India,SC
0,1262,Chhattisgarh,"AIIMS, Raipur",EMERGENCY MEDICINE,AIIMS-All India,EWS
0,1265,Bihar,"AIIMS, Patna",PMR,AIIMS-All India,UR
0,1271,Rajasthan,"AIIMS, Jodhpur",PATHOLOGY,AIIMS-All India,UR
0,1272,Uttar Pradesh,"AIIMS, Gorakhpur",GENERAL SURGERY,AIIMS-Inst. Pref,UR-AIIMS-IP
0,1274,Pondicherry,"JIPMER, Puducherry",OBG,JIPMER-All India,SC
0,1275,Uttarakhand,"AIIMS, Rishikesh",PSYCHIATRY,AIIMS-All India,OBC
0,1276,Madhya Pradesh,"AIIMS, Bhopal",OPHTHALMOLOGY,AIIMS-All India,OBC
0,1279,Pondicherry,"JIPMER, Puducherry",PATHOLOGY,JIPMER-All India,UR
0,1280,Andhra Pradesh,"AIIMS, Mangalagiri",OPHTHALMOLOGY,AIIMS-All India,OBC
0,1281,Chandigarh,"PGIMER, Chandigarh",ANAESTHESIOLOGY,PGIMER-All India,OBC
0,1287,Pondicherry,"JIPMER, Puducherry",FORENSIC MEDICINE,JIPMER-All India,UR
0,1293,Delhi,"AIIMS, Delhi",PAEDIATRICS,AIIMS-All India,SC
0,1299,Delhi,"AIIMS, Delhi",RADIATION ONCOLOGY,AIIMS-Inst. Pref,UR-AIIMS-IP
0,1301,Uttar Pradesh,"AIIMS, Rai Bareli",EMERGENCY MEDICINE,AIIMS-All India,OBC
0,1306,Andhra Pradesh,"AIIMS, Mangalagiri",PATHOLOGY,AIIMS-All India,UR
0,1309,Andhra Pradesh,"AIIMS, Mangalagiri",RADIATION ONCOLOGY,AIIMS-All India,OBC
0,1312,Uttar Pradesh,"AIIMS, Rai Bareli",ORTHOPAEDICS,AIIMS-All India,OBC
0,1327,Maharashtra,"AIIMS, Nagpur",PMR,AIIMS-All India,UR
0,1329,Uttarakhand,"AIIMS, Rishikesh",PATHOLOGY,AIIMS-All India,UR
0,1335,Pondicherry,"JIPMER, Puducherry",PATHOLOGY,JIPMER-All India,OBC
0,1336,Chandigarh,"PGIMER, Chandigarh",MICROBIOLOGY,PGIMER-All India,UR
0,1338,Rajasthan,"AIIMS, Jodhpur",ANAESTHESIOLOGY,AIIMS-All India,OBC
0,1342,Jharkhand,"AIIMS, Deoghar",ORTHOPAEDICS,AIIMS-All India,OBC
0,1345,Delhi,"AIIMS, Delhi",GERIATRICS,AIIMS-All India,OBC
0,1346,Maharashtra,"AIIMS, Nagpur",PLASTIC SURGERY 6 YRS,AIIMS-Inst. Pref,UR-AIIMS-IP
0,1350,Delhi,"AIIMS, Delhi",GENERAL MEDICINE,AIIMS-All India,ST
0,1362,Chandigarh,"PGIMER, Chandigarh",GENERAL MEDICINE,PGIMER-Rural,OBC-RA
0,1366,Madhya Pradesh,"AIIMS, Bhopal",ANAESTHESIOLOGY,AIIMS-All India,OBC
0,1367,Himachal Pradesh,"AIIMS, Bilaspur, Himachal",ORTHOPAEDICS,AIIMS-All India,OBC
0,1376,Himachal Pradesh,"AIIMS, Bilaspur, Himachal",TRAUMATOLOGY AND SURGERY,AIIMS-All India,OBC
0,1378,Andhra Pradesh,"AIIMS, Mangalagiri",ANAESTHESIOLOGY,AIIMS-All India,OBC
0,1379,Delhi,"AIIMS, Delhi",GERIATRICS,AIIMS-All India,OBC
0,1380,Delhi,"AIIMS, Delhi",RADIATION ONCOLOGY,AIIMS-Inst. Pref,UR-AIIMS-IP
0,1381,Delhi,"AIIMS, Delhi",LAB MEDICINE,AIIMS-All India,UR
0,1382,Delhi,"AIIMS, Delhi",RADIATION ONCOLOGY,AIIMS-All India,SC
0,1389,Uttarakhand,"AIIMS, Rishikesh",ANAESTHESIOLOGY,AIIMS-All India,OBC
0,1390,Chhattisgarh,"AIIMS, Raipur",OPHTHALMOLOGY,AIIMS-All India,OBC
0,1391,Jammu and Kashmir,"AIIMS, Jammu",ORTHOPAEDICS,AIIMS-All India,OBC
0,1393,Madhya Pradesh,"AIIMS, Bhopal",ANAESTHESIOLOGY,AIIMS-All India,OBC
0,1398,Assam,"AIIMS, Guwahati",ORTHOPAEDICS,AIIMS-All India,OBC
0,1403,Bihar,"AIIMS, Patna",OPHTHALMOLOGY,AIIMS-Inst. Pref,UR-AIIMS-IP
0,1415,Delhi,"AIIMS, Delhi",FORENSIC MEDICINE,AIIMS-All India,UR
0,1416,Uttarakhand,"AIIMS, Rishikesh",ENT,AIIMS-All India,OBC
0,1418,Uttarakhand,"AIIMS, Rishikesh",EMERGENCY MEDICINE,AIIMS-Inst. Pref,UR-AIIMS-IP
0,1419,Madhya Pradesh,"AIIMS, Bhopal",ENT,AIIMS-All India,OBC
0,1421,Rajasthan,"AIIMS, Jodhpur",ANAESTHESIOLOGY,AIIMS-All India,OBC
0,1422,Karnataka,"NIMHANS, Bangalore",PSYCHIATRY,NIMHANS-KAR Domicile,OBC-Karnataka Domicile
0,1427,Maharashtra,"AIIMS, Nagpur",HOSPITAL ADMINISTRATION,AIIMS-All India,UR
0,1431,Pondicherry,"JIPMER, Puducherry",DERMATOLOGY,JIPMER-All India,SC
0,1432,Odisha,"AIIMS, Bhubaneswar",ANAESTHESIOLOGY,AIIMS-All India,OBC
0,1433,Jammu and Kashmir,"AIIMS, Jammu",GENERAL SURGERY,AIIMS-All India,EWS
0,1435,Pondicherry,"JIPMER, Puducherry",ANAESTHESIOLOGY,JIMPER-Inst. Pref,INST (JIPMER)
0,1436,Rajasthan,"AIIMS, Jodhpur",ANAESTHESIOLOGY,AIIMS-All India,EWS
0,1449,Bihar,"AIIMS, Patna",OPHTHALMOLOGY,AIIMS-All India,OBC
0,1451,Odisha,"AIIMS, Bhubaneswar",ANAESTHESIOLOGY,AIIMS-All India,OBC
0,1454,Telangana,"AIIMS, Bibinagar",RADIATION ONCOLOGY,AIIMS-All India,OBC
0,1458,Uttarakhand,"AIIMS, Rishikesh",TBRD,AIIMS-Inst. Pref,UR-AIIMS-IP
0,1463,Pondicherry,"JIPMER, Puducherry",ENT,JIMPER-Inst. Pref,INST (JIPMER)
0,1471,Rajasthan,"AIIMS, Jodhpur",ANAESTHESIOLOGY,AIIMS-All India,OBC
0,1473,Maharashtra,"AIIMS, Nagpur",RADIO DIAGNOSIS,AIIMS-All India,SC
0,1474,Delhi,"AIIMS, Delhi",FORENSIC MEDICINE,AIIMS-All India,UR
0,1475,Bihar,"AIIMS, Patna",ENT,AIIMS-All India,OBC
0,1481,Rajasthan,"AIIMS, Jodhpur",OBG,AIIMS-Inst. Pref,UR-AIIMS-IP
0,1495,Uttarakhand,"AIIMS, Rishikesh",OPHTHALMOLOGY,AIIMS-Inst. Pref,UR-AIIMS-IP
0,1496,Odisha,"AIIMS, Bhubaneswar",PSYCHIATRY,AIIMS-All India,OBC
0,1500,Jharkhand,"AIIMS, Deoghar",GENERAL MEDICINE,AIIMS-All India,SC
0,1504,Chhattisgarh,"AIIMS, Raipur",PAEDIATRIC SURGERY 6 YRS,AIIMS-Inst. Pref,UR-AIIMS-IP
0,1507,Chhattisgarh,"AIIMS, Raipur",ANAESTHESIOLOGY,AIIMS-All India,OBC
0,1508,Pondicherry,"JIPMER, Puducherry",ANAESTHESIOLOGY,JIPMER-All India,EWS
0,1514,Maharashtra,"AIIMS, Nagpur",OPHTHALMOLOGY,AIIMS-All India,OBC
0,1519,Jammu and Kashmir,"AIIMS, Jammu",PMR,AIIMS-All India,UR
0,1529,Himachal Pradesh,"AIIMS, Bilaspur, Himachal",RADIATION ONCOLOGY,AIIMS-All India,OBC
0,1543,Bihar,"AIIMS, Patna",OBG,AIIMS-Inst. Pref,UR-AIIMS-IP
0,1544,West Bengal,"AIIMS, Kalyani",RADIO DIAGNOSIS,AIIMS-All India,SC
0,1545,Chandigarh,"PGIMER, Chandigarh",IHBT,PGIMER-All India,UR
0,1551,Odisha,"AIIMS, Bhubaneswar",PATHOLOGY,AIIMS-All India,UR
0,1552,Rajasthan,"AIIMS, Jodhpur",ANAESTHESIOLOGY,AIIMS-All India,OBC
0,1569,Karnataka,"NIMHANS, Bangalore",PSYCHIATRY,NIMHANS-KAR Domicile,OBC-Karnataka Domicile
0,1574,Karnataka,"NIMHANS, Bangalore",PMR,NIMHANS-All India,UR
0,1576,Andhra Pradesh,"AIIMS, Mangalagiri",ANAESTHESIOLOGY,AIIMS-All India,OBC
0,1581,Maharashtra,"AIIMS, Nagpur",ANAESTHESIOLOGY,AIIMS-All India,OBC
0,1588,Pondicherry,"JIPMER, Puducherry",COMMUNITY MEDICINE,JIPMER-All India,OBC
0,1590,Madhya Pradesh,"AIIMS, Bhopal",OPHTHALMOLOGY,AIIMS-Inst. Pref,UR-AIIMS-IP
0,1597,Madhya Pradesh,"AIIMS, Bhopal",COMMUNITY MEDICINE,AIIMS-All India,UR
0,1599,Bihar,"AIIMS, Patna",EMERGENCY MEDICINE,AIIMS-All India,EWS
0,1600,Delhi,"AIIMS, Delhi",IHBT,AIIMS-All India,EWS
0,1601,Madhya Pradesh,"AIIMS, Bhopal",IHBT,AIIMS-All India,UR
0,1604,Gujarat,"AIIMS, Rajkot",ANAESTHESIOLOGY,AIIMS-Inst. Pref,UR-AIIMS-IP
0,1605,Maharashtra,"AIIMS, Nagpur",ENT,AIIMS-All India,OBC
0,1613,Rajasthan,"AIIMS, Jodhpur",PAEDIATRICS,AIIMS-All India,SC
0,1614,Madhya Pradesh,"AIIMS, Bhopal",PMR,AIIMS-Inst. Pref,UR-AIIMS-IP
0,1623,Rajasthan,"AIIMS, Jodhpur",ANAESTHESIOLOGY,AIIMS-All India,OBC
0,1624,Odisha,"AIIMS, Bhubaneswar",ANAESTHESIOLOGY,AIIMS-All India,EWS
0,1626,Maharashtra,"AIIMS, Nagpur",ORTHOPAEDICS,AIIMS-Inst. Pref,UR-AIIMS-IP
0,1628,Rajasthan,"AIIMS, Jodhpur",ENT,AIIMS-Inst. Pref,UR-AIIMS-IP
0,1629,Madhya Pradesh,"AIIMS, Bhopal",PSYCHIATRY,AIIMS-All India,OBC
0,1630,Bihar,"AIIMS, Patna",ENT,AIIMS-Inst. Pref,UR-AIIMS-IP
0,1636,Madhya Pradesh,"AIIMS, Bhopal",PATHOLOGY,AIIMS-All India,UR
0,1639,Telangana,"AIIMS, Bibinagar",HOSPITAL ADMINISTRATION,AIIMS-All India,UR
0,1642,Punjab,"AIIMS, Bathinda",OPHTHALMOLOGY,AIIMS-All India,OBC
0,1644,Rajasthan,"AIIMS, Jodhpur",ANAESTHESIOLOGY,AIIMS-Inst. Pref,UR-AIIMS-IP
0,1651,Bihar,"AIIMS, Patna",ANAESTHESIOLOGY,AIIMS-All India,OBC
0,1654,Chandigarh,"PGIMER, Chandigarh",PAEDIATRICS,PGIMER-All India,SC
0,1662,Assam,"AIIMS, Guwahati",COMMUNITY & FAMILY MEDICINE,AIIMS-All India,UR
0,1668,Telangana,"AIIMS, Bibinagar",ANAESTHESIOLOGY,AIIMS-All India,OBC
0,1678,Delhi,"AIIMS, Delhi",ANATOMY,AIIMS-All India,UR
0,1679,Madhya Pradesh,"AIIMS, Bhopal",COMMUNITY MEDICINE,AIIMS-All India,UR
0,1680,Delhi,"AIIMS, Delhi",PHARMACOLOGY,AIIMS-All India,EWS
0,1687,Gujarat,"AIIMS, Rajkot",ANAESTHESIOLOGY,AIIMS-All India,OBC
0,1693,Maharashtra,"AIIMS, Nagpur",PMR,AIIMS-All India,OBC
0,1694,Bihar,"AIIMS, Patna",ANAESTHESIOLOGY,AIIMS-All India,OBC
0,1696,Delhi,"AIIMS, Delhi",COMMUNITY MEDICINE,AIIMS-All India,OBC
0,1700,Delhi,"AIIMS, Delhi",PSYCHIATRY,AIIMS-Inst. Pref,UR-AIIMS-IP
0,1703,Uttar Pradesh,"AIIMS, Gorakhpur",TRAUMATOLOGY AND SURGERY,AIIMS-All India,OBC
0,1712,Chhattisgarh,"AIIMS, Raipur",ENT,AIIMS-Inst. Pref,UR-AIIMS-IP
0,1716,Maharashtra,"AIIMS, Nagpur",FAMILY MEDICINE,AIIMS-All India,OBC
0,1719,Uttar Pradesh,"AIIMS, Gorakhpur",ANAESTHESIOLOGY,AIIMS-All India,OBC
0,1721,Jharkhand,"AIIMS, Deoghar",ENT,AIIMS-All India,OBC
0,1727,Chandigarh,"PGIMER, Chandigarh",PHARMACOLOGY,PGIMER-All India,UR
0,1732,Jammu and Kashmir,"AIIMS, Jammu",ANAESTHESIOLOGY,AIIMS-All India,OBC
0,1735,Chandigarh,"PGIMER, Chandigarh",GENERAL MEDICINE,PGIMER-All India,ST
0,1744,Delhi,"AIIMS, Delhi",PATHOLOGY,AIIMS-All India,EWS
0,1748,Chandigarh,"PGIMER, Chandigarh",PHARMACOLOGY,PGIMER-All India,UR
0,1752,Assam,"AIIMS, Guwahati",ANAESTHESIOLOGY,AIIMS-All India,OBC
0,1762,Pondicherry,"JIPMER, Puducherry",COMMUNITY MEDICINE,JIPMER-All India,OBC
0,1768,Madhya Pradesh,"AIIMS, Bhopal",PATHOLOGY,AIIMS-All India,UR
0,1770,Andhra Pradesh,"AIIMS, Mangalagiri",EMERGENCY MEDICINE,AIIMS-All India,EWS
0,1781,Telangana,"AIIMS, Bibinagar",HOSPITAL ADMINISTRATION,AIIMS-All India,UR
0,1787,Maharashtra,"AIIMS, Nagpur",OBG,AIIMS-Inst. Pref,UR-AIIMS-IP
0,1789,Odisha,"AIIMS, Bhubaneswar",PSYCHIATRY,AIIMS-All India,OBC
0,1796,Chhattisgarh,"AIIMS, Raipur",RADIO DIAGNOSIS,AIIMS-All India,SC
0,1803,Delhi,"AIIMS, Delhi",PMR,AIIMS-All India,OBC
0,1805,Delhi,"AIIMS, Delhi",COMMUNITY MEDICINE,AIIMS-All India,OBC
0,1809,Pondicherry,"JIPMER, Puducherry",ANAESTHESIOLOGY,JIPMER-All India,SC
0,1811,Chhattisgarh,"AIIMS, Raipur",OPHTHALMOLOGY,AIIMS-All India,EWS
0,1815,Jharkhand,"AIIMS, Deoghar",OPHTHALMOLOGY,AIIMS-All India,OBC
0,1818,Bihar,"AIIMS, Patna",IHBT,AIIMS-All India,UR
0,1824,Rajasthan,"AIIMS, Jodhpur",PATHOLOGY,AIIMS-All India,OBC
0,1826,Chhattisgarh,"AIIMS, Raipur",PATHOLOGY,AIIMS-All India,UR
0,1828,Pondicherry,"JIPMER, Puducherry",TBRD,JIPMER-All India,SC
0,1832,Madhya Pradesh,"AIIMS, Bhopal",FORENSIC MEDICINE,AIIMS-All India,UR
0,1833,Pondicherry,"JIPMER, Puducherry",MICROBIOLOGY,JIPMER-All India,UR
0,1835,Pondicherry,"JIPMER, Puducherry",OPHTHALMOLOGY,JIMPER-Inst. Pref,INST (JIPMER)-PwD
0,1836,Chandigarh,"PGIMER, Chandigarh",PAEDIATRICS,PGIMER-All India,SC
0,1845,Pondicherry,"JIPMER, Puducherry",FORENSIC MEDICINE,JIPMER-All India,EWS
0,1860,West Bengal,"AIIMS, Kalyani",OPHTHALMOLOGY,AIIMS-All India,OBC
0,1862,Pondicherry,"JIPMER, Puducherry",GENERAL MEDICINE,JIPMER-All India,ST
0,1871,Delhi,"AIIMS, Delhi",ANATOMY,AIIMS-All India,UR
0,1884,Odisha,"AIIMS, Bhubaneswar",PHARMACOLOGY,AIIMS-All India,UR
0,1888,Punjab,"AIIMS, Bathinda",ANAESTHESIOLOGY,AIIMS-All India,OBC
0,1900,Chandigarh,"PGIMER, Chandigarh",PATHOLOGY,PGIMER-All India,OBC
0,1903,Pondicherry,"JIPMER, Puducherry",PATHOLOGY,JIPMER-All India,OBC
0,1905,Delhi,"AIIMS, Delhi",IHBT,AIIMS-All India,OBC
0,1908,Delhi,"AIIMS, Delhi",ENT,AIIMS-Inst. Pref,UR-AIIMS-IP
0,1909,Chhattisgarh,"AIIMS, Raipur",PSYCHIATRY,AIIMS-All India,OBC
0,1911,Punjab,"AIIMS, Bathinda",IHBT,AIIMS-All India,UR
0,1917,Andhra Pradesh,"AIIMS, Mangalagiri",RADIO DIAGNOSIS,AIIMS-All India,SC
0,1919,Delhi,"AIIMS, Delhi",PALLIATIVE MEDICINE,AIIMS-All India,OBC
0,1922,Madhya Pradesh,"AIIMS, Bhopal",ANAESTHESIOLOGY,AIIMS-All India,EWS
0,1926,Chhattisgarh,"AIIMS, Raipur",PATHOLOGY,AIIMS-All India,UR
0,1927,Himachal Pradesh,"AIIMS, Bilaspur, Himachal",ANAESTHESIOLOGY,AIIMS-All India,EWS
0,1931,Uttarakhand,"AIIMS, Rishikesh",DERMATOLOGY,AIIMS-All India,SC
0,1933,Jharkhand,"AIIMS, Deoghar",PATHOLOGY,AIIMS-All India,UR
0,1941,Odisha,"AIIMS, Bhubaneswar",ENT,AIIMS-All India,EWS
0,1944,Odisha,"AIIMS, Bhubaneswar",PAEDIATRICS,AIIMS-All India,SC
0,1951,Maharashtra,"AIIMS, Nagpur",ANAESTHESIOLOGY,AIIMS-All India,EWS
0,1954,Bihar,"AIIMS, Patna",PSYCHIATRY,AIIMS-Inst. Pref,UR-AIIMS-IP
0,1955,Himachal Pradesh,"AIIMS, Bilaspur, Himachal",ANAESTHESIOLOGY,AIIMS-All India,OBC
0,1957,Punjab,"AIIMS, Bathinda",ANAESTHESIOLOGY,AIIMS-All India,OBC
0,1959,Pondicherry,"JIPMER, Puducherry",ORTHOPAEDICS,JIMPER-Inst. Pref,INST (JIPMER)
0,1969,Uttar Pradesh,"AIIMS, Gorakhpur",EMERGENCY MEDICINE,AIIMS-All India,EWS
0,1975,Chhattisgarh,"AIIMS, Raipur",CARDIO THORACIC AND VASCULAR SURGERY 6 YRS,AIIMS-Inst. Pref,UR-AIIMS-IP
0,1977,Madhya Pradesh,"AIIMS, Bhopal",FORENSIC MEDICINE,AIIMS-All India,UR
0,1995,Pondicherry,"JIPMER, Puducherry",ORTHOPAEDICS,JIMPER-Inst. Pref,INST (JIPMER)
0,1997,West Bengal,"AIIMS, Kalyani",PATHOLOGY,AIIMS-All India,UR
0,2007,Jharkhand,"AIIMS, Deoghar",ANAESTHESIOLOGY,AIIMS-All India,OBC
0,2013,Delhi,"AIIMS, Delhi",OBG,AIIMS-All India,SC
0,2018,Andhra Pradesh,"AIIMS, Mangalagiri",PAEDIATRICS,AIIMS-Inst. Pref,UR-AIIMS-IP
0,2026,Jammu and Kashmir,"AIIMS, Jammu",ANAESTHESIOLOGY,AIIMS-All India,OBC
0,2031,Maharashtra,"AIIMS, Nagpur",FORENSIC MEDICINE,AIIMS-All India,UR
0,2035,Jammu and Kashmir,"AIIMS, Jammu",PATHOLOGY,AIIMS-All India,UR
0,2037,Maharashtra,"AIIMS, Nagpur",ENT,AIIMS-All India,EWS
0,2039,Assam,"AIIMS, Guwahati",RADIO DIAGNOSIS,AIIMS-All India,SC
0,2040,Uttar Pradesh,"AIIMS, Rai Bareli",PATHOLOGY,AIIMS-All India,UR
0,2041,Delhi,"AIIMS, Delhi",FORENSIC MEDICINE,AIIMS-All India,OBC
0,2044,Madhya Pradesh,"AIIMS, Bhopal",RADIO DIAGNOSIS,AIIMS-All India,ST
0,2046,Maharashtra,"AIIMS, Nagpur",OPHTHALMOLOGY,AIIMS-Inst. Pref,UR-AIIMS-IP
0,2054,Chhattisgarh,"AIIMS, Raipur",IHBT,AIIMS-All India,UR
0,2070,Uttar Pradesh,"AIIMS, Rai Bareli",MICROBIOLOGY,AIIMS-All India,UR
0,2085,West Bengal,"AIIMS, Kalyani",PSYCHIATRY,AIIMS-All India,OBC
0,2088,Rajasthan,"AIIMS, Jodhpur",BIOCHEMISTRY,AIIMS-All India,UR
0,2091,Pondicherry,"JIPMER, Puducherry",PSYCHIATRY,JIMPER-Inst. Pref,INST (JIPMER)
0,2093,Chandigarh,"PGIMER, Chandigarh",BIOCHEMISTRY,PGIMER-All India,UR
0,2094,Chandigarh,"PGIMER, Chandigarh",GENERAL SURGERY,PGIMER-All India,UR-PwD
0,2097,Rajasthan,"AIIMS, Jodhpur",COMMUNITY MEDICINE,AIIMS-All India,UR
0,2102,Andhra Pradesh,"AIIMS, Mangalagiri",PSYCHIATRY,AIIMS-All India,OBC
0,2106,Chandigarh,"PGIMER, Chandigarh",OBG,PGIMER-Rural,UR-RA
0,2107,Jharkhand,"AIIMS, Deoghar",ANAESTHESIOLOGY,AIIMS-All India,OBC
0,2109,Punjab,"AIIMS, Bathinda",RADIO DIAGNOSIS,AIIMS-All India,SC
0,2110,Chhattisgarh,"AIIMS, Raipur",PATHOLOGY,AIIMS-All India,OBC
0,2112,Andhra Pradesh,"AIIMS, Mangalagiri",PAEDIATRICS,AIIMS-Inst. Pref,UR-AIIMS-IP
0,2115,Punjab,"AIIMS, Bathinda",PSYCHIATRY,AIIMS-All India,OBC
0,2125,Himachal Pradesh,"AIIMS, Bilaspur, Himachal",PSYCHIATRY,AIIMS-All India,OBC
0,2127,Uttarakhand,"AIIMS, Rishikesh",ORTHOPAEDICS,AIIMS-Inst. Pref,UR-AIIMS-IP
0,2128,Punjab,"AIIMS, Bathinda",EMERGENCY MEDICINE,AIIMS-Inst. Pref,UR-AIIMS-IP
0,2143,Andhra Pradesh,"AIIMS, Mangalagiri",ENT,AIIMS-All India,EWS
0,2149,Delhi,"AIIMS, Delhi",ORTHOPAEDICS,AIIMS-All India,SC
0,2160,Pondicherry,"JIPMER, Puducherry",ANAESTHESIOLOGY,JIMPER-Inst. Pref,INST (JIPMER)
0,2172,Gujarat,"AIIMS, Rajkot",COMMUNITY & FAMILY MEDICINE,AIIMS-All India,UR
0,2178,Pondicherry,"JIPMER, Puducherry",IHBT,JIPMER-All India,OBC
0,2205,Telangana,"AIIMS, Bibinagar",IHBT,AIIMS-All India,UR
0,2210,Assam,"AIIMS, Guwahati",COMMUNITY & FAMILY MEDICINE,AIIMS-All India,UR
0,2213,Uttar Pradesh,"AIIMS, Gorakhpur",RADIO DIAGNOSIS,AIIMS-All India,SC
0,2214,Chandigarh,"PGIMER, Chandigarh",MICROBIOLOGY,PGIMER-All India,UR
0,2215,Uttarakhand,"AIIMS, Rishikesh",PAEDIATRICS,AIIMS-All India,SC
0,2224,Chandigarh,"PGIMER, Chandigarh",PAEDIATRICS,PGIMER-Rural,UR-RA
0,2226,Bihar,"AIIMS, Patna",ANAESTHESIOLOGY,AIIMS-All India,EWS
0,2229,Telangana,"AIIMS, Bibinagar",MICROBIOLOGY,AIIMS-All India,UR
0,2230,Delhi,"AIIMS, Delhi",PALLIATIVE MEDICINE,AIIMS-All India,OBC
0,2250,Pondicherry,"JIPMER, Puducherry",ORTHOPAEDICS,JIPMER-All India,SC
0,2251,Pondicherry,"JIPMER, Puducherry",PATHOLOGY,JIPMER-All India,OBC
0,2269,Delhi,"AIIMS, Delhi",BIOPHYSICS,AIIMS-All India,OBC
0,2278,Pondicherry,"JIPMER, Puducherry",ANAESTHESIOLOGY,JIMPER-Inst. Pref,INST (JIPMER)
0,2284,Madhya Pradesh,"AIIMS, Bhopal",ANAESTHESIOLOGY,AIIMS-Inst. Pref,UR-AIIMS-IP
0,2293,Uttar Pradesh,"AIIMS, Rai Bareli",ENT,AIIMS-All India,EWS
0,2303,Odisha,"AIIMS, Bhubaneswar",PAEDIATRIC SURGERY 6 YRS,AIIMS-Inst. Pref,UR-AIIMS-IP
0,2313,Rajasthan,"AIIMS, Jodhpur",GENERAL SURGERY,AIIMS-All India,ST
0,2328,Assam,"AIIMS, Guwahati",COMMUNITY & FAMILY MEDICINE,AIIMS-All India,UR
0,2330,Pondicherry,"JIPMER, Puducherry",PATHOLOGY,JIPMER-All India,OBC
0,2335,Pondicherry,"JIPMER, Puducherry",PMR,JIMPER-Inst. Pref,INST (JIPMER)
0,2353,Andhra Pradesh,"AIIMS, Mangalagiri",GENERAL SURGERY,AIIMS-Inst. Pref,UR-AIIMS-IP
0,2373,Madhya Pradesh,"AIIMS, Bhopal",CARDIO THORACIC AND VASCULAR SURGERY 6 YRS,AIIMS-Inst. Pref,UR-AIIMS-IP
0,2381,Pondicherry,"JIPMER, Puducherry",GENERAL SURGERY,JIPMER-All India,SC
0,2390,Chandigarh,"PGIMER, Chandigarh",OBG,PGIMER-All India,SC
0,2401,Rajasthan,"AIIMS, Jodhpur",PAEDIATRIC SURGERY 6 YRS,AIIMS-Inst. Pref,UR-AIIMS-IP
0,2403,Uttarakhand,"AIIMS, Rishikesh",RADIATION ONCOLOGY,AIIMS-Inst. Pref,UR-AIIMS-IP
0,2419,Bihar,"AIIMS, Patna",PAEDIATRICS,AIIMS-All India,SC
0,2420,Himachal Pradesh,"AIIMS, Bilaspur, Himachal",OBG,AIIMS-Inst. Pref,UR-AIIMS-IP
0,2423,Bihar,"AIIMS, Patna",FORENSIC MEDICINE,AIIMS-All India,UR
0,2434,Madhya Pradesh,"AIIMS, Bhopal",FORENSIC MEDICINE,AIIMS-All India,OBC
0,2437,Rajasthan,"AIIMS, Jodhpur",ANAESTHESIOLOGY,AIIMS-Inst. Pref,UR-AIIMS-IP
0,2439,Bihar,"AIIMS, Patna",TRAUMASURG&CC (6 YRS),AIIMS-Inst. Pref,UR-AIIMS-IP
0,2440,Delhi,"AIIMS, Delhi",NUCLEAR MEDICINE,AIIMS-All India,SC
0,2442,Bihar,"AIIMS, Patna",PATHOLOGY,AIIMS-All India,OBC
0,2453,Madhya Pradesh,"AIIMS, Bhopal",PATHOLOGY,AIIMS-All India,OBC
0,2454,Uttar Pradesh,"AIIMS, Rai Bareli",NEUROSURGERY 6 YRS,AIIMS-Inst. Pref,UR-AIIMS-IP
0,2464,Himachal Pradesh,"AIIMS, Bilaspur, Himachal",OPHTHALMOLOGY,AIIMS-Inst. Pref,UR-AIIMS-IP
0,2471,West Bengal,"AIIMS, Kalyani",ENT,AIIMS-Inst. Pref,UR-AIIMS-IP
0,2477,Jharkhand,"AIIMS, Deoghar",FORENSIC MEDICINE,AIIMS-All India,UR
0,2484,Madhya Pradesh,"AIIMS, Bhopal",FAMILY MEDICINE,AIIMS-All India,EWS
0,2486,Chandigarh,"PGIMER, Chandigarh",GENERAL SURGERY,PGIMER-Rural,UR-RA
0,2489,Delhi,"AIIMS, Delhi",HOSPITAL ADMINISTRATION,AIIMS-All India,OBC
0,2491,Assam,"AIIMS, Guwahati",PATHOLOGY,AIIMS-All India,OBC
0,2495,Chhattisgarh,"AIIMS, Raipur",ANAESTHESIOLOGY,AIIMS-Inst. Pref,UR-AIIMS-IP
0,2506,West Bengal,"AIIMS, Kalyani",FORENSIC MEDICINE,AIIMS-All India,UR
0,2508,Bihar,"AIIMS, Patna",MICROBIOLOGY,AIIMS-All India,UR
0,2536,Gujarat,"AIIMS, Rajkot",FORENSIC MEDICINE,AIIMS-All India,OBC
0,2538,Punjab,"AIIMS, Bathinda",ANAESTHESIOLOGY,AIIMS-All India,EWS
0,2542,Himachal Pradesh,"AIIMS, Bilaspur, Himachal",PATHOLOGY,AIIMS-All India,OBC
0,2557,Uttarakhand,"AIIMS, Rishikesh",OPHTHALMOLOGY,AIIMS-Inst. Pref,UR-AIIMS-IP
0,2568,Madhya Pradesh,"AIIMS, Bhopal",ANAESTHESIOLOGY,AIIMS-Inst. Pref,UR-AIIMS-IP
0,2569,Maharashtra,"AIIMS, Nagpur",PATHOLOGY,AIIMS-All India,OBC
0,2574,Chhattisgarh,"AIIMS, Raipur",ANAESTHESIOLOGY,AIIMS-Inst. Pref,UR-AIIMS-IP
0,2575,Pondicherry,"JIPMER, Puducherry",PHARMACOLOGY,JIMPER-Inst. Pref,INST (JIPMER)
0,2607,Jharkhand,"AIIMS, Deoghar",ANAESTHESIOLOGY,AIIMS-All India,EWS
0,2608,Andhra Pradesh,"AIIMS, Mangalagiri",FORENSIC MEDICINE,AIIMS-All India,UR
0,2613,Chhattisgarh,"AIIMS, Raipur",BIOCHEMISTRY,AIIMS-All India,UR
0,2629,Madhya Pradesh,"AIIMS, Bhopal",COMMUNITY MEDICINE,AIIMS-All India,OBC
0,2630,Maharashtra,"AIIMS, Nagpur",PHARMACOLOGY,AIIMS-All India,UR
0,2634,Delhi,"AIIMS, Delhi",ENT,AIIMS-All India,SC
0,2642,Uttar Pradesh,"AIIMS, Gorakhpur",GENERAL SURGERY,AIIMS-Inst. Pref,UR-AIIMS-IP
0,2652,Madhya Pradesh,"AIIMS, Bhopal",NUCLEAR MEDICINE,AIIMS-All India,SC
0,2653,Uttarakhand,"AIIMS, Rishikesh",GERIATRICS,AIIMS-Inst. Pref,UR-AIIMS-IP
0,2666,Rajasthan,"AIIMS, Jodhpur",DERMATOLOGY,AIIMS-All India,SC
0,2674,Karnataka,"NIMHANS, Bangalore",PSYCHIATRY,NIMHANS-All India,SC
0,2687,Delhi,"AIIMS, Delhi",PHARMACOLOGY,AIIMS-All India,OBC
0,2692,Maharashtra,"AIIMS, Nagpur",PAEDIATRICS,AIIMS-All India,SC
0,2701,Rajasthan,"AIIMS, Jodhpur",GENERAL MEDICINE,AIIMS-All India,ST
0,2702,Uttar Pradesh,"AIIMS, Rai Bareli",OPHTHALMOLOGY,AIIMS-Inst. Pref,UR-AIIMS-IP
0,2723,Chhattisgarh,"AIIMS, Raipur",DERMATOLOGY,AIIMS-All India,SC
0,2730,Madhya Pradesh,"AIIMS, Bhopal",PAEDIATRICS,AIIMS-All India,SC
0,2735,Uttarakhand,"AIIMS, Rishikesh",PLASTIC SURGERY 6 YRS,AIIMS-Inst. Pref,UR-AIIMS-IP
0,2743,Uttarakhand,"AIIMS, Rishikesh",OBG,AIIMS-All India,SC
0,2745,Chhattisgarh,"AIIMS, Raipur",ANAESTHESIOLOGY,AIIMS-Inst. Pref,UR-AIIMS-IP
0,2746,Rajasthan,"AIIMS, Jodhpur",COMMUNITY MEDICINE,AIIMS-All India,EWS
0,2753,Odisha,"AIIMS, Bhubaneswar",ENT,AIIMS-Inst. Pref,UR-AIIMS-IP
0,2754,Maharashtra,"AIIMS, Nagpur",PAEDIATRIC SURGERY 6 YRS,AIIMS-Inst. Pref,UR-AIIMS-IP
0,2781,Himachal Pradesh,"AIIMS, Bilaspur, Himachal",IHBT,AIIMS-All India,OBC
0,2782,Chandigarh,"PGIMER, Chandigarh",GENERAL SURGERY,PGIMER-All India,SC
0,2787,Pondicherry,"JIPMER, Puducherry",BIOCHEMISTRY,JIPMER-All India,UR
0,2790,Maharashtra,"AIIMS, Nagpur",PAEDIATRIC SURGERY 6 YRS,AIIMS-Inst. Pref,UR-AIIMS-IP
0,2794,Rajasthan,"AIIMS, Jodhpur",ANAESTHESIOLOGY,AIIMS-Inst. Pref,UR-AIIMS-IP
0,2798,Odisha,"AIIMS, Bhubaneswar",COMMUNITY MEDICINE,AIIMS-All India,OBC
0,2800,Chandigarh,"PGIMER, Chandigarh",ORTHOPAEDICS,PGIMER-All India,SC
0,2803,Odisha,"AIIMS, Bhubaneswar",ANAESTHESIOLOGY,AIIMS-Inst. Pref,UR-AIIMS-IP
0,2809,Delhi,"AIIMS, Delhi",OPHTHALMOLOGY,AIIMS-All India,SC
0,2821,Telangana,"AIIMS, Bibinagar",PATHOLOGY,AIIMS-All India,OBC
0,2823,Delhi,"AIIMS, Delhi",OPHTHALMOLOGY,AIIMS-All India,SC
0,2828,Uttarakhand,"AIIMS, Rishikesh",EMERGENCY MEDICINE,AIIMS-Inst. Pref,UR-AIIMS-IP
0,2830,Pondicherry,"JIPMER, Puducherry",PATHOLOGY,JIPMER-All India,EWS
0,2836,Pondicherry,"JIPMER, Puducherry",BIOCHEMISTRY,JIPMER-All India,UR
0,2837,Chhattisgarh,"AIIMS, Raipur",MICROBIOLOGY,AIIMS-All India,UR
0,2853,Uttarakhand,"AIIMS, Rishikesh",NUCLEAR MEDICINE,AIIMS-All India,SC
0,2862,Andhra Pradesh,"AIIMS, Mangalagiri",OBG,AIIMS-Inst. Pref,UR-AIIMS-IP
0,2890,Jharkhand,"AIIMS, Deoghar",GENERAL SURGERY,AIIMS-Inst. Pref,UR-AIIMS-IP
0,2896,Punjab,"AIIMS, Bathinda",MICROBIOLOGY,AIIMS-All India,UR
0,2914,Maharashtra,"AIIMS, Nagpur",DERMATOLOGY,AIIMS-All India,SC
0,2925,Delhi,"AIIMS, Delhi",COMMUNITY MEDICINE,AIIMS-All India,EWS
0,2929,Telangana,"AIIMS, Bibinagar",FORENSIC MEDICINE,AIIMS-All India,EWS
0,2933,Pondicherry,"JIPMER, Puducherry",ANAESTHESIOLOGY,JIPMER-All India,SC
0,2936,Uttarakhand,"AIIMS, Rishikesh",ANAESTHESIOLOGY,AIIMS-Inst. Pref,UR-AIIMS-IP
0,2944,Punjab,"AIIMS, Bathinda",OBG,AIIMS-Inst. Pref,UR-AIIMS-IP
0,2950,Pondicherry,"JIPMER, Puducherry",EMERGENCY MEDICINE,JIPMER-All India,SC
0,2962,Delhi,"AIIMS, Delhi",COMMUNITY MEDICINE,AIIMS-All India,SC
0,2965,Pondicherry,"JIPMER, Puducherry",MICROBIOLOGY,JIPMER-All India,OBC
0,2969,Andhra Pradesh,"AIIMS, Mangalagiri",MICROBIOLOGY,AIIMS-All India,OBC
0,2978,Pondicherry,"JIPMER, Puducherry",PAEDIATRICS,JIPMER-All India,ST
0,3001,Karnataka,"NIMHANS, Bangalore",PSYCHIATRY,NIMHANS-NE Domicile,OBC-North East Domicile
0,3017,Uttar Pradesh,"AIIMS, Gorakhpur",PATHOLOGY,AIIMS-All India,OBC
0,3018,Punjab,"AIIMS, Bathinda",PHARMACOLOGY,AIIMS-All India,UR
0,3021,Delhi,"AIIMS, Delhi",PAEDIATRICS,AIIMS-All India,ST
0,3036,Punjab,"AIIMS, Bathinda",DERMATOLOGY,AIIMS-All India,SC
0,3037,Maharashtra,"AIIMS, Nagpur",ANAESTHESIOLOGY,AIIMS-Inst. Pref,UR-AIIMS-IP
0,3038,West Bengal,"AIIMS, Kalyani",PHARMACOLOGY,AIIMS-All India,UR
0,3043,Bihar,"AIIMS, Patna",ANAESTHESIOLOGY,AIIMS-Inst. Pref,UR-AIIMS-IP
0,3048,Chandigarh,"PGIMER, Chandigarh",IHBT,PGIMER-All India,OBC
0,3050,Pondicherry,"JIPMER, Puducherry",ANAESTHESIOLOGY,JIPMER-All India,SC
0,3064,Andhra Pradesh,"AIIMS, Mangalagiri",COMMUNITY MEDICINE,AIIMS-All India,OBC
0,3066,Chandigarh,"PGIMER, Chandigarh",PSYCHIATRY,PGIMER-All India,SC
0,3067,Maharashtra,"AIIMS, Nagpur",OBG,AIIMS-All India,SC
0,3087,Assam,"AIIMS, Guwahati",PATHOLOGY,AIIMS-All India,OBC
0,3088,Bihar,"AIIMS, Patna",PMR,AIIMS-All India,OBC
0,3095,Telangana,"AIIMS, Bibinagar",PMR,AIIMS-All India,OBC
0,3120,Bihar,"AIIMS, Patna",PHYSIOLOGY,AIIMS-All India,UR
0,3138,Chandigarh,"PGIMER, Chandigarh",GENERAL SURGERY,PGIMER-All India,SC
0,3155,Chhattisgarh,"AIIMS, Raipur",PMR,AIIMS-All India,EWS
0,3201,Uttar Pradesh,"AIIMS, Rai Bareli",PATHOLOGY,AIIMS-All India,OBC
0,3232,Assam,"AIIMS, Guwahati",PHARMACOLOGY,AIIMS-All India,UR
0,3249,Rajasthan,"AIIMS, Jodhpur",OBG,AIIMS-All India,SC
0,3256,Andhra Pradesh,"AIIMS, Mangalagiri",HOSPITAL ADMINISTRATION,AIIMS-All India,OBC
0,3277,Punjab,"AIIMS, Bathinda",COMMUNITY & FAMILY MEDICINE,AIIMS-All India,OBC
0,3286,Assam,"AIIMS, Guwahati",PHYSIOLOGY,AIIMS-All India,UR
0,3298,Bihar,"AIIMS, Patna",TRAUMASURG&CC (6 YRS),AIIMS-Inst. Pref,UR-AIIMS-IP
0,3356,Chandigarh,"PGIMER, Chandigarh",RADIO DIAGNOSIS,PGIMER-All India,OBC-PwD
0,3359,Odisha,"AIIMS, Bhubaneswar",IHBT,AIIMS-All India,OBC
0,3372,Bihar,"AIIMS, Patna",GENERAL MEDICINE,AIIMS-All India,ST
0,3394,Pondicherry,"JIPMER, Puducherry",PATHOLOGY,JIPMER-All India,EWS
0,3406,Punjab,"AIIMS, Bathinda",PAEDIATRICS,AIIMS-All India,SC
0,3418,Delhi,"AIIMS, Delhi",ANAESTHESIOLOGY,AIIMS-All India,SC
0,3438,Chhattisgarh,"AIIMS, Raipur",FAMILY MEDICINE,AIIMS-Inst. Pref,UR-AIIMS-IP
0,3465,Punjab,"AIIMS, Bathinda",ENT,AIIMS-Inst. Pref,UR-AIIMS-IP
0,3466,Delhi,"AIIMS, Delhi",ANAESTHESIOLOGY,AIIMS-Inst. Pref,UR-AIIMS-IP
0,3500,Andhra Pradesh,"AIIMS, Mangalagiri",FORENSIC MEDICINE,AIIMS-All India,OBC
0,3505,Uttarakhand,"AIIMS, Rishikesh",IHBT,AIIMS-All India,OBC
0,3526,Pondicherry,"JIPMER, Puducherry",ORTHOPAEDICS,JIPMER-All India,SC
0,3550,Gujarat,"AIIMS, Rajkot",DERMATOLOGY,AIIMS-All India,SC
0,3551,Andhra Pradesh,"AIIMS, Mangalagiri",EMERGENCY MEDICINE,AIIMS-Inst. Pref,UR-AIIMS-IP
0,3553,Punjab,"AIIMS, Bathinda",PAEDIATRICS,AIIMS-All India,SC
0,3555,Chandigarh,"PGIMER, Chandigarh",ANAESTHESIOLOGY,PGIMER-Rural,UR-RA
0,3562,Uttarakhand,"AIIMS, Rishikesh",MICROBIOLOGY,AIIMS-All India,OBC
0,3564,Delhi,"AIIMS, Delhi",EMERGENCY MEDICINE,AIIMS-All India,SC
0,3586,Pondicherry,"JIPMER, Puducherry",ENT,JIPMER-All India,SC
0,3595,Delhi,"AIIMS, Delhi",GENERAL SURGERY,AIIMS-All India,SC
0,3603,Karnataka,"NIMHANS, Bangalore",PSYCHIATRY,NIMHANS-All India,SC
0,3618,Delhi,"AIIMS, Delhi",LAB MEDICINE,AIIMS-All India,OBC
0,3649,Delhi,"AIIMS, Delhi",GENERAL SURGERY,AIIMS-All India,SC
0,3655,Odisha,"AIIMS, Bhubaneswar",ANATOMY,AIIMS-All India,UR
0,3661,Punjab,"AIIMS, Bathinda",ORTHOPAEDICS,AIIMS-All India,SC
0,3666,Delhi,"AIIMS, Delhi",ANAESTHESIOLOGY,AIIMS-Inst. Pref,UR-AIIMS-IP
0,3698,Telangana,"AIIMS, Bibinagar",PMR,AIIMS-Inst. Pref,UR-AIIMS-IP
0,3704,Assam,"AIIMS, Guwahati",PMR,AIIMS-All India,OBC
0,3707,Chandigarh,"PGIMER, Chandigarh",HOSPITAL ADMINISTRATION,PGIMER-All India,OBC
0,3735,Assam,"AIIMS, Guwahati",COMMUNITY & FAMILY MEDICINE,AIIMS-All India,OBC
0,3736,Maharashtra,"AIIMS, Nagpur",PATHOLOGY,AIIMS-Inst. Pref,UR-AIIMS-IP
0,3737,Andhra Pradesh,"AIIMS, Mangalagiri",ANAESTHESIOLOGY,AIIMS-Inst. Pref,UR-AIIMS-IP
0,3747,Jharkhand,"AIIMS, Deoghar",ORTHOPAEDICS,AIIMS-Inst. Pref,UR-AIIMS-IP
0,3754,Delhi,"AIIMS, Delhi",HOSPITAL ADMINISTRATION,AIIMS-Inst. Pref,UR-AIIMS-IP
0,3766,Assam,"AIIMS, Guwahati",BIOCHEMISTRY,AIIMS-All India,UR
0,3767,Odisha,"AIIMS, Bhubaneswar",NUCLEAR MEDICINE,AIIMS-All India,SC
0,3782,Odisha,"AIIMS, Bhubaneswar",RADIO DIAGNOSIS,AIIMS-All India,ST
0,3797,Uttar Pradesh,"AIIMS, Gorakhpur",ORTHOPAEDICS,AIIMS-All India,SC
0,3802,Delhi,"AIIMS, Delhi",OBG,AIIMS-All India,ST
0,3809,Rajasthan,"AIIMS, Jodhpur",PATHOLOGY,AIIMS-All India,EWS
0,3823,Uttarakhand,"AIIMS, Rishikesh",RADIATION ONCOLOGY,AIIMS-All India,SC
0,3838,Bihar,"AIIMS, Patna",TRAUMASURG&CC (6 YRS),AIIMS-Inst. Pref,UR-AIIMS-IP
0,3851,Delhi,"AIIMS, Delhi",PSYCHIATRY,AIIMS-All India,UR-PwD
0,3911,Rajasthan,"AIIMS, Jodhpur",ANAESTHESIOLOGY,AIIMS-Inst. Pref,UR-AIIMS-IP
0,3943,Karnataka,"NIMHANS, Bangalore",PSYCHIATRY,NIMHANS-All India,SC
0,3964,Delhi,"AIIMS, Delhi",PALLIATIVE MEDICINE,AIIMS-All India,EWS
0,3973,Andhra Pradesh,"AIIMS, Mangalagiri",NUCLEAR MEDICINE,AIIMS-All India,SC
0,3975,Uttarakhand,"AIIMS, Rishikesh",PHYSIOLOGY,AIIMS-All India,OBC
0,3993,Chandigarh,"PGIMER, Chandigarh",GENERAL SURGERY,PGIMER-All India,SC
0,4007,Gujarat,"AIIMS, Rajkot",RADIO DIAGNOSIS,AIIMS-All India,ST
0,4024,Andhra Pradesh,"AIIMS, Mangalagiri",BIOCHEMISTRY,AIIMS-All India,UR
0,4025,Chhattisgarh,"AIIMS, Raipur",IHBT,AIIMS-All India,OBC
0,4027,Uttarakhand,"AIIMS, Rishikesh",GENERAL SURGERY,AIIMS-All India,SC
0,4033,Madhya Pradesh,"AIIMS, Bhopal",ENT,AIIMS-All India,SC
0,4045,Bihar,"AIIMS, Patna",EMERGENCY MEDICINE,AIIMS-All India,SC
0,4053,Andhra Pradesh,"AIIMS, Mangalagiri",ANATOMY,AIIMS-All India,UR
0,4072,Andhra Pradesh,"AIIMS, Mangalagiri",ANAESTHESIOLOGY,AIIMS-Inst. Pref,UR-AIIMS-IP
0,4079,Chhattisgarh,"AIIMS, Raipur",COMMUNITY MEDICINE,AIIMS-All India,OBC
0,4100,Uttarakhand,"AIIMS, Rishikesh",PSYCHIATRY,AIIMS-All India,SC
0,4103,Assam,"AIIMS, Guwahati",GENERAL SURGERY,AIIMS-All India,SC
0,4122,Rajasthan,"AIIMS, Jodhpur",PHARMACOLOGY,AIIMS-All India,EWS
0,4148,Assam,"AIIMS, Guwahati",PHYSIOLOGY,AIIMS-All India,UR
0,4150,Pondicherry,"JIPMER, Puducherry",PATHOLOGY,JIMPER-Inst. Pref,INST (JIPMER)
0,4153,Pondicherry,"JIPMER, Puducherry",OPHTHALMOLOGY,JIPMER-All India,SC-PwD
0,4158,Uttar Pradesh,"AIIMS, Rai Bareli",EMERGENCY MEDICINE,AIIMS-Inst. Pref,UR-AIIMS-IP
0,4165,Pondicherry,"JIPMER, Puducherry",PHARMACOLOGY,JIPMER-All India,SC
0,4177,Andhra Pradesh,"AIIMS, Mangalagiri",RADIO DIAGNOSIS,AIIMS-All India,ST
0,4180,Jharkhand,"AIIMS, Deoghar",ORTHOPAEDICS,AIIMS-All India,SC
0,4182,Maharashtra,"AIIMS, Nagpur",ENT,AIIMS-All India,SC
0,4187,Bihar,"AIIMS, Patna",ANAESTHESIOLOGY,AIIMS-Inst. Pref,UR-AIIMS-IP
0,4193,Andhra Pradesh,"AIIMS, Mangalagiri",OBG,AIIMS-Inst. Pref,UR-AIIMS-IP
0,4197,Andhra Pradesh,"AIIMS, Mangalagiri",GENERAL MEDICINE,AIIMS-All India,ST
0,4202,Jharkhand,"AIIMS, Deoghar",MICROBIOLOGY,AIIMS-All India,OBC
0,4211,West Bengal,"AIIMS, Kalyani",OPHTHALMOLOGY,AIIMS-All India,SC
0,4214,Rajasthan,"AIIMS, Jodhpur",COMMUNITY MEDICINE,AIIMS-All India,OBC
0,4239,Bihar,"AIIMS, Patna",PATHOLOGY,AIIMS-All India,EWS
0,4252,Bihar,"AIIMS, Patna",ANAESTHESIOLOGY,AIIMS-Inst. Pref,UR-AIIMS-IP
0,4253,Chandigarh,"PGIMER, Chandigarh",ANAESTHESIOLOGY,PGIMER-All India,SC
0,4268,Uttar Pradesh,"AIIMS, Gorakhpur",OBG,AIIMS-All India,SC
0,4269,Uttarakhand,"AIIMS, Rishikesh",GERIATRICS,AIIMS-Inst. Pref,UR-AIIMS-IP
0,4280,Chandigarh,"PGIMER, Chandigarh",ANAESTHESIOLOGY,PGIMER-All India,SC
0,4281,Madhya Pradesh,"AIIMS, Bhopal",GENERAL SURGERY,AIIMS-All India,SC
0,4301,Assam,"AIIMS, Guwahati",ANATOMY,AIIMS-All India,UR
0,4318,Pondicherry,"JIPMER, Puducherry",ANATOMY,JIPMER-All India,OBC-PwD
0,4331,Delhi,"AIIMS, Delhi",ORTHOPAEDICS,AIIMS-All India,ST
0,4340,Jharkhand,"AIIMS, Deoghar",ORTHOPAEDICS,AIIMS-Inst. Pref,UR-AIIMS-IP
0,4358,Assam,"AIIMS, Guwahati",ANATOMY,AIIMS-All India,UR
0,4377,Rajasthan,"AIIMS, Jodhpur",BIOCHEMISTRY,AIIMS-All India,OBC
0,4392,Odisha,"AIIMS, Bhubaneswar",COMMUNITY MEDICINE,AIIMS-All India,OBC
0,4394,Delhi,"AIIMS, Delhi",PHYSIOLOGY,AIIMS-All India,OBC
0,4395,Himachal Pradesh,"AIIMS, Bilaspur, Himachal",GENERAL MEDICINE,AIIMS-All India,ST
0,4400,Odisha,"AIIMS, Bhubaneswar",FORENSIC MEDICINE,AIIMS-All India,OBC
0,4417,Pondicherry,"JIPMER, Puducherry",COMMUNITY MEDICINE,JIMPER-Inst. Pref,INST (JIPMER)
0,4419,Odisha,"AIIMS, Bhubaneswar",HOSPITAL ADMINISTRATION,AIIMS-All India,OBC
0,4427,Bihar,"AIIMS, Patna",COMMUNITY & FAMILY MEDICINE,AIIMS-All India,OBC
0,4463,Chandigarh,"PGIMER, Chandigarh",PAEDIATRICS,PGIMER-All India,ST
0,4468,Delhi,"AIIMS, Delhi",ANAESTHESIOLOGY,AIIMS-All India,SC
0,4472,Jammu and Kashmir,"AIIMS, Jammu",FORENSIC MEDICINE,AIIMS-All India,OBC
0,4490,Maharashtra,"AIIMS, Nagpur",COMMUNITY MEDICINE,AIIMS-All India,EWS
0,4499,Chandigarh,"PGIMER, Chandigarh",MICROBIOLOGY,PGIMER-All India,OBC
0,4521,Madhya Pradesh,"AIIMS, Bhopal",GENERAL SURGERY,AIIMS-All India,ST
0,4545,Punjab,"AIIMS, Bathinda",COMMUNITY & FAMILY MEDICINE,AIIMS-All India,EWS
0,4553,Chhattisgarh,"AIIMS, Raipur",EMERGENCY MEDICINE,AIIMS-All India,SC
0,4567,Andhra Pradesh,"AIIMS, Mangalagiri",ORTHOPAEDICS,AIIMS-All India,SC
0,4593,Gujarat,"AIIMS, Rajkot",PHYSIOLOGY,AIIMS-Inst. Pref,UR-AIIMS-IP
0,4595,Delhi,"AIIMS, Delhi",ENT,AIIMS-Inst. Pref,UR-AIIMS-IP
0,4620,Bihar,"AIIMS, Patna",COMMUNITY & FAMILY MEDICINE,AIIMS-Inst. Pref,UR-AIIMS-IP
0,4632,Delhi,"AIIMS, Delhi",GERIATRICS,AIIMS-All India,SC
0,4635,Jharkhand,"AIIMS, Deoghar",COMMUNITY & FAMILY MEDICINE,AIIMS-All India,OBC
0,4664,Bihar,"AIIMS, Patna",FORENSIC MEDICINE,AIIMS-All India,OBC
0,4691,Uttar Pradesh,"AIIMS, Rai Bareli",ORTHOPAEDICS,AIIMS-All India,SC
0,4736,Punjab,"AIIMS, Bathinda",IHBT,AIIMS-All India,OBC
0,4751,Gujarat,"AIIMS, Rajkot",COMMUNITY & FAMILY MEDICINE,AIIMS-All India,OBC
0,4760,West Bengal,"AIIMS, Kalyani",FORENSIC MEDICINE,AIIMS-All India,OBC
0,4774,Gujarat,"AIIMS, Rajkot",PHARMACOLOGY,AIIMS-All India,OBC
0,4776,Andhra Pradesh,"AIIMS, Mangalagiri",ANAESTHESIOLOGY,AIIMS-Inst. Pref,UR-AIIMS-IP
0,4781,Maharashtra,"AIIMS, Nagpur",COMMUNITY MEDICINE,AIIMS-Inst. Pref,UR-AIIMS-IP
0,4785,Odisha,"AIIMS, Bhubaneswar",PSYCHIATRY,AIIMS-All India,SC
0,4801,Rajasthan,"AIIMS, Jodhpur",ANAESTHESIOLOGY,AIIMS-All India,SC
0,4811,Maharashtra,"AIIMS, Nagpur",GENERAL SURGERY,AIIMS-All India,SC
0,4842,Uttar Pradesh,"AIIMS, Rai Bareli",PAEDIATRIC SURGERY 6 YRS,AIIMS-Inst. Pref,UR-AIIMS-IP
0,4860,Andhra Pradesh,"AIIMS, Mangalagiri",GENERAL SURGERY,AIIMS-All India,SC
0,4866,Delhi,"AIIMS, Delhi",ANATOMY,AIIMS-All India,OBC
0,4884,Andhra Pradesh,"AIIMS, Mangalagiri",OPHTHALMOLOGY,AIIMS-Inst. Pref,UR-AIIMS-IP
0,4887,Rajasthan,"AIIMS, Jodhpur",COMMUNITY MEDICINE,AIIMS-All India,OBC
0,4899,Punjab,"AIIMS, Bathinda",ENT,AIIMS-All India,SC
0,4906,Pondicherry,"JIPMER, Puducherry",OBG,JIPMER-All India,ST
0,4921,Rajasthan,"AIIMS, Jodhpur",ANAESTHESIOLOGY,AIIMS-All India,SC
0,4958,Uttar Pradesh,"AIIMS, Rai Bareli",OBG,AIIMS-All India,SC
0,4974,Pondicherry,"JIPMER, Puducherry",PHYSIOLOGY,JIPMER-All India,OBC
0,4979,Gujarat,"AIIMS, Rajkot",OBG,AIIMS-All India,SC
0,4981,Himachal Pradesh,"AIIMS, Bilaspur, Himachal",OBG,AIIMS-All India,SC
0,4998,Delhi,"AIIMS, Delhi",PHYSIOLOGY,AIIMS-All India,OBC
0,5034,Delhi,"AIIMS, Delhi",LAB MEDICINE,AIIMS-All India,EWS
0,5043,Chhattisgarh,"AIIMS, Raipur",FORENSIC MEDICINE,AIIMS-All India,OBC
0,5080,Himachal Pradesh,"AIIMS, Bilaspur, Himachal",IHBT,AIIMS-All India,EWS
0,5081,Uttarakhand,"AIIMS, Rishikesh",BIOCHEMISTRY,AIIMS-All India,OBC
0,5084,Chhattisgarh,"AIIMS, Raipur",ANATOMY,AIIMS-Inst. Pref,UR-AIIMS-IP
0,5097,Punjab,"AIIMS, Bathinda",EMERGENCY MEDICINE,AIIMS-Inst. Pref,UR-AIIMS-IP
0,5104,Maharashtra,"AIIMS, Nagpur",GENERAL SURGERY,AIIMS-All India,SC
0,5125,Bihar,"AIIMS, Patna",GENERAL SURGERY,AIIMS-All India,SC
0,5141,Himachal Pradesh,"AIIMS, Bilaspur, Himachal",EMERGENCY MEDICINE,AIIMS-All India,SC
0,5147,Uttarakhand,"AIIMS, Rishikesh",PAEDIATRICS,AIIMS-All India,ST
0,5160,Andhra Pradesh,"AIIMS, Mangalagiri",PATHOLOGY,AIIMS-All India,EWS
0,5171,Assam,"AIIMS, Guwahati",RADIO DIAGNOSIS,AIIMS-All India,ST
0,5174,Madhya Pradesh,"AIIMS, Bhopal",PHARMACOLOGY,AIIMS-All India,OBC
0,5198,Pondicherry,"JIPMER, Puducherry",ANATOMY,JIPMER-All India,OBC
0,5200,Karnataka,"NIMHANS, Bangalore",PSYCHIATRY,NIMHANS-KAR Domicile,SC-Karnataka Domicile
0,5231,Jammu and Kashmir,"AIIMS, Jammu",ORTHOPAEDICS,AIIMS-All India,SC
0,5234,Odisha,"AIIMS, Bhubaneswar",IHBT,AIIMS-Inst. Pref,UR-AIIMS-IP
0,5236,Uttar Pradesh,"AIIMS, Gorakhpur",FAMILY MEDICINE,AIIMS-Inst. Pref,UR-AIIMS-IP
0,5243,Maharashtra,"AIIMS, Nagpur",GENERAL MEDICINE,AIIMS-All India,ST
0,5272,Telangana,"AIIMS, Bibinagar",IHBT,AIIMS-Inst. Pref,UR-AIIMS-IP
0,5300,Punjab,"AIIMS, Bathinda",GENERAL MEDICINE,AIIMS-All India,ST
0,5314,Pondicherry,"JIPMER, Puducherry",PATHOLOGY,JIMPER-Inst. Pref,INST (JIPMER)
0,5327,Maharashtra,"AIIMS, Nagpur",EMERGENCY MEDICINE,AIIMS-Inst. Pref,UR-AIIMS-IP
0,5329,Uttar Pradesh,"AIIMS, Gorakhpur",GENERAL SURGERY,AIIMS-All India,SC
0,5349,Jharkhand,"AIIMS, Deoghar",PHARMACOLOGY,AIIMS-All India,OBC
0,5372,Pondicherry,"JIPMER, Puducherry",PATHOLOGY,JIPMER-All India,SC
0,5403,Odisha,"AIIMS, Bhubaneswar",EMERGENCY MEDICINE,AIIMS-All India,SC
0,5410,Maharashtra,"AIIMS, Nagpur",PSYCHIATRY,AIIMS-Inst. Pref,UR-AIIMS-IP
0,5432,Bihar,"AIIMS, Patna",PHARMACOLOGY,AIIMS-Inst. Pref,UR-AIIMS-IP
0,5453,Telangana,"AIIMS, Bibinagar",GENERAL SURGERY,AIIMS-All India,SC
0,5494,Chandigarh,"PGIMER, Chandigarh",OBG,PGIMER-All India,ST
0,5516,Uttarakhand,"AIIMS, Rishikesh",ANAESTHESIOLOGY,AIIMS-All India,SC
0,5527,Gujarat,"AIIMS, Rajkot",PATHOLOGY,AIIMS-All India,EWS
0,5540,Jharkhand,"AIIMS, Deoghar",PATHOLOGY,AIIMS-All India,EWS
0,5544,Delhi,"AIIMS, Delhi",PALLIATIVE MEDICINE,AIIMS-All India,SC
0,5550,Punjab,"AIIMS, Bathinda",OBG,AIIMS-All India,SC
0,5562,Chandigarh,"PGIMER, Chandigarh",HOSPITAL ADMINISTRATION,PGIMER-All India,SC
0,5573,Delhi,"AIIMS, Delhi",PMR,AIIMS-Inst. Pref,UR-AIIMS-IP
0,5586,Punjab,"AIIMS, Bathinda",RADIO DIAGNOSIS,AIIMS-All India,UR-PwD
0,5615,Punjab,"AIIMS, Bathinda",BIOCHEMISTRY,AIIMS-All India,OBC
0,5646,Himachal Pradesh,"AIIMS, Bilaspur, Himachal",TRAUMATOLOGY AND SURGERY,AIIMS-Inst. Pref,UR-AIIMS-IP
0,5667,Bihar,"AIIMS, Patna",BIOCHEMISTRY,AIIMS-All India,OBC
0,5672,Maharashtra,"AIIMS, Nagpur",PAEDIATRICS,AIIMS-All India,ST
0,5746,Delhi,"AIIMS, Delhi",HOSPITAL ADMINISTRATION,AIIMS-Inst. Pref,UR-AIIMS-IP
0,5753,Chandigarh,"PGIMER, Chandigarh",MICROBIOLOGY,PGIMER-All India,OBC
0,5773,Andhra Pradesh,"AIIMS, Mangalagiri",ENT,AIIMS-Inst. Pref,UR-AIIMS-IP
0,5804,Andhra Pradesh,"AIIMS, Mangalagiri",RADIATION ONCOLOGY,AIIMS-Inst. Pref,UR-AIIMS-IP
0,5807,Odisha,"AIIMS, Bhubaneswar",EMERGENCY MEDICINE,AIIMS-All India,SC
0,5816,Madhya Pradesh,"AIIMS, Bhopal",ANAESTHESIOLOGY,AIIMS-All India,SC
0,5840,Uttarakhand,"AIIMS, Rishikesh",RADIATION ONCOLOGY,AIIMS-All India,ST
0,5842,Punjab,"AIIMS, Bathinda",COMMUNITY & FAMILY MEDICINE,AIIMS-Inst. Pref,UR-AIIMS-IP
0,5862,Delhi,"AIIMS, Delhi",OPHTHALMOLOGY,AIIMS-All India,ST
0,5875,Assam,"AIIMS, Guwahati",BIOCHEMISTRY,AIIMS-All India,OBC
0,5884,Punjab,"AIIMS, Bathinda",FORENSIC MEDICINE,AIIMS-All India,OBC
0,5887,Odisha,"AIIMS, Bhubaneswar",OPHTHALMOLOGY,AIIMS-All India,SC
0,5907,Uttarakhand,"AIIMS, Rishikesh",ANAESTHESIOLOGY,AIIMS-All India,SC
0,5916,Odisha,"AIIMS, Bhubaneswar",IHBT,AIIMS-Inst. Pref,UR-AIIMS-IP
0,5951,Jharkhand,"AIIMS, Deoghar",GENERAL SURGERY,AIIMS-All India,SC
0,5960,Jammu and Kashmir,"AIIMS, Jammu",OBG,AIIMS-All India,SC
0,5982,Maharashtra,"AIIMS, Nagpur",ORTHOPAEDICS,AIIMS-All India,ST
0,5986,Madhya Pradesh,"AIIMS, Bhopal",OPHTHALMOLOGY,AIIMS-All India,SC
0,5988,Odisha,"AIIMS, Bhubaneswar",FORENSIC MEDICINE,AIIMS-Inst. Pref,UR-AIIMS-IP
0,5997,Maharashtra,"AIIMS, Nagpur",BIOCHEMISTRY,AIIMS-All India,OBC
0,6003,Pondicherry,"JIPMER, Puducherry",PHYSIOLOGY,JIPMER-All India,EWS
0,6007,Maharashtra,"AIIMS, Nagpur",EMERGENCY MEDICINE,AIIMS-All India,SC
0,6038,Rajasthan,"AIIMS, Jodhpur",MICROBIOLOGY,AIIMS-All India,OBC
0,6058,Pondicherry,"JIPMER, Puducherry",GENERAL SURGERY,JIPMER-All India,ST
0,6070,Chhattisgarh,"AIIMS, Raipur",ANAESTHESIOLOGY,AIIMS-All India,SC
0,6072,Rajasthan,"AIIMS, Jodhpur",ANAESTHESIOLOGY,AIIMS-Inst. Pref,UR-AIIMS-IP
0,6073,Jharkhand,"AIIMS, Deoghar",OBG,AIIMS-All India,SC
0,6075,Madhya Pradesh,"AIIMS, Bhopal",PHYSIOLOGY,AIIMS-All India,OBC
0,6106,Assam,"AIIMS, Guwahati",PATHOLOGY,AIIMS-All India,EWS
0,6128,Jammu and Kashmir,"AIIMS, Jammu",OPHTHALMOLOGY,AIIMS-All India,SC
0,6135,Andhra Pradesh,"AIIMS, Mangalagiri",ENT,AIIMS-Inst. Pref,UR-AIIMS-IP
0,6137,Bihar,"AIIMS, Patna",ANAESTHESIOLOGY,AIIMS-All India,SC
0,6149,Maharashtra,"AIIMS, Nagpur",IHBT,AIIMS-Inst. Pref,UR-AIIMS-IP
0,6236,Chhattisgarh,"AIIMS, Raipur",MICROBIOLOGY,AIIMS-All India,OBC
0,6243,Bihar,"AIIMS, Patna",ANATOMY,AIIMS-All India,OBC
0,6259,Delhi,"AIIMS, Delhi",PATHOLOGY,AIIMS-All India,SC
0,6269,Odisha,"AIIMS, Bhubaneswar",MICROBIOLOGY,AIIMS-All India,EWS
0,6272,Rajasthan,"AIIMS, Jodhpur",PHYSIOLOGY,AIIMS-All India,OBC
0,6296,Maharashtra,"AIIMS, Nagpur",IHBT,AIIMS-All India,SC
0,6334,Madhya Pradesh,"AIIMS, Bhopal",PHARMACOLOGY,AIIMS-All India,EWS
0,6351,Andhra Pradesh,"AIIMS, Mangalagiri",HOSPITAL ADMINISTRATION,AIIMS-Inst. Pref,UR-AIIMS-IP
0,6385,Chhattisgarh,"AIIMS, Raipur",ANATOMY,AIIMS-All India,OBC
0,6398,Madhya Pradesh,"AIIMS, Bhopal",BIOCHEMISTRY,AIIMS-All India,OBC
0,6425,Andhra Pradesh,"AIIMS, Mangalagiri",PAEDIATRICS,AIIMS-All India,ST
0,6431,Punjab,"AIIMS, Bathinda",ANAESTHESIOLOGY,AIIMS-All India,SC
0,6436,Uttar Pradesh,"AIIMS, Gorakhpur",GENERAL MEDICINE,AIIMS-All India,ST
0,6445,Madhya Pradesh,"AIIMS, Bhopal",PHYSIOLOGY,AIIMS-Inst. Pref,UR-AIIMS-IP
0,6496,Bihar,"AIIMS, Patna",PHYSIOLOGY,AIIMS-Inst. Pref,UR-AIIMS-IP
0,6498,Bihar,"AIIMS, Patna",PAEDIATRICS,AIIMS-All India,ST
0,6499,Uttarakhand,"AIIMS, Rishikesh",ANAESTHESIOLOGY,AIIMS-Inst. Pref,UR-AIIMS-IP
0,6506,Jharkhand,"AIIMS, Deoghar",ANAESTHESIOLOGY,AIIMS-All India,SC
0,6515,Gujarat,"AIIMS, Rajkot",ANATOMY,AIIMS-All India,OBC
0,6560,Pondicherry,"JIPMER, Puducherry",PHYSIOLOGY,JIMPER-Inst. Pref,INST (JIPMER)
0,6571,Pondicherry,"JIPMER, Puducherry",IHBT,JIPMER-All India,SC
0,6588,Himachal Pradesh,"AIIMS, Bilaspur, Himachal",PAEDIATRICS,AIIMS-All India,ST
0,6700,Assam,"AIIMS, Guwahati",ANAESTHESIOLOGY,AIIMS-All India,SC
0,6808,Pondicherry,"JIPMER, Puducherry",OBG,JIPMER-All India,ST
0,6812,Punjab,"AIIMS, Bathinda",OBG,AIIMS-Inst. Pref,UR-AIIMS-IP
0,6830,West Bengal,"AIIMS, Kalyani",FORENSIC MEDICINE,AIIMS-All India,EWS
0,6849,Telangana,"AIIMS, Bibinagar",MICROBIOLOGY,AIIMS-Inst. Pref,UR-AIIMS-IP
0,6890,Himachal Pradesh,"AIIMS, Bilaspur, Himachal",PAEDIATRIC SURGERY 6 YRS,AIIMS-Inst. Pref,UR-AIIMS-IP
0,6934,Chandigarh,"PGIMER, Chandigarh",PATHOLOGY,PGIMER-All India,SC
0,6962,Chhattisgarh,"AIIMS, Raipur",ENT,AIIMS-All India,SC
0,7004,Rajasthan,"AIIMS, Jodhpur",PSYCHIATRY,AIIMS-All India,SC
0,7035,Himachal Pradesh,"AIIMS, Bilaspur, Himachal",ANAESTHESIOLOGY,AIIMS-All India,SC
0,7143,Chandigarh,"PGIMER, Chandigarh",IHBT,PGIMER-All India,SC
0,7184,Assam,"AIIMS, Guwahati",PHYSIOLOGY,AIIMS-All India,OBC
0,7196,Maharashtra,"AIIMS, Nagpur",MICROBIOLOGY,AIIMS-Inst. Pref,UR-AIIMS-IP
0,7227,Maharashtra,"AIIMS, Nagpur",PHYSIOLOGY,AIIMS-Inst. Pref,UR-AIIMS-IP
0,7230,Uttarakhand,"AIIMS, Rishikesh",ANATOMY,AIIMS-All India,OBC
0,7291,Bihar,"AIIMS, Patna",ENT,AIIMS-All India,SC
0,7320,Delhi,"AIIMS, Delhi",LAB MEDICINE,AIIMS-All India,SC
0,7326,Chandigarh,"PGIMER, Chandigarh",OPHTHALMOLOGY,PGIMER-All India,ST
0,7366,Delhi,"AIIMS, Delhi",PHYSIOLOGY,AIIMS-All India,EWS
0,7397,Uttar Pradesh,"AIIMS, Rai Bareli",BIOCHEMISTRY,AIIMS-All India,OBC
0,7407,Delhi,"AIIMS, Delhi",BIOPHYSICS,AIIMS-Inst. Pref,UR-AIIMS-IP
0,7421,Delhi,"AIIMS, Delhi",BIOPHYSICS,AIIMS-Inst. Pref,UR-AIIMS-IP
0,7462,Madhya Pradesh,"AIIMS, Bhopal",COMMUNITY MEDICINE,AIIMS-Inst. Pref,UR-AIIMS-IP
0,7465,Chhattisgarh,"AIIMS, Raipur",COMMUNITY MEDICINE,AIIMS-Inst. Pref,UR-AIIMS-IP
0,7519,Himachal Pradesh,"AIIMS, Bilaspur, Himachal",ENT,AIIMS-All India,SC
0,7528,Himachal Pradesh,"AIIMS, Bilaspur, Himachal",TRAUMATOLOGY AND SURGERY,AIIMS-All India,SC
0,7606,Chhattisgarh,"AIIMS, Raipur",OPHTHALMOLOGY,AIIMS-All India,SC
0,7607,Assam,"AIIMS, Guwahati",ANATOMY,AIIMS-All India,OBC
0,7685,Rajasthan,"AIIMS, Jodhpur",OBG,AIIMS-All India,ST
0,7698,Uttar Pradesh,"AIIMS, Rai Bareli",ANAESTHESIOLOGY,AIIMS-Inst. Pref,UR-AIIMS-IP
0,7760,Delhi,"AIIMS, Delhi",BIOPHYSICS,AIIMS-Inst. Pref,UR-AIIMS-IP
0,7793,Madhya Pradesh,"AIIMS, Bhopal",PSYCHIATRY,AIIMS-All India,SC
0,7846,Telangana,"AIIMS, Bibinagar",PHYSIOLOGY,AIIMS-All India,OBC
0,7862,Assam,"AIIMS, Guwahati",ANATOMY,AIIMS-All India,OBC
0,7883,Assam,"AIIMS, Guwahati",OPHTHALMOLOGY,AIIMS-All India,SC
0,7888,Pondicherry,"JIPMER, Puducherry",ANATOMY,JIPMER-All India,SC
0,7896,Himachal Pradesh,"AIIMS, Bilaspur, Himachal",PSYCHIATRY,AIIMS-All India,SC
0,7925,Telangana,"AIIMS, Bibinagar",ANATOMY,AIIMS-All India,OBC
0,7933,Uttar Pradesh,"AIIMS, Gorakhpur",COMMUNITY & FAMILY MEDICINE,AIIMS-Inst. Pref,UR-AIIMS-IP
0,8019,Rajasthan,"AIIMS, Jodhpur",MICROBIOLOGY,AIIMS-All India,EWS
0,8049,Bihar,"AIIMS, Patna",BIOCHEMISTRY,AIIMS-Inst. Pref,UR-AIIMS-IP
0,8089,Punjab,"AIIMS, Bathinda",ORTHOPAEDICS,AIIMS-Inst. Pref,UR-AIIMS-IP
0,8090,Andhra Pradesh,"AIIMS, Mangalagiri",ANATOMY,AIIMS-All India,OBC
0,8117,Uttar Pradesh,"AIIMS, Rai Bareli",PSYCHIATRY,AIIMS-All India,SC
0,8123,Uttarakhand,"AIIMS, Rishikesh",TRAUMASURG&CC (6 YRS),AIIMS-Inst. Pref,UR-AIIMS-IP
0,8279,Odisha,"AIIMS, Bhubaneswar",PHYSIOLOGY,AIIMS-Inst. Pref,UR-AIIMS-IP
0,8281,Jharkhand,"AIIMS, Deoghar",PHYSIOLOGY,AIIMS-All India,OBC
0,8318,Karnataka,"NIMHANS, Bangalore",PSYCHIATRY,NIMHANS-All India,ST
0,8336,Maharashtra,"AIIMS, Nagpur",ANATOMY,AIIMS-All India,OBC
0,8339,Chhattisgarh,"AIIMS, Raipur",PHARMACOLOGY,AIIMS-Inst. Pref,UR-AIIMS-IP
0,8405,Rajasthan,"AIIMS, Jodhpur",PATHOLOGY,AIIMS-All India,SC
0,8419,Punjab,"AIIMS, Bathinda",PAEDIATRICS,AIIMS-All India,ST
0,8434,Delhi,"AIIMS, Delhi",PMR,AIIMS-Inst. Pref,UR-AIIMS-IP
0,8446,Jharkhand,"AIIMS, Deoghar",ANATOMY,AIIMS-All India,OBC
0,8462,Maharashtra,"AIIMS, Nagpur",PATHOLOGY,AIIMS-All India,SC
0,8472,Bihar,"AIIMS, Patna",OBG,AIIMS-All India,ST
0,8483,Odisha,"AIIMS, Bhubaneswar",PMR,AIIMS-All India,SC
0,8547,West Bengal,"AIIMS, Kalyani",ANATOMY,AIIMS-All India,OBC
0,8633,Gujarat,"AIIMS, Rajkot",ANATOMY,AIIMS-All India,EWS
0,8687,Uttar Pradesh,"AIIMS, Gorakhpur",FORENSIC MEDICINE,AIIMS-Inst. Pref,UR-AIIMS-IP
0,8725,West Bengal,"AIIMS, Kalyani",ANATOMY,AIIMS-All India,OBC
0,8736,Delhi,"AIIMS, Delhi",PSYCHIATRY,AIIMS-All India,ST
0,8759,Madhya Pradesh,"AIIMS, Bhopal",MICROBIOLOGY,AIIMS-All India,EWS
0,8781,Uttarakhand,"AIIMS, Rishikesh",IHBT,AIIMS-Inst. Pref,UR-AIIMS-IP
0,8806,Himachal Pradesh,"AIIMS, Bilaspur, Himachal",EMERGENCY MEDICINE,AIIMS-Inst. Pref,UR-AIIMS-IP
0,8822,Madhya Pradesh,"AIIMS, Bhopal",PATHOLOGY,AIIMS-All India,SC
0,8825,Chhattisgarh,"AIIMS, Raipur",PSYCHIATRY,AIIMS-All India,ST
0,8826,Bihar,"AIIMS, Patna",ANATOMY,AIIMS-Inst. Pref,UR-AIIMS-IP
0,8832,Pondicherry,"JIPMER, Puducherry",RADIATION ONCOLOGY,JIPMER-All India,ST
0,8840,Pondicherry,"JIPMER, Puducherry",PSYCHIATRY,JIPMER-All India,ST
0,8854,Chandigarh,"PGIMER, Chandigarh",PAEDIATRICS,PGIMER-All India,UR-PwD
0,8862,Rajasthan,"AIIMS, Jodhpur",COMMUNITY MEDICINE,AIIMS-All India,SC
0,8904,Pondicherry,"JIPMER, Puducherry",MICROBIOLOGY,JIPMER-All India,SC
0,8921,Jharkhand,"AIIMS, Deoghar",PAEDIATRIC SURGERY 6 YRS,AIIMS-Inst. Pref,UR-AIIMS-IP
0,8923,Telangana,"AIIMS, Bibinagar",PATHOLOGY,AIIMS-All India,SC
0,9011,Chhattisgarh,"AIIMS, Raipur",GENERAL SURGERY,AIIMS-All India,ST
0,9020,Punjab,"AIIMS, Bathinda",GENERAL SURGERY,AIIMS-All India,ST
0,9040,Maharashtra,"AIIMS, Nagpur",OBG,AIIMS-All India,ST
0,9166,Jammu and Kashmir,"AIIMS, Jammu",NEUROSURGERY 6 YRS,AIIMS-Inst. Pref,UR-AIIMS-IP
0,9215,Delhi,"AIIMS, Delhi",ANAESTHESIOLOGY,AIIMS-All India,ST
0,9267,Jammu and Kashmir,"AIIMS, Jammu",ORTHOPAEDICS,AIIMS-Inst. Pref,UR-AIIMS-IP
0,9287,Andhra Pradesh,"AIIMS, Mangalagiri",PMR,AIIMS-Inst. Pref,UR-AIIMS-IP
0,9292,Delhi,"AIIMS, Delhi",EMERGENCY MEDICINE,AIIMS-All India,ST
0,9329,Gujarat,"AIIMS, Rajkot",FAMILY MEDICINE,AIIMS-All India,SC
0,9335,Uttarakhand,"AIIMS, Rishikesh",PHYSIOLOGY,AIIMS-All India,EWS
0,9348,Jharkhand,"AIIMS, Deoghar",PAEDIATRIC SURGERY 6 YRS,AIIMS-Inst. Pref,UR-AIIMS-IP
0,9378,Madhya Pradesh,"AIIMS, Bhopal",IHBT,AIIMS-Inst. Pref,UR-AIIMS-IP
0,9398,Delhi,"AIIMS, Delhi",BIOPHYSICS,AIIMS-All India,SC
0,9423,Andhra Pradesh,"AIIMS, Mangalagiri",COMMUNITY MEDICINE,AIIMS-Inst. Pref,UR-AIIMS-IP
0,9437,Jammu and Kashmir,"AIIMS, Jammu",FAMILY MEDICINE,AIIMS-All India,SC
0,9482,Madhya Pradesh,"AIIMS, Bhopal",ORTHOPAEDICS,AIIMS-All India,ST
0,9489,Maharashtra,"AIIMS, Nagpur",PHARMACOLOGY,AIIMS-Inst. Pref,UR-AIIMS-IP
0,9572,Chandigarh,"PGIMER, Chandigarh",ANAESTHESIOLOGY,PGIMER-All India,ST
0,9595,Madhya Pradesh,"AIIMS, Bhopal",FORENSIC MEDICINE,AIIMS-All India,SC
0,9641,Pondicherry,"JIPMER, Puducherry",BIOCHEMISTRY,JIPMER-All India,SC
0,9643,Jammu and Kashmir,"AIIMS, Jammu",ENT,AIIMS-Inst. Pref,UR-AIIMS-IP
0,9689,Gujarat,"AIIMS, Rajkot",ORTHOPAEDICS,AIIMS-All India,ST
0,9740,Rajasthan,"AIIMS, Jodhpur",OPHTHALMOLOGY,AIIMS-All India,ST
0,9812,Punjab,"AIIMS, Bathinda",OBG,AIIMS-All India,ST
0,9867,Chhattisgarh,"AIIMS, Raipur",IHBT,AIIMS-All India,SC
0,9868,Delhi,"AIIMS, Delhi",ANAESTHESIOLOGY,AIIMS-All India,ST
0,9874,Delhi,"AIIMS, Delhi",PMR,AIIMS-All India,SC
0,9996,Chhattisgarh,"AIIMS, Raipur",PATHOLOGY,AIIMS-All India,SC
0,10025,Odisha,"AIIMS, Bhubaneswar",OPHTHALMOLOGY,AIIMS-All India,ST
0,10036,Maharashtra,"AIIMS, Nagpur",GENERAL SURGERY,AIIMS-All India,ST
0,10049,Jharkhand,"AIIMS, Deoghar",GENERAL SURGERY,AIIMS-All India,ST
0,10075,Pondicherry,"JIPMER, Puducherry",PHYSIOLOGY,JIMPER-Inst. Pref,INST (JIPMER)
0,10482,Rajasthan,"AIIMS, Jodhpur",COMMUNITY MEDICINE,AIIMS-Inst. Pref,UR-AIIMS-IP
0,10509,Jammu and Kashmir,"AIIMS, Jammu",ANAESTHESIOLOGY,AIIMS-All India,ST
0,10559,Uttarakhand,"AIIMS, Rishikesh",ANAESTHESIOLOGY,AIIMS-All India,ST
0,10567,Odisha,"AIIMS, Bhubaneswar",PHYSIOLOGY,AIIMS-All India,EWS
0,10594,Assam,"AIIMS, Guwahati",FORENSIC MEDICINE,AIIMS-All India,SC
0,10598,Rajasthan,"AIIMS, Jodhpur",ANAESTHESIOLOGY,AIIMS-All India,ST
0,10625,Pondicherry,"JIPMER, Puducherry",ANATOMY,JIMPER-Inst. Pref,INST (JIPMER)
0,10739,Rajasthan,"AIIMS, Jodhpur",COMMUNITY MEDICINE,AIIMS-All India,SC
0,10761,Assam,"AIIMS, Guwahati",FORENSIC MEDICINE,AIIMS-All India,EWS
0,10814,Bihar,"AIIMS, Patna",COMMUNITY & FAMILY MEDICINE,AIIMS-All India,SC
0,10967,Bihar,"AIIMS, Patna",ANAESTHESIOLOGY,AIIMS-All India,ST
0,10974,Jharkhand,"AIIMS, Deoghar",GENERAL MEDICINE,AIIMS-All India,UR-PwD
0,11020,Andhra Pradesh,"AIIMS, Mangalagiri",IHBT,AIIMS-Inst. Pref,UR-AIIMS-IP
0,11031,Uttarakhand,"AIIMS, Rishikesh",PMR,AIIMS-All India,SC
0,11087,Punjab,"AIIMS, Bathinda",PAEDIATRIC SURGERY 6 YRS,AIIMS-Inst. Pref,UR-AIIMS-IP
0,11182,Chhattisgarh,"AIIMS, Raipur",BIOCHEMISTRY,AIIMS-All India,EWS
0,11246,Odisha,"AIIMS, Bhubaneswar",PATHOLOGY,AIIMS-All India,SC
0,11259,Punjab,"AIIMS, Bathinda",ANAESTHESIOLOGY,AIIMS-All India,ST
0,11337,Jharkhand,"AIIMS, Deoghar",ANAESTHESIOLOGY,AIIMS-All India,ST
0,11450,Madhya Pradesh,"AIIMS, Bhopal",ENT,AIIMS-All India,ST
0,11538,Odisha,"AIIMS, Bhubaneswar",BIOCHEMISTRY,AIIMS-All India,EWS
0,11556,Andhra Pradesh,"AIIMS, Mangalagiri",PHARMACOLOGY,AIIMS-All India,SC
0,11563,Maharashtra,"AIIMS, Nagpur",MICROBIOLOGY,AIIMS-All India,EWS
0,11712,Rajasthan,"AIIMS, Jodhpur",PATHOLOGY,AIIMS-All India,ST
0,11731,Jharkhand,"AIIMS, Deoghar",PMR,AIIMS-All India,SC
0,11881,Delhi,"AIIMS, Delhi",PALLIATIVE MEDICINE,AIIMS-All India,ST
0,11981,Jharkhand,"AIIMS, Deoghar",ENT,AIIMS-All India,ST
0,12100,Madhya Pradesh,"AIIMS, Bhopal",ANATOMY,AIIMS-Inst. Pref,UR-AIIMS-IP
0,12149,Rajasthan,"AIIMS, Jodhpur",ANATOMY,AIIMS-All India,SC
0,12200,Delhi,"AIIMS, Delhi",COMMUNITY MEDICINE,AIIMS-All India,ST
0,12247,West Bengal,"AIIMS, Kalyani",BIOCHEMISTRY,AIIMS-All India,EWS
0,12322,Bihar,"AIIMS, Patna",PATHOLOGY,AIIMS-All India,SC
0,12330,Rajasthan,"AIIMS, Jodhpur",HOSPITAL ADMINISTRATION,AIIMS-Inst. Pref,UR-AIIMS-IP
0,12427,Delhi,"AIIMS, Delhi",LAB MEDICINE,AIIMS-All India,ST
0,12466,Andhra Pradesh,"AIIMS, Mangalagiri",PMR,AIIMS-All India,SC
0,12540,Uttar Pradesh,"AIIMS, Gorakhpur",RADIATION ONCOLOGY,AIIMS-All India,ST
0,12576,Uttar Pradesh,"AIIMS, Rai Bareli",ANAESTHESIOLOGY,AIIMS-Inst. Pref,UR-AIIMS-IP
0,12635,Chandigarh,"PGIMER, Chandigarh",GENERAL MEDICINE,PGIMER-All India,UR-PwD
0,12738,Chhattisgarh,"AIIMS, Raipur",COMMUNITY MEDICINE,AIIMS-All India,SC
0,12767,Jammu and Kashmir,"AIIMS, Jammu",MICROBIOLOGY,AIIMS-All India,EWS
0,12864,Punjab,"AIIMS, Bathinda",ANAESTHESIOLOGY,AIIMS-Inst. Pref,UR-AIIMS-IP
0,12866,Delhi,"AIIMS, Delhi",HOSPITAL ADMINISTRATION,AIIMS-All India,SC
0,12943,Himachal Pradesh,"AIIMS, Bilaspur, Himachal",COMMUNITY & FAMILY MEDICINE,AIIMS-All India,SC
0,12948,West Bengal,"AIIMS, Kalyani",MICROBIOLOGY,AIIMS-All India,EWS
0,12953,Assam,"AIIMS, Guwahati",MICROBIOLOGY,AIIMS-All India,EWS
0,12964,Delhi,"AIIMS, Delhi",PHYSIOLOGY,AIIMS-All India,SC
0,13004,Pondicherry,"JIPMER, Puducherry",COMMUNITY MEDICINE,JIPMER-All India,ST
0,13059,Punjab,"AIIMS, Bathinda",PATHOLOGY,AIIMS-Inst. Pref,UR-AIIMS-IP
0,13063,Jammu and Kashmir,"AIIMS, Jammu",RADIATION ONCOLOGY,AIIMS-All India,ST
0,13067,Delhi,"AIIMS, Delhi",PAEDIATRICS,AIIMS-All India,UR-PwD
0,13351,Assam,"AIIMS, Guwahati",BIOCHEMISTRY,AIIMS-All India,SC
0,13444,Jharkhand,"AIIMS, Deoghar",ANAESTHESIOLOGY,AIIMS-Inst. Pref,UR-AIIMS-IP
0,13506,Uttarakhand,"AIIMS, Rishikesh",IHBT,AIIMS-All India,ST
0,13524,Jharkhand,"AIIMS, Deoghar",PATHOLOGY,AIIMS-All India,SC
0,13595,Uttarakhand,"AIIMS, Rishikesh",PATHOLOGY,AIIMS-Inst. Pref,UR-AIIMS-IP
0,13639,Madhya Pradesh,"AIIMS, Bhopal",ANATOMY,AIIMS-All India,SC
0,13781,Assam,"AIIMS, Guwahati",PATHOLOGY,AIIMS-All India,SC
0,13872,Rajasthan,"AIIMS, Jodhpur",BIOCHEMISTRY,AIIMS-All India,SC
0,13919,Rajasthan,"AIIMS, Jodhpur",PMR,AIIMS-Inst. Pref,UR-AIIMS-IP
0,14038,Odisha,"AIIMS, Bhubaneswar",ANATOMY,AIIMS-Inst. Pref,UR-AIIMS-IP
0,14051,Punjab,"AIIMS, Bathinda",HOSPITAL ADMINISTRATION,AIIMS-Inst. Pref,UR-AIIMS-IP
0,14087,Assam,"AIIMS, Guwahati",PHYSIOLOGY,AIIMS-All India,EWS
0,14123,Chhattisgarh,"AIIMS, Raipur",COMMUNITY MEDICINE,AIIMS-Inst. Pref,UR-AIIMS-IP
0,14410,West Bengal,"AIIMS, Kalyani",PHYSIOLOGY,AIIMS-All India,SC
0,14415,Madhya Pradesh,"AIIMS, Bhopal",MICROBIOLOGY,AIIMS-Inst. Pref,UR-AIIMS-IP
0,14455,Jharkhand,"AIIMS, Deoghar",COMMUNITY & FAMILY MEDICINE,AIIMS-All India,SC
0,14458,Himachal Pradesh,"AIIMS, Bilaspur, Himachal",EMERGENCY MEDICINE,AIIMS-Inst. Pref,UR-AIIMS-IP
0,14529,Rajasthan,"AIIMS, Jodhpur",MICROBIOLOGY,AIIMS-All India,SC
0,14547,Odisha,"AIIMS, Bhubaneswar",MICROBIOLOGY,AIIMS-All India,SC
0,14570,Gujarat,"AIIMS, Rajkot",MICROBIOLOGY,AIIMS-All India,SC
0,14640,Chhattisgarh,"AIIMS, Raipur",PHYSIOLOGY,AIIMS-Inst. Pref,UR-AIIMS-IP
0,14697,Assam,"AIIMS, Guwahati",ANATOMY,AIIMS-All India,EWS
0,14715,West Bengal,"AIIMS, Kalyani",ANATOMY,AIIMS-All India,SC
0,14762,Odisha,"AIIMS, Bhubaneswar",PHYSIOLOGY,AIIMS-All India,SC
0,14809,Chhattisgarh,"AIIMS, Raipur",MICROBIOLOGY,AIIMS-All India,SC
0,14813,Rajasthan,"AIIMS, Jodhpur",COMMUNITY MEDICINE,AIIMS-All India,ST
0,15027,Uttar Pradesh,"AIIMS, Rai Bareli",IHBT,AIIMS-All India,ST
0,15038,Pondicherry,"JIPMER, Puducherry",PATHOLOGY,JIPMER-All India,ST
0,15196,Andhra Pradesh,"AIIMS, Mangalagiri",MICROBIOLOGY,AIIMS-Inst. Pref,UR-AIIMS-IP
0,15198,Jharkhand,"AIIMS, Deoghar",COMMUNITY & FAMILY MEDICINE,AIIMS-All India,ST
0,15444,Rajasthan,"AIIMS, Jodhpur",MICROBIOLOGY,AIIMS-Inst. Pref,UR-AIIMS-IP
0,15484,Maharashtra,"AIIMS, Nagpur",PATHOLOGY,AIIMS-All India,ST
0,15511,Maharashtra,"AIIMS, Nagpur",MICROBIOLOGY,AIIMS-All India,SC
0,15532,Madhya Pradesh,"AIIMS, Bhopal",MICROBIOLOGY,AIIMS-Inst. Pref,UR-AIIMS-IP
0,15734,Uttar Pradesh,"AIIMS, Rai Bareli",COMMUNITY MEDICINE,AIIMS-Inst. Pref,UR-AIIMS-IP
0,15827,Odisha,"AIIMS, Bhubaneswar",BIOCHEMISTRY,AIIMS-All India,SC
0,15862,Punjab,"AIIMS, Bathinda",MICROBIOLOGY,AIIMS-All India,SC
0,16023,Maharashtra,"AIIMS, Nagpur",BIOCHEMISTRY,AIIMS-All India,SC
0,16312,Delhi,"AIIMS, Delhi",IHBT,AIIMS-Inst. Pref,UR-AIIMS-IP
0,16324,Odisha,"AIIMS, Bhubaneswar",PATHOLOGY,AIIMS-All India,ST
0,16448,Himachal Pradesh,"AIIMS, Bilaspur, Himachal",TRAUMATOLOGY AND SURGERY,AIIMS-Inst. Pref,UR-AIIMS-IP
0,16449,Delhi,"AIIMS, Delhi",MICROBIOLOGY,AIIMS-Inst. Pref,UR-AIIMS-IP
0,16639,Punjab,"AIIMS, Bathinda",BIOCHEMISTRY,AIIMS-Inst. Pref,UR-AIIMS-IP
0,16835,Himachal Pradesh,"AIIMS, Bilaspur, Himachal",PATHOLOGY,AIIMS-All India,ST
0,16943,Rajasthan,"AIIMS, Jodhpur",COMMUNITY MEDICINE,AIIMS-Inst. Pref,UR-AIIMS-IP
0,17084,Madhya Pradesh,"AIIMS, Bhopal",PATHOLOGY,AIIMS-All India,ST
0,17092,West Bengal,"AIIMS, Kalyani",ANATOMY,AIIMS-Inst. Pref,UR-AIIMS-IP
0,17114,West Bengal,"AIIMS, Kalyani",PHYSIOLOGY,AIIMS-Inst. Pref,UR-AIIMS-IP
0,17176,Bihar,"AIIMS, Patna",PATHOLOGY,AIIMS-All India,ST
0,17751,Punjab,"AIIMS, Bathinda",PHYSIOLOGY,AIIMS-Inst. Pref,UR-AIIMS-IP
0,17771,Assam,"AIIMS, Guwahati",PHYSIOLOGY,AIIMS-All India,SC
0,17996,Chhattisgarh,"AIIMS, Raipur",PATHOLOGY,AIIMS-All India,ST
0,18064,West Bengal,"AIIMS, Kalyani",PATHOLOGY,AIIMS-All India,ST
0,18136,Gujarat,"AIIMS, Rajkot",ANATOMY,AIIMS-Inst. Pref,UR-AIIMS-IP
0,18226,Assam,"AIIMS, Guwahati",BIOCHEMISTRY,AIIMS-All India,SC
0,18301,Delhi,"AIIMS, Delhi",PHARMACOLOGY,AIIMS-Inst. Pref,UR-AIIMS-IP
0,18494,Telangana,"AIIMS, Bibinagar",FORENSIC MEDICINE,AIIMS-All India,ST
0,18902,Assam,"AIIMS, Guwahati",PATHOLOGY,AIIMS-All India,ST
0,18927,Maharashtra,"AIIMS, Nagpur",MICROBIOLOGY,AIIMS-Inst. Pref,UR-AIIMS-IP
0,19580,Chandigarh,"PGIMER, Chandigarh",MICROBIOLOGY,PGIMER-All India,ST
0,19806,Madhya Pradesh,"AIIMS, Bhopal",BIOCHEMISTRY,AIIMS-All India,ST
0,19836,Pondicherry,"JIPMER, Puducherry",ANATOMY,JIPMER-All India,ST
0,19883,Rajasthan,"AIIMS, Jodhpur",COMMUNITY MEDICINE,AIIMS-Inst. Pref,UR-AIIMS-IP
0,20048,Delhi,"AIIMS, Delhi",PHYSIOLOGY,AIIMS-Inst. Pref,UR-AIIMS-IP
0,20203,Andhra Pradesh,"AIIMS, Mangalagiri",IHBT,AIIMS-All India,ST
0,20280,Uttarakhand,"AIIMS, Rishikesh",PATHOLOGY,AIIMS-Inst. Pref,UR-AIIMS-IP
0,20331,Jharkhand,"AIIMS, Deoghar",COMMUNITY & FAMILY MEDICINE,AIIMS-Inst. Pref,UR-AIIMS-IP
0,20356,Delhi,"AIIMS, Delhi",GENERAL SURGERY,AIIMS-All India,UR-PwD
0,20429,Rajasthan,"AIIMS, Jodhpur",PHARMACOLOGY,AIIMS-Inst. Pref,UR-AIIMS-IP
0,20665,Odisha,"AIIMS, Bhubaneswar",PHARMACOLOGY,AIIMS-All India,ST
0,20699,Delhi,"AIIMS, Delhi",PHYSIOLOGY,AIIMS-All India,ST
0,21400,Uttar Pradesh,"AIIMS, Rai Bareli",MICROBIOLOGY,AIIMS-All India,ST
0,21579,Assam,"AIIMS, Guwahati",MICROBIOLOGY,AIIMS-All India,ST
0,21904,Punjab,"AIIMS, Bathinda",GENERAL MEDICINE,AIIMS-All India,SC-PwD
0,21928,Punjab,"AIIMS, Bathinda",ANATOMY,AIIMS-Inst. Pref,UR-AIIMS-IP
0,21969,Assam,"AIIMS, Guwahati",PAEDIATRICS,AIIMS-Inst. Pref,UR-AIIMS-IP
0,23661,Bihar,"AIIMS, Patna",PSYCHIATRY,AIIMS-All India,UR-PwD
0,24610,Odisha,"AIIMS, Bhubaneswar",ANATOMY,AIIMS-All India,ST
0,24956,Uttarakhand,"AIIMS, Rishikesh",MICROBIOLOGY,AIIMS-Inst. Pref,UR-AIIMS-IP
0,25206,Uttar Pradesh,"AIIMS, Rai Bareli",FORENSIC MEDICINE,AIIMS-Inst. Pref,UR-AIIMS-IP
0,25612,Uttarakhand,"AIIMS, Rishikesh",ANATOMY,AIIMS-All India,ST
0,25818,Rajasthan,"AIIMS, Jodhpur",COMMUNITY MEDICINE,AIIMS-All India,UR-PwD
0,25934,Delhi,"AIIMS, Delhi",FORENSIC MEDICINE,AIIMS-Inst. Pref,UR-AIIMS-IP
0,26291,Telangana,"AIIMS, Bibinagar",PHYSIOLOGY,AIIMS-All India,ST
0,26477,Delhi,"AIIMS, Delhi",ANAESTHESIOLOGY,AIIMS-All India,UR-PwD
0,26935,Chhattisgarh,"AIIMS, Raipur",PHYSIOLOGY,AIIMS-All India,ST
0,27168,Uttarakhand,"AIIMS, Rishikesh",BIOCHEMISTRY,AIIMS-Inst. Pref,UR-AIIMS-IP
0,28093,Rajasthan,"AIIMS, Jodhpur",PSYCHIATRY,AIIMS-All India,OBC-PwD
0,28285,Maharashtra,"AIIMS, Nagpur",GENERAL MEDICINE,AIIMS-All India,SC-PwD
0,28729,Andhra Pradesh,"AIIMS, Mangalagiri",GENERAL MEDICINE,AIIMS-All India,OBC-PwD
0,29144,Chhattisgarh,"AIIMS, Raipur",PHARMACOLOGY,AIIMS-All India,ST
0,29232,Chhattisgarh,"AIIMS, Raipur",NUCLEAR MEDICINE,AIIMS-All India,UR-PwD
0,29257,Assam,"AIIMS, Guwahati",PATHOLOGY,AIIMS-Inst. Pref,UR-AIIMS-IP
0,29259,Assam,"AIIMS, Guwahati",BIOCHEMISTRY,AIIMS-All India,ST
0,29339,Bihar,"AIIMS, Patna",OBG,AIIMS-All India,SC-PwD
0,29373,Jammu and Kashmir,"AIIMS, Jammu",PAEDIATRIC SURGERY 6 YRS,AIIMS-Inst. Pref,UR-AIIMS-IP
0,30967,Gujarat,"AIIMS, Rajkot",PAEDIATRICS,AIIMS-All India,UR-PwD
0,31358,Delhi,"AIIMS, Delhi",OPHTHALMOLOGY,AIIMS-All India,UR-PwD
0,31428,West Bengal,"AIIMS, Kalyani",ANATOMY,AIIMS-All India,ST
0,32444,Delhi,"AIIMS, Delhi",PHARMACOLOGY,AIIMS-All India,UR-PwD
0,32546,Maharashtra,"AIIMS, Nagpur",PAEDIATRICS,AIIMS-All India,UR-PwD
0,32826,Jharkhand,"AIIMS, Deoghar",PHARMACOLOGY,AIIMS-All India,ST
0,33047,Delhi,"AIIMS, Delhi",OBG,AIIMS-All India,UR-PwD
0,33419,Karnataka,"NIMHANS, Bangalore",PSYCHIATRY,NIMHANS-KAR Domicile,UR-PwD-Karnataka Domicile
0,33441,Karnataka,"NIMHANS, Bangalore",PSYCHIATRY,NIMHANS-All India,UR-PwD
0,33715,Rajasthan,"AIIMS, Jodhpur",ENT,AIIMS-All India,UR-PwD
0,34326,Uttar Pradesh,"AIIMS, Rai Bareli",ANAESTHESIOLOGY,AIIMS-All India,UR-PwD
0,35294,Punjab,"AIIMS, Bathinda",ORTHOPAEDICS,AIIMS-All India,UR-PwD
0,36555,Jammu and Kashmir,"AIIMS, Jammu",EMERGENCY MEDICINE,AIIMS-Inst. Pref,UR-AIIMS-IP
0,36921,Delhi,"AIIMS, Delhi",PHYSIOLOGY,AIIMS-Inst. Pref,UR-AIIMS-IP
0,37059,Uttarakhand,"AIIMS, Rishikesh",OBG,AIIMS-All India,UR-PwD
0,37270,Jammu and Kashmir,"AIIMS, Jammu",COMMUNITY MEDICINE,AIIMS-Inst. Pref,UR-AIIMS-IP
0,38007,Assam,"AIIMS, Guwahati",PSYCHIATRY,AIIMS-Inst. Pref,UR-AIIMS-IP
0,38343,Delhi,"AIIMS, Delhi",BIOCHEMISTRY,AIIMS-All India,UR-PwD
0,38881,Pondicherry,"JIPMER, Puducherry",GENERAL MEDICINE,JIPMER-All India,ST-PwD
0,39823,Chhattisgarh,"AIIMS, Raipur",ANAESTHESIOLOGY,AIIMS-All India,OBC-PwD
0,41824,Himachal Pradesh,"AIIMS, Bilaspur, Himachal",OBG,AIIMS-All India,OBC-PwD
0,43041,Pondicherry,"JIPMER, Puducherry",PSYCHIATRY,JIPMER-All India,OBC-PwD
0,43208,Jharkhand,"AIIMS, Deoghar",BIOCHEMISTRY,AIIMS-Inst. Pref,UR-AIIMS-IP
0,44371,Jharkhand,"AIIMS, Deoghar",MICROBIOLOGY,AIIMS-Inst. Pref,UR-AIIMS-IP
0,45741,Jharkhand,"AIIMS, Deoghar",BIOCHEMISTRY,AIIMS-Inst. Pref,UR-AIIMS-IP
0,45831,Chhattisgarh,"AIIMS, Raipur",EMERGENCY MEDICINE,AIIMS-All India,UR-PwD
0,46240,Chandigarh,"PGIMER, Chandigarh",OBG,PGIMER-All India,OBC-PwD
0,46834,Chandigarh,"PGIMER, Chandigarh",ANAESTHESIOLOGY,PGIMER-All India,UR-PwD
0,47417,Odisha,"AIIMS, Bhubaneswar",PATHOLOGY,AIIMS-All India,OBC-PwD
0,47638,Uttarakhand,"AIIMS, Rishikesh",PHARMACOLOGY,AIIMS-All India,UR-PwD
0,47925,Madhya Pradesh,"AIIMS, Bhopal",OBG,AIIMS-All India,UR-PwD
