Round,AI Rank,State,Institute,Course,Quota,Category,Fee,Stipend Year 1,Bond Years,Bond Penalty,Beds,
1,1,Delhi,"ABVIMS (Dr RML Hosp), Delhi",GENERAL MEDICINE,AIQ,GEN,"? 51,000","? 136,008",1,"? 2,000,000",1626,
1,2,Kerala,"Govt Med Coll, Kozhikode",GENERAL MEDICINE,AIQ,GEN,"?69,470","? 57,876",1,"?50,00,000",3025,
1,3,Delhi,"ABVIMS (Dr RML Hosp), Delhi",GENERAL MEDICINE,AIQ,GEN,"? 51,000","? 136,008",1,"? 2,000,000",1626,
1,4,Delhi,"VMMC, Delhi",RADIO DIAGNOSIS,AIQ,GEN,"?15,000","?1,20,965",1,"? 2,000,000",1550,
1,5,Delhi,"ABVIMS (Dr RML Hosp), Delhi",GENERAL MEDICINE,AIQ,GEN,"? 51,000","? 136,008",1,"? 2,000,000",1626,
1,6,Delhi,"ABVIMS (Dr RML Hosp), Delhi",GENERAL MEDICINE,AIQ,GEN,"? 51,000","? 136,008",1,"? 2,000,000",1626,
1,7,Delhi,"ABVIMS (Dr RML Hosp), Delhi",GENERAL MEDICINE,AIQ,GEN,"? 51,000","? 136,008",1,"? 2,000,000",1626,
1,8,Karnataka,"Bangalore Med Coll, Bangalore",GENERAL MEDICINE,AIQ,GEN,"?1,23,400","? 56,250",1,"?50,00,000",1993,
1,9,Tamil Nadu,"Madras Med Coll, Chennai",GENERAL MEDICINE,AIQ,GEN,"?50,000","?54,025",2,"?40,00,000",7285,
1,10,Delhi,"ABVIMS (Dr RML Hosp), Delhi",GENERAL MEDICINE,AIQ,GEN,"? 51,000","? 136,008",1,"? 2,000,000",1626,
1,11,Delhi,"VMMC, Delhi",RADIO DIAGNOSIS,AIQ,GEN,"?15,000","?1,20,965",1,"? 2,000,000",1550,
1,12,Tamil Nadu,"Madras Med Coll, Chennai",OBG,AIQ,GEN,"?50,000","?54,025",2,"?40,00,000",7285,
1,13,Punjab,"Govt Med Coll, Patiala",GENERAL MEDICINE,AIQ,GEN,"?1,25,000","?76,000",2,"?20,00,000",1130,
1,14,Delhi,"VMMC, Delhi",OBG,AIQ,GEN,"?15,000","?1,20,965",1,"? 2,000,000",1550,
1,15,Delhi,"ABVIMS (Dr RML Hosp), Delhi",GENERAL MEDICINE,AIQ,GEN,"? 51,000","? 136,008",1,"? 2,000,000",1626,
1,16,Telangana,"NIMS, Hyderabad",GENERAL MEDICINE,AIQ,GEN,"?72,000","? 116,844",1,"? 2,000,000",1498,
1,17,Gujarat,"BJMC, Ahmedabad",RADIO DIAGNOSIS,AIQ,GEN,"?30,000","? 100,800",1,"?40,00,000",1557,
1,18,Rajasthan,"SMS, Jaipur",RADIO DIAGNOSIS,AIQ,GEN,"?14,093","?87,216",2,"? 15,000,000",5702,
1,19,Gujarat,"BJMC, Ahmedabad",GENERAL MEDICINE,AIQ,GEN,"?30,000","? 100,800",1,"?40,00,000",1557,
1,20,Kerala,"Govt Med Coll, Kozhikode",DERMATOLOGY,AIQ,GEN,"?69,470","? 57,876",1,"?50,00,000",3025,
1,21,Delhi,"VMMC, Delhi",RADIO DIAGNOSIS,AIQ,GEN,"?15,000","?1,20,965",1,"? 2,000,000",1550,
1,22,Telangana,"Osmania Med Coll, Hyderabad",GENERAL SURGERY,AIQ,GEN,"?15,000","? 67,032",1,"? 2,000,000",4800,
1,23,Delhi,"VMMC, Delhi",RADIO DIAGNOSIS,AIQ,GEN,"?15,000","?1,20,965",1,"? 2,000,000",1550,
1,24,Maharashtra,"Seth GS, Mumbai",RADIO DIAGNOSIS,AIQ,GEN,"?1,57,100","? 93,559",1,"? 5,000,000",2250,
1,25,Delhi,"VMMC, Delhi",RADIO DIAGNOSIS,AIQ,GEN,"?15,000","?1,20,965",1,"? 2,000,000",1550,
1,26,Karnataka,"Bangalore Med Coll, Bangalore",GENERAL MEDICINE,AIQ,GEN,"?1,23,400","? 56,250",1,"?50,00,000",1993,
1,27,Odisha,"SCB, Cuttack",GENERAL MEDICINE,AIQ,GEN,"?35,000","? 73,042",2,"?55,09,464",2106,
1,28,Tamil Nadu,"Madras Med Coll, Chennai",RADIO DIAGNOSIS,AIQ,GEN,"?50,000","?54,025",2,"?40,00,000",7285,
1,29,Delhi,"ABVIMS (Dr RML Hosp), Delhi",DERMATOLOGY,AIQ,GEN,"? 51,000","? 136,008",1,"? 2,000,000",1626,
1,30,Delhi,"VMMC, Delhi",GENERAL MEDICINE,AIQ,GEN,"?15,000","?1,20,965",1,"? 2,000,000",1550,
1,31,Telangana,"NIMS, Hyderabad",GENERAL MEDICINE,AIQ,OBC,"?72,000","? 116,844",1,"? 2,000,000",1498,
1,32,Uttar Pradesh,"SGPGI, Lucknow",NUCLEAR MEDICINE,AIQ,GEN,"?35,000","? 115,506",2,"?40,00,000",1609,
1,33,Gujarat,"BJMC, Ahmedabad",GENERAL MEDICINE,AIQ,GEN,"?30,000","? 100,800",1,"?40,00,000",1557,
1,34,Delhi,"MAMC, Delhi",GENERAL MEDICINE,AIQ,GEN,"?16,200","?1,32,336",1,"? 2,000,000",2800,
1,35,Kerala,"Govt Med Coll, Kozhikode",RADIO DIAGNOSIS,AIQ,GEN,"?69,470","? 57,876",1,"?50,00,000",3025,
1,36,Delhi,"Lady Hardinge, Delhi",PAEDIATRICS,AIQ,GEN,"?16,200","?1,26,927",1,"? 2,000,000",877,
1,37,Delhi,"VMMC, Delhi",GENERAL MEDICINE,AIQ,GEN,"?15,000","?1,20,965",1,"? 2,000,000",1550,
1,38,Delhi,"VMMC, Delhi",RADIO DIAGNOSIS,AIQ,OBC,"?15,000","?1,20,965",1,"? 2,000,000",1550,
1,39,Chandigarh,"GMC, Chandigarh",RADIO DIAGNOSIS,AIQ,GEN,"?34,500","?1,09,926",0,? 0,967,
1,40,Delhi,"VMMC, Delhi",GENERAL MEDICINE,AIQ,GEN,"?15,000","?1,20,965",1,"? 2,000,000",1550,
1,41,Delhi,"VMMC, Delhi",RADIO DIAGNOSIS,AIQ,EWS,"?15,000","?1,20,965",1,"? 2,000,000",1550,
1,42,Delhi,"MAMC, Delhi",RADIO DIAGNOSIS,AIQ,GEN,"?16,200","?1,32,336",1,"? 2,000,000",2800,
1,44,Maharashtra,"Seth GS, Mumbai",GENERAL MEDICINE,AIQ,GEN,"?1,57,100","? 93,559",1,"? 5,000,000",2250,
1,45,Delhi,"MAMC, Delhi",GENERAL MEDICINE,AIQ,GEN,"?16,200","?1,32,336",1,"? 2,000,000",2800,
1,46,Delhi,"MAMC, Delhi",RADIO DIAGNOSIS,AIQ,GEN,"?16,200","?1,32,336",1,"? 2,000,000",2800,
1,47,Maharashtra,"Lokmanya Tilak, Sion, Mumbai",GENERAL MEDICINE,AIQ,GEN,"?1,57,100","? 93,559",1,"? 5,000,000",1462,
1,48,Delhi,"VMMC, Delhi",GENERAL MEDICINE,AIQ,GEN,"?15,000","?1,20,965",1,"? 2,000,000",1550,
1,49,Delhi,"VMMC, Delhi",RADIO DIAGNOSIS,AIQ,OBC,"?15,000","?1,20,965",1,"? 2,000,000",1550,
1,50,Karnataka,"Bangalore Med Coll, Bangalore",RADIO DIAGNOSIS,AIQ,GEN,"?1,23,400","? 56,250",1,"?50,00,000",1993,
1,51,Delhi,"MAMC, Delhi",GENERAL MEDICINE,AIQ,GEN,"?16,200","?1,32,336",1,"? 2,000,000",2800,
1,52,Delhi,"ABVIMS (Dr RML Hosp), Delhi",GENERAL SURGERY,AIQ,GEN,"? 51,000","? 136,008",1,"? 2,000,000",1626,
1,53,Delhi,"MAMC, Delhi",RADIO DIAGNOSIS,AIQ,GEN,"?16,200","?1,32,336",1,"? 2,000,000",2800,
1,54,Delhi,"VMMC, Delhi",ORTHOPAEDICS,AIQ,GEN,"?15,000","?1,20,965",1,"? 2,000,000",1550,
1,55,Delhi,"ABVIMS (Dr RML Hosp), Delhi",GENERAL MEDICINE,AIQ,EWS,"? 51,000","? 136,008",1,"? 2,000,000",1626,
1,56,Delhi,"Lady Hardinge, Delhi",OBG,AIQ,GEN,"?16,200","?1,26,927",1,"? 2,000,000",877,
1,57,Delhi,"MAMC, Delhi",RADIO DIAGNOSIS,AIQ,GEN,"?16,200","?1,32,336",1,"? 2,000,000",2800,
1,58,Maharashtra,"Seth GS, Mumbai",RADIO DIAGNOSIS,AIQ,GEN,"?1,57,100","? 93,559",1,"? 5,000,000",2250,
1,59,Telangana,"Osmania Med Coll, Hyderabad",RADIO DIAGNOSIS,AIQ,GEN,"?15,000","? 67,032",1,"? 2,000,000",4800,
1,60,Delhi,"MAMC, Delhi",RADIO DIAGNOSIS,AIQ,GEN,"?16,200","?1,32,336",1,"? 2,000,000",2800,
1,61,Delhi,"MAMC, Delhi",GENERAL MEDICINE,AIQ,GEN,"?16,200","?1,32,336",1,"? 2,000,000",2800,
1,62,Delhi,"MAMC, Delhi",GENERAL MEDICINE,AIQ,GEN,"?16,200","?1,32,336",1,"? 2,000,000",2800,
1,63,Maharashtra,"Seth GS, Mumbai",RADIO DIAGNOSIS,AIQ,OBC,"?1,57,100","? 93,559",1,"? 5,000,000",2250,
1,64,Delhi,"ABVIMS (Dr RML Hosp), Delhi",GENERAL MEDICINE,IP,GEN,"? 51,000","? 136,008",1,"? 2,000,000",1626,
1,65,Gujarat,"BJMC, Ahmedabad",GENERAL MEDICINE,AIQ,GEN,"?30,000","? 100,800",1,"?40,00,000",1557,
1,66,Maharashtra,"Seth GS, Mumbai",GENERAL MEDICINE,AIQ,GEN,"?1,57,100","? 93,559",1,"? 5,000,000",2250,
1,67,Tamil Nadu,"Madras Med Coll, Chennai",GENERAL MEDICINE,AIQ,GEN,"?50,000","?54,025",2,"?40,00,000",7285,
1,68,Rajasthan,"SMS, Jaipur",RADIO DIAGNOSIS,AIQ,GEN,"?14,093","?87,216",2,"? 15,000,000",5702,
1,69,Maharashtra,"Govt Med Coll, Nagpur",GENERAL MEDICINE,AIQ,GEN,"?1,57,100","? 93,559",1,"? 5,000,000",1866,
1,70,Delhi,"ABVIMS (Dr RML Hosp), Delhi",RADIO DIAGNOSIS,AIQ,GEN,"? 51,000","? 136,008",1,"? 2,000,000",1626,
1,71,Kerala,"Govt Med Coll, Kottayam",GENERAL MEDICINE,AIQ,GEN,"?69,470","? 57,876",1,"?50,00,000",2094,
1,72,Delhi,"ABVIMS (Dr RML Hosp), Delhi",RADIO DIAGNOSIS,AIQ,GEN,"? 51,000","? 136,008",1,"? 2,000,000",1626,
1,73,Delhi,"ABVIMS (Dr RML Hosp), Delhi",RADIO DIAGNOSIS,AIQ,GEN,"? 51,000","? 136,008",1,"? 2,000,000",1626,
1,74,Delhi,"VMMC, Delhi",GENERAL MEDICINE,AIQ,GEN,"?15,000","?1,20,965",1,"? 2,000,000",1550,
1,75,Delhi,"Lady Hardinge, Delhi",GENERAL MEDICINE,AIQ,GEN,"?16,200","?1,26,927",1,"? 2,000,000",877,
1,76,Telangana,"Osmania Med Coll, Hyderabad",GENERAL MEDICINE,AIQ,GEN,"?15,000","? 67,032",1,"? 2,000,000",4800,
1,77,Delhi,"Lady Hardinge, Delhi",GENERAL MEDICINE,AIQ,GEN,"?16,200","?1,26,927",1,"? 2,000,000",877,
1,78,Delhi,"MAMC, Delhi",RADIO DIAGNOSIS,AIQ,OBC,"?16,200","?1,32,336",1,"? 2,000,000",2800,
1,79,Kerala,"Govt Med Coll, Kozhikode",RADIO DIAGNOSIS,AIQ,GEN,"?69,470","? 57,876",1,"?50,00,000",3025,
1,80,Karnataka,"Bangalore Med Coll, Bangalore",RADIO DIAGNOSIS,AIQ,GEN,"?1,23,400","? 56,250",1,"?50,00,000",1993,
1,81,Delhi,"MAMC, Delhi",RADIO DIAGNOSIS,AIQ,OBC,"?16,200","?1,32,336",1,"? 2,000,000",2800,
1,82,Karnataka,"Bangalore Med Coll, Bangalore",GENERAL MEDICINE,AIQ,GEN,"?1,23,400","? 56,250",1,"?50,00,000",1993,
1,83,Delhi,"Lady Hardinge, Delhi",GENERAL MEDICINE,AIQ,GEN,"?16,200","?1,26,927",1,"? 2,000,000",877,
1,84,Delhi,"VMMC, Delhi",RADIO DIAGNOSIS,IP,GEN,"?15,000","?1,20,965",1,"? 2,000,000",1550,
1,85,Gujarat,"BJMC, Ahmedabad",RADIO DIAGNOSIS,AIQ,GEN,"?30,000","? 100,800",1,"?40,00,000",1557,
1,86,Delhi,"MAMC, Delhi",RADIO DIAGNOSIS,AIQ,EWS,"?16,200","?1,32,336",1,"? 2,000,000",2800,
1,87,Kerala,"Govt Med Coll, Kozhikode",RADIO DIAGNOSIS,AIQ,OBC,"?69,470","? 57,876",1,"?50,00,000",3025,
1,88,Kerala,"Govt Med Coll, Kozhikode",GENERAL MEDICINE,AIQ,GEN,"?69,470","? 57,876",1,"?50,00,000",3025,
1,89,Delhi,"VMMC, Delhi",GENERAL MEDICINE,AIQ,EWS,"?15,000","?1,20,965",1,"? 2,000,000",1550,
1,90,Telangana,"NIMS, Hyderabad",RADIO DIAGNOSIS,AIQ,GEN,"?72,000","? 116,844",1,"? 2,000,000",1498,
1,91,Delhi,"VMMC, Delhi",DERMATOLOGY,AIQ,GEN,"?15,000","?1,20,965",1,"? 2,000,000",1550,
1,92,Maharashtra,"Lokmanya Tilak, Sion, Mumbai",GENERAL MEDICINE,AIQ,GEN,"?1,57,100","? 93,559",1,"? 5,000,000",1462,
1,93,Maharashtra,"Seth GS, Mumbai",GENERAL MEDICINE,AIQ,GEN,"?1,57,100","? 93,559",1,"? 5,000,000",2250,
1,94,Delhi,"MAMC, Delhi",RADIO DIAGNOSIS,AIQ,OBC,"?16,200","?1,32,336",1,"? 2,000,000",2800,
1,95,Maharashtra,"Grant Med Coll, Mumbai",GENERAL SURGERY,AIQ,GEN,"?1,57,100","? 93,559",1,"? 5,000,000",2844,
1,96,Maharashtra,"Lokmanya Tilak, Sion, Mumbai",RADIO DIAGNOSIS,AIQ,GEN,"?1,57,100","? 93,559",1,"? 5,000,000",1462,
1,98,Telangana,"NIMS, Hyderabad",RADIO DIAGNOSIS,AIQ,GEN,"?72,000","? 116,844",1,"? 2,000,000",1498,
1,99,Delhi,"MAMC, Delhi",GENERAL MEDICINE,AIQ,EWS,"?16,200","?1,32,336",1,"? 2,000,000",2800,
1,100,Uttar Pradesh,"SGPGI, Lucknow",RADIO DIAGNOSIS,AIQ,GEN,"?35,000","? 115,506",2,"?40,00,000",1609,
1,101,Kerala,"Medical College, Trivandrum",RADIO DIAGNOSIS,AIQ,GEN,"?69,470","? 57,876",1,"?50,00,000",2126,
1,102,Maharashtra,"Lokmanya Tilak, Sion, Mumbai",DERMATOLOGY,AIQ,GEN,"?1,57,100","? 93,559",1,"? 5,000,000",1462,
1,104,Uttar Pradesh,"SGPGI, Lucknow",RADIO DIAGNOSIS,AIQ,GEN,"?35,000","? 115,506",2,"?40,00,000",1609,
1,105,Delhi,"MAMC, Delhi",GENERAL MEDICINE,DU,GEN,"?16,200","?1,32,336",1,"? 2,000,000",2800,
1,107,Chandigarh,"GMC, Chandigarh",GENERAL MEDICINE,AIQ,GEN,"?34,500","?1,09,926",0,? 0,967,
1,108,Delhi,"Lady Hardinge, Delhi",RADIO DIAGNOSIS,AIQ,GEN,"?16,200","?1,26,927",1,"? 2,000,000",877,
1,109,Tamil Nadu,"Madras Med Coll, Chennai",GENERAL MEDICINE,AIQ,GEN,"?50,000","?54,025",2,"?40,00,000",7285,
1,110,Delhi,"MAMC, Delhi",GENERAL SURGERY,AIQ,GEN,"?16,200","?1,32,336",1,"? 2,000,000",2800,
1,112,Delhi,"ABVIMS (Dr RML Hosp), Delhi",GENERAL MEDICINE,AIQ,OBC,"? 51,000","? 136,008",1,"? 2,000,000",1626,
1,113,Uttar Pradesh,"JNMC (AMU), Aligarh",RADIO DIAGNOSIS,AIQ,GEN,"?54,700","?1,14,975",0,? 0,1269,
1,114,Kerala,"Govt Med Coll, Thrissur",GENERAL MEDICINE,AIQ,GEN,"?69,470","? 57,876",1,"?50,00,000",1400,
1,115,Delhi,"MAMC, Delhi",GENERAL MEDICINE,DU,GEN,"?16,200","?1,32,336",1,"? 2,000,000",2800,
1,116,Delhi,"UCMS, Delhi",RADIO DIAGNOSIS,AIQ,GEN,"?47,220","?1,32,336",1,"? 2,000,000",1000,
1,117,Tamil Nadu,"Madras Med Coll, Chennai",PAEDIATRICS,AIQ,GEN,"?50,000","?54,025",2,"?40,00,000",7285,
1,118,Kerala,"Medical College, Trivandrum",RADIO DIAGNOSIS,AIQ,GEN,"?69,470","? 57,876",1,"?50,00,000",2126,
1,119,Maharashtra,"Lokmanya Tilak, Sion, Mumbai",GENERAL MEDICINE,AIQ,GEN,"?1,57,100","? 93,559",1,"? 5,000,000",1462,
1,120,Uttar Pradesh,"IMS(BHU), Varanasi",RADIO DIAGNOSIS,AIQ,GEN,"?48,226","?1,12,054",0,? 0,2424,
1,121,Delhi,"Lady Hardinge, Delhi",PAEDIATRICS,AIQ,GEN,"?16,200","?1,26,927",1,"? 2,000,000",877,
1,122,Maharashtra,"Grant Med Coll, Mumbai",RADIO DIAGNOSIS,AIQ,GEN,"?1,57,100","? 93,559",1,"? 5,000,000",2844,
1,123,Delhi,"MAMC, Delhi",GENERAL SURGERY,AIQ,GEN,"?16,200","?1,32,336",1,"? 2,000,000",2800,
1,124,Uttar Pradesh,"IMS(BHU), Varanasi",GENERAL MEDICINE,AIQ,GEN,"?48,226","?1,12,054",0,? 0,2424,
1,125,Maharashtra,"Seth GS, Mumbai",GENERAL MEDICINE,AIQ,GEN,"?1,57,100","? 93,559",1,"? 5,000,000",2250,
1,126,Delhi,"MAMC, Delhi",GENERAL MEDICINE,DU,GEN,"?16,200","?1,32,336",1,"? 2,000,000",2800,
1,127,Kerala,"Govt Med Coll, Kozhikode",RADIO DIAGNOSIS,AIQ,EWS,"?69,470","? 57,876",1,"?50,00,000",3025,
1,129,Kerala,"Govt Med Coll, Kozhikode",GENERAL MEDICINE,AIQ,GEN,"?69,470","? 57,876",1,"?50,00,000",3025,
1,131,Telangana,"NIMS, Hyderabad",RADIO DIAGNOSIS,AIQ,OBC,"?72,000","? 116,844",1,"? 2,000,000",1498,
1,132,Kerala,"Govt Med Coll, Kozhikode",GENERAL MEDICINE,AIQ,OBC,"?69,470","? 57,876",1,"?50,00,000",3025,
1,133,Maharashtra,"Seth GS, Mumbai",RADIO DIAGNOSIS,AIQ,OBC,"?1,57,100","? 93,559",1,"? 5,000,000",2250,
1,134,Rajasthan,"SMS, Jaipur",GENERAL MEDICINE,AIQ,GEN,"?14,093","?87,216",2,"? 15,000,000",5702,
1,135,Rajasthan,"SMS, Jaipur",RADIO DIAGNOSIS,AIQ,GEN,"?14,093","?87,216",2,"? 15,000,000",5702,
1,136,Andhra Pradesh,"Andhra Med Coll, Vizag",GENERAL MEDICINE,AIQ,GEN,"?30,000","? 60,823",0,?0,1030,
1,137,Maharashtra,"Lokmanya Tilak, Sion, Mumbai",RADIO DIAGNOSIS,AIQ,GEN,"?1,57,100","? 93,559",1,"? 5,000,000",1462,
1,138,Kerala,"Govt Med Coll, Kozhikode",GENERAL MEDICINE,AIQ,OBC,"?69,470","? 57,876",1,"?50,00,000",3025,
1,139,Delhi,"Sir Ganga Ram Hospital, Delhi",DNBGENERAL MEDICINE,DNB Post MBBS,GEN,"? 125,000","? 92,000",0,? 0,737,
1,140,Gujarat,"BJMC, Ahmedabad",RADIO DIAGNOSIS,AIQ,GEN,"?30,000","? 100,800",1,"?40,00,000",1557,
1,141,Delhi,"MAMC, Delhi",GENERAL MEDICINE,DU,GEN,"?16,200","?1,32,336",1,"? 2,000,000",2800,
1,142,Delhi,"VMMC, Delhi",DERMATOLOGY,AIQ,GEN,"?15,000","?1,20,965",1,"? 2,000,000",1550,
1,143,Maharashtra,"Grant Med Coll, Mumbai",RADIO DIAGNOSIS,AIQ,GEN,"?1,57,100","? 93,559",1,"? 5,000,000",2844,
1,144,Tamil Nadu,"Madras Med Coll, Chennai",RADIO DIAGNOSIS,AIQ,GEN,"?50,000","?54,025",2,"?40,00,000",7285,
1,145,Maharashtra,"Grant Med Coll, Mumbai",RADIO DIAGNOSIS,AIQ,GEN,"?1,57,100","? 93,559",1,"? 5,000,000",2844,
1,146,Telangana,"Osmania Med Coll, Hyderabad",GENERAL MEDICINE,AIQ,GEN,"?15,000","? 67,032",1,"? 2,000,000",4800,
1,147,Delhi,"Lady Hardinge, Delhi",GENERAL MEDICINE,DU,GEN,"?16,200","?1,26,927",1,"? 2,000,000",877,
1,148,Delhi,"ABVIMS (Dr RML Hosp), Delhi",GENERAL MEDICINE,IP,GEN,"? 51,000","? 136,008",1,"? 2,000,000",1626,
1,149,Delhi,"ABVIMS (Dr RML Hosp), Delhi",RADIO DIAGNOSIS,AIQ,OBC,"? 51,000","? 136,008",1,"? 2,000,000",1626,
1,150,Uttar Pradesh,"IMS(BHU), Varanasi",GENERAL MEDICINE,AIQ,GEN,"?48,226","?1,12,054",0,? 0,2424,
1,151,Telangana,"NIMS, Hyderabad",GENERAL MEDICINE,AIQ,OBC,"?72,000","? 116,844",1,"? 2,000,000",1498,
1,152,Telangana,"Osmania Med Coll, Hyderabad",RADIO DIAGNOSIS,AIQ,GEN,"?15,000","? 67,032",1,"? 2,000,000",4800,
1,153,Tamil Nadu,"Madras Med Coll, Chennai",RADIO DIAGNOSIS,AIQ,GEN,"?50,000","?54,025",2,"?40,00,000",7285,
1,154,Uttar Pradesh,"IMS(BHU), Varanasi",GENERAL MEDICINE,AIQ,GEN,"?48,226","?1,12,054",0,? 0,2424,
1,155,West Bengal,"IPGMER, Kolkata",RADIO DIAGNOSIS,AIQ,GEN,"?12,000","? 61,634",3,"?30,00,000",2300,
1,156,Tamil Nadu,"Madras Med Coll, Chennai",RADIO DIAGNOSIS,AIQ,GEN,"?50,000","?54,025",2,"?40,00,000",7285,
1,157,Telangana,"NIMS, Hyderabad",GENERAL MEDICINE,AIQ,SC,"?72,000","? 116,844",1,"? 2,000,000",1498,
1,158,Delhi,"UCMS, Delhi",RADIO DIAGNOSIS,AIQ,GEN,"?47,220","?1,32,336",1,"? 2,000,000",1000,
1,160,Uttar Pradesh,"IMS(BHU), Varanasi",GENERAL MEDICINE,AIQ,GEN,"?48,226","?1,12,054",0,? 0,2424,
1,161,Haryana,"Pt BD Sharma, Rohtak",GENERAL MEDICINE,AIQ,GEN,"?1,25,000","?1,04,346",0,?0,2080,
1,162,Karnataka,"Bangalore Med Coll, Bangalore",GENERAL MEDICINE,AIQ,GEN,"?1,23,400","? 56,250",1,"?50,00,000",1993,
1,163,Delhi,"ABVIMS (Dr RML Hosp), Delhi",RADIO DIAGNOSIS,AIQ,EWS,"? 51,000","? 136,008",1,"? 2,000,000",1626,
1,164,Delhi,"UCMS, Delhi",GENERAL MEDICINE,AIQ,GEN,"?47,220","?1,32,336",1,"? 2,000,000",1000,
1,166,Delhi,"UCMS, Delhi",RADIO DIAGNOSIS,AIQ,GEN,"?47,220","?1,32,336",1,"? 2,000,000",1000,
1,167,Gujarat,"BJMC, Ahmedabad",GENERAL MEDICINE,AIQ,GEN,"?30,000","? 100,800",1,"?40,00,000",1557,
1,168,Tamil Nadu,"Stanley Med Coll, Chennai",GENERAL MEDICINE,AIQ,GEN,"?50,000","?54,025",2,"?40,00,000",1661,
1,169,Kerala,"Govt Med Coll, Kottayam",GENERAL MEDICINE,AIQ,GEN,"?69,470","? 57,876",1,"?50,00,000",2094,
1,170,Gujarat,"BJMC, Ahmedabad",GENERAL MEDICINE,AIQ,GEN,"?30,000","? 100,800",1,"?40,00,000",1557,
1,171,Tamil Nadu,"Madras Med Coll, Chennai",OBG,AIQ,GEN,"?50,000","?54,025",2,"?40,00,000",7285,
1,172,Delhi,"VMMC, Delhi",GENERAL SURGERY,AIQ,GEN,"?15,000","?1,20,965",1,"? 2,000,000",1550,
1,173,Telangana,"Gandhi Med Coll, Secunderabad",GENERAL SURGERY,AIQ,GEN,"?15,000","? 67,032",1,"? 2,000,000",1200,
1,174,Telangana,"Gandhi Med Coll, Secunderabad",GENERAL MEDICINE,AIQ,GEN,"?15,000","? 67,032",1,"? 2,000,000",1200,
1,175,Delhi,"VMMC, Delhi",RADIO DIAGNOSIS,IP,GEN,"?15,000","?1,20,965",1,"? 2,000,000",1550,
1,176,Uttar Pradesh,"IMS(BHU), Varanasi",GENERAL MEDICINE,AIQ,GEN,"?48,226","?1,12,054",0,? 0,2424,
1,177,Rajasthan,"SMS, Jaipur",GENERAL MEDICINE,AIQ,GEN,"?14,093","?87,216",2,"? 15,000,000",5702,
1,178,Delhi,"ABVIMS (Dr RML Hosp), Delhi",RADIO DIAGNOSIS,AIQ,OBC,"? 51,000","? 136,008",1,"? 2,000,000",1626,
1,179,Uttar Pradesh,"IMS(BHU), Varanasi",RADIO DIAGNOSIS,AIQ,GEN,"?48,226","?1,12,054",0,? 0,2424,
1,180,Delhi,"ABVIMS (Dr RML Hosp), Delhi",GENERAL MEDICINE,IP,GEN,"? 51,000","? 136,008",1,"? 2,000,000",1626,
1,181,Maharashtra,"Topiwala, Mumbai",GENERAL MEDICINE,AIQ,GEN,"?1,57,100","? 93,559",1,"? 5,000,000",1300,
1,182,Tamil Nadu,"Madras Med Coll, Chennai",RADIO DIAGNOSIS,AIQ,OBC,"?50,000","?54,025",2,"?40,00,000",7285,
1,183,Kerala,"Medical College, Trivandrum",GENERAL MEDICINE,AIQ,GEN,"?69,470","? 57,876",1,"?50,00,000",2126,
1,184,Kerala,"Govt Med Coll, Kottayam",RADIO DIAGNOSIS,AIQ,GEN,"?69,470","? 57,876",1,"?50,00,000",2094,
1,186,Kerala,"Medical College, Trivandrum",DERMATOLOGY,AIQ,GEN,"?69,470","? 57,876",1,"?50,00,000",2126,
1,187,Delhi,"UCMS, Delhi",RADIO DIAGNOSIS,AIQ,GEN,"?47,220","?1,32,336",1,"? 2,000,000",1000,
1,188,Maharashtra,"Topiwala, Mumbai",GENERAL MEDICINE,AIQ,GEN,"?1,57,100","? 93,559",1,"? 5,000,000",1300,
1,189,Kerala,"Govt Med Coll, Thrissur",RADIO DIAGNOSIS,AIQ,OBC,"?69,470","? 57,876",1,"?50,00,000",1400,
1,190,Uttar Pradesh,"IMS(BHU), Varanasi",RADIO DIAGNOSIS,AIQ,OBC,"?48,226","?1,12,054",0,? 0,2424,
1,191,Bihar,"Patna Med Coll, Patna",RADIO DIAGNOSIS,AIQ,GEN,"?9,000","? 82,000",2,"?25,00,000",1748,
1,192,Delhi,"VMMC, Delhi",GENERAL SURGERY,AIQ,GEN,"?15,000","?1,20,965",1,"? 2,000,000",1550,
1,193,Odisha,"SCB, Cuttack",GENERAL MEDICINE,AIQ,GEN,"?35,000","? 73,042",2,"?55,09,464",2106,
1,194,Odisha,"SCB, Cuttack",GENERAL MEDICINE,AIQ,GEN,"?35,000","? 73,042",2,"?55,09,464",2106,
1,195,Kerala,"Govt Med Coll, Kozhikode",GENERAL MEDICINE,AIQ,OBC,"?69,470","? 57,876",1,"?50,00,000",3025,
1,196,Uttar Pradesh,"IMS(BHU), Varanasi",RADIO DIAGNOSIS,AIQ,EWS,"?48,226","?1,12,054",0,? 0,2424,
1,197,Chandigarh,"GMC, Chandigarh",RADIO DIAGNOSIS,AIQ,EWS,"?34,500","?1,09,926",0,? 0,967,
1,198,West Bengal,"IPGMER, Kolkata",GENERAL MEDICINE,AIQ,GEN,"?12,000","? 61,634",3,"?30,00,000",2300,
1,199,Maharashtra,"Seth GS, Mumbai",PAEDIATRICS,AIQ,GEN,"?1,57,100","? 93,559",1,"? 5,000,000",2250,
1,200,Kerala,"Govt Med Coll, Kottayam",GENERAL MEDICINE,AIQ,GEN,"?69,470","? 57,876",1,"?50,00,000",2094,
1,201,West Bengal,"IPGMER, Kolkata",GENERAL MEDICINE,AIQ,GEN,"?12,000","? 61,634",3,"?30,00,000",2300,
1,202,Telangana,"Osmania Med Coll, Hyderabad",GENERAL MEDICINE,AIQ,GEN,"?15,000","? 67,032",1,"? 2,000,000",4800,
1,203,Gujarat,"BJMC, Ahmedabad",RADIO DIAGNOSIS,AIQ,GEN,"?30,000","? 100,800",1,"?40,00,000",1557,
1,204,Assam,"Silchar Med Coll, Silchar",GENERAL MEDICINE,AIQ,GEN,"?25,900","?55,200",2,"?20,00,000",1256,
1,206,Delhi,"MAMC, Delhi",RADIO DIAGNOSIS,DU,GEN,"?16,200","?1,32,336",1,"? 2,000,000",2800,
1,207,Chandigarh,"GMC, Chandigarh",RADIO DIAGNOSIS,AIQ,OBC,"?34,500","?1,09,926",0,? 0,967,
1,208,Maharashtra,"Seth GS, Mumbai",GENERAL MEDICINE,AIQ,EWS,"?1,57,100","? 93,559",1,"? 5,000,000",2250,
1,209,Maharashtra,"Lokmanya Tilak, Sion, Mumbai",RADIO DIAGNOSIS,AIQ,GEN,"?1,57,100","? 93,559",1,"? 5,000,000",1462,
1,210,Delhi,"VMMC, Delhi",RADIO DIAGNOSIS,IP,GEN,"?15,000","?1,20,965",1,"? 2,000,000",1550,
1,211,Maharashtra,"Grant Med Coll, Mumbai",RADIO DIAGNOSIS,AIQ,EWS,"?1,57,100","? 93,559",1,"? 5,000,000",2844,
1,212,Goa,"Goa Med Coll, Panaji",ORTHOPAEDICS,AIQ,GEN,"?1,22,522","?80,000",1,"?50,00,000",1160,
1,213,Delhi,"VMMC, Delhi",RADIO DIAGNOSIS,IP,GEN,"?15,000","?1,20,965",1,"? 2,000,000",1550,
1,214,Delhi,"VMMC, Delhi",ORTHOPAEDICS,AIQ,GEN,"?15,000","?1,20,965",1,"? 2,000,000",1550,
1,215,Karnataka,"Bangalore Med Coll, Bangalore",GENERAL MEDICINE,AIQ,GEN,"?1,23,400","? 56,250",1,"?50,00,000",1993,
1,216,Delhi,"Lady Hardinge, Delhi",GENERAL MEDICINE,DU,GEN,"?16,200","?1,26,927",1,"? 2,000,000",877,
1,217,Delhi,"Lady Hardinge, Delhi",GENERAL MEDICINE,DU,GEN,"?16,200","?1,26,927",1,"? 2,000,000",877,
1,218,Kerala,"Medical College, Trivandrum",RADIO DIAGNOSIS,AIQ,OBC,"?69,470","? 57,876",1,"?50,00,000",2126,
1,219,Gujarat,"BJMC, Ahmedabad",RADIO DIAGNOSIS,AIQ,OBC,"?30,000","? 100,800",1,"?40,00,000",1557,
1,220,Jammu and Kashmir,"Sher-I-Kashmir, Srinagar",RADIO DIAGNOSIS,AIQ,GEN,"?11,000","? 80,000",0,?0,1200,
1,221,Rajasthan,"SMS, Jaipur",RADIO DIAGNOSIS,AIQ,GEN,"?14,093","?87,216",2,"? 15,000,000",5702,
1,222,Kerala,"Medical College, Trivandrum",GENERAL MEDICINE,AIQ,GEN,"?69,470","? 57,876",1,"?50,00,000",2126,
1,223,Kerala,"Govt Med Coll, Kozhikode",DERMATOLOGY,AIQ,OBC,"?69,470","? 57,876",1,"?50,00,000",3025,
1,225,Delhi,"VMMC, Delhi",OBG,AIQ,GEN,"?15,000","?1,20,965",1,"? 2,000,000",1550,
1,226,Delhi,"Sir Ganga Ram Hospital, Delhi",DNBRADIO DIAGNOSIS,DNB Post MBBS,GEN,"? 125,000","? 92,000",0,? 0,737,
1,227,Tamil Nadu,"Stanley Med Coll, Chennai",RADIO DIAGNOSIS,AIQ,GEN,"?50,000","?54,025",2,"?40,00,000",1661,
1,228,Karnataka,"Bangalore Med Coll, Bangalore",GENERAL MEDICINE,AIQ,GEN,"?1,23,400","? 56,250",1,"?50,00,000",1993,
1,229,Karnataka,"Mysore Med Coll, Mysore",GENERAL MEDICINE,AIQ,GEN,"?1,23,400","? 56,250",1,"?50,00,000",1050,
1,230,Rajasthan,"SMS, Jaipur",GENERAL MEDICINE,AIQ,GEN,"?14,093","?87,216",2,"? 15,000,000",5702,
1,231,Maharashtra,"Lokmanya Tilak, Sion, Mumbai",RADIO DIAGNOSIS,AIQ,OBC,"?1,57,100","? 93,559",1,"? 5,000,000",1462,
1,232,Gujarat,"Govt Med Coll, Surat",GENERAL MEDICINE,AIQ,GEN,"?30,000","? 100,800",1,"?40,00,000",1150,
1,233,Rajasthan,"RNT, Udaipur",DERMATOLOGY,AIQ,GEN,"?14,093","?87,216",2,"? 15,000,000",2206,
1,234,Maharashtra,"Tata Memorial, Mumbai",NUCLEAR MEDICINE,AIQ,GEN,"?1,05,500","? 105,840",1,"?25,00,000",614,
1,235,West Bengal,"IPGMER, Kolkata",DERMATOLOGY,AIQ,GEN,"?12,000","? 61,634",3,"?30,00,000",2300,
1,236,Uttar Pradesh,"KGMU, Lucknow",RADIO DIAGNOSIS,AIQ,GEN,"?54,700","? 126,725",2,"?40,00,000",4500,
1,237,Rajasthan,"SMS, Jaipur",GENERAL MEDICINE,AIQ,GEN,"?14,093","?87,216",2,"? 15,000,000",5702,
1,238,Kerala,"Medical College, Trivandrum",GENERAL MEDICINE,AIQ,GEN,"?69,470","? 57,876",1,"?50,00,000",2126,
1,239,Delhi,"Lady Hardinge, Delhi",GENERAL MEDICINE,AIQ,EWS,"?16,200","?1,26,927",1,"? 2,000,000",877,
1,241,Tamil Nadu,"Madras Med Coll, Chennai",RADIO DIAGNOSIS,AIQ,OBC,"?50,000","?54,025",2,"?40,00,000",7285,
1,242,Delhi,"ABVIMS (Dr RML Hosp), Delhi",GENERAL MEDICINE,AIQ,OBC,"? 51,000","? 136,008",1,"? 2,000,000",1626,
1,243,Maharashtra,"Seth GS, Mumbai",GENERAL MEDICINE,AIQ,OBC,"?1,57,100","? 93,559",1,"? 5,000,000",2250,
1,244,Rajasthan,"SMS, Jaipur",DERMATOLOGY,AIQ,GEN,"?14,093","?87,216",2,"? 15,000,000",5702,
1,245,Tamil Nadu,Tirunelveli Med Coll,GENERAL MEDICINE,AIQ,GEN,"?50,000","?54,025",2,"?40,00,000",1737,
1,246,Maharashtra,"Tata Memorial, Mumbai",RADIO DIAGNOSIS,AIQ,GEN,"?1,05,500","? 105,840",1,"?25,00,000",614,
1,247,Tamil Nadu,"SankaraNethralaya, Pycrofts,CHN",DNBOPHTHALMOLOGY,DNB Post MBBS,GEN,"? 125,000","? 48,000",0,? 0,86,
1,248,Delhi,"Lady Hardinge, Delhi",GENERAL MEDICINE,DU,GEN,"?16,200","?1,26,927",1,"? 2,000,000",877,
1,249,Telangana,"NIMS, Hyderabad",RADIO DIAGNOSIS,AIQ,OBC,"?72,000","? 116,844",1,"? 2,000,000",1498,
1,250,Tamil Nadu,"Madurai Med Coll, Madurai",GENERAL MEDICINE,AIQ,GEN,"?50,000","?54,025",2,"?40,00,000",3518,
1,251,Rajasthan,"SMS, Jaipur",GENERAL MEDICINE,AIQ,GEN,"?14,093","?87,216",2,"? 15,000,000",5702,
1,252,Gujarat,"Medical College, Baroda",GENERAL MEDICINE,AIQ,GEN,"?30,000","? 100,800",1,"?40,00,000",1250,
1,253,Delhi,"ABVIMS (Dr RML Hosp), Delhi",GENERAL MEDICINE,AIQ,OBC,"? 51,000","? 136,008",1,"? 2,000,000",1626,
1,254,Delhi,"ABVIMS (Dr RML Hosp), Delhi",GENERAL MEDICINE,AIQ,OBC,"? 51,000","? 136,008",1,"? 2,000,000",1626,
1,255,Maharashtra,"Grant Med Coll, Mumbai",DERMATOLOGY,AIQ,GEN,"?1,57,100","? 93,559",1,"? 5,000,000",2844,
1,256,Delhi,"ABVIMS (Dr RML Hosp), Delhi",DERMATOLOGY,AIQ,GEN,"? 51,000","? 136,008",1,"? 2,000,000",1626,
1,257,Rajasthan,"SMS, Jaipur",RADIO DIAGNOSIS,AIQ,GEN,"?14,093","?87,216",2,"? 15,000,000",5702,
1,258,Telangana,"Osmania Med Coll, Hyderabad",GENERAL MEDICINE,AIQ,GEN,"?15,000","? 67,032",1,"? 2,000,000",4800,
1,259,Kerala,"Govt Med Coll, Kottayam",RADIO DIAGNOSIS,AIQ,OBC,"?69,470","? 57,876",1,"?50,00,000",2094,
1,260,Gujarat,"Medical College, Baroda",RADIO DIAGNOSIS,AIQ,GEN,"?30,000","? 100,800",1,"?40,00,000",1250,
1,261,Delhi,"VMMC, Delhi",GENERAL SURGERY,AIQ,GEN,"?15,000","?1,20,965",1,"? 2,000,000",1550,
1,262,Tamil Nadu,"Madras Med Coll, Chennai",GENERAL MEDICINE,AIQ,GEN,"?50,000","?54,025",2,"?40,00,000",7285,
1,263,Madhya Pradesh,"MGM Med Coll, Indore",GENERAL MEDICINE,AIQ,GEN,"?1,01,500","? 75,444",1,"?10,00,000",1300,
1,264,Maharashtra,"Govt Med Coll, Nagpur",RADIO DIAGNOSIS,AIQ,GEN,"?1,57,100","? 93,559",1,"? 5,000,000",1866,
1,265,Delhi,"ABVIMS (Dr RML Hosp), Delhi",GENERAL MEDICINE,AIQ,OBC,"? 51,000","? 136,008",1,"? 2,000,000",1626,
1,266,Haryana,"Pt BD Sharma, Rohtak",RADIO DIAGNOSIS,AIQ,GEN,"?1,25,000","?1,04,346",0,?0,2080,
1,267,Karnataka,"KIMS, Hubli",GENERAL MEDICINE,AIQ,GEN,"?1,23,400","? 56,250",1,"?50,00,000",1200,
1,268,Telangana,"Osmania Med Coll, Hyderabad",GENERAL MEDICINE,AIQ,GEN,"?15,000","? 67,032",1,"? 2,000,000",4800,
1,269,Delhi,"VMMC, Delhi",OBG,AIQ,GEN,"?15,000","?1,20,965",1,"? 2,000,000",1550,
1,270,Tamil Nadu,"Madras Med Coll, Chennai",GENERAL MEDICINE,AIQ,GEN,"?50,000","?54,025",2,"?40,00,000",7285,
1,271,West Bengal,"IPGMER, Kolkata",GENERAL SURGERY,AIQ,GEN,"?12,000","? 61,634",3,"?30,00,000",2300,
1,272,Kerala,"Medical College, Trivandrum",GENERAL MEDICINE,AIQ,GEN,"?69,470","? 57,876",1,"?50,00,000",2126,
1,273,Delhi,"VMMC, Delhi",RADIO DIAGNOSIS,IP,GEN,"?15,000","?1,20,965",1,"? 2,000,000",1550,
1,274,Uttar Pradesh,"KGMU, Lucknow",RADIO DIAGNOSIS,AIQ,GEN,"?54,700","? 126,725",2,"?40,00,000",4500,
1,275,Karnataka,"Bangalore Med Coll, Bangalore",DERMATOLOGY,AIQ,GEN,"?1,23,400","? 56,250",1,"?50,00,000",1993,
1,276,Gujarat,"BJMC, Ahmedabad",GENERAL MEDICINE,AIQ,EWS,"?30,000","? 100,800",1,"?40,00,000",1557,
1,278,Goa,"Goa Med Coll, Panaji",GENERAL MEDICINE,AIQ,GEN,"?1,22,522","?80,000",1,"?50,00,000",1160,
1,279,Delhi,"MAMC, Delhi",GENERAL MEDICINE,AIQ,OBC,"?16,200","?1,32,336",1,"? 2,000,000",2800,
1,280,Maharashtra,"BJMC, Pune",RADIO DIAGNOSIS,AIQ,OBC,"?1,57,100","? 93,559",1,"? 5,000,000",1296,
1,281,Gujarat,"Medical College, Baroda",GENERAL MEDICINE,AIQ,GEN,"?30,000","? 100,800",1,"?40,00,000",1250,
1,282,Kerala,"Medical College, Trivandrum",DERMATOLOGY,AIQ,GEN,"?69,470","? 57,876",1,"?50,00,000",2126,
1,283,Delhi,"Lady Hardinge, Delhi",RADIO DIAGNOSIS,AIQ,OBC,"?16,200","?1,26,927",1,"? 2,000,000",877,
1,284,Delhi,"ABVIMS (Dr RML Hosp), Delhi",GENERAL SURGERY,AIQ,GEN,"? 51,000","? 136,008",1,"? 2,000,000",1626,
1,285,Kerala,"Govt Med Coll, Kozhikode",PAEDIATRICS,AIQ,GEN,"?69,470","? 57,876",1,"?50,00,000",3025,
1,286,Tamil Nadu,"Madras Med Coll, Chennai",GENERAL MEDICINE,AIQ,GEN,"?50,000","?54,025",2,"?40,00,000",7285,
1,287,Delhi,"VMMC, Delhi",GENERAL SURGERY,AIQ,GEN,"?15,000","?1,20,965",1,"? 2,000,000",1550,
1,288,Delhi,"MAMC, Delhi",RADIO DIAGNOSIS,DU,GEN,"?16,200","?1,32,336",1,"? 2,000,000",2800,
1,289,Rajasthan,"SMS, Jaipur",RADIO DIAGNOSIS,AIQ,GEN,"?14,093","?87,216",2,"? 15,000,000",5702,
1,290,Karnataka,"Bangalore Med Coll, Bangalore",GENERAL MEDICINE,AIQ,OBC,"?1,23,400","? 56,250",1,"?50,00,000",1993,
1,291,Tamil Nadu,"Madras Med Coll, Chennai",GENERAL MEDICINE,AIQ,GEN,"?50,000","?54,025",2,"?40,00,000",7285,
1,292,Maharashtra,"Tata Memorial, Mumbai",NUCLEAR MEDICINE,AIQ,GEN,"?1,05,500","? 105,840",1,"?25,00,000",614,
1,293,Delhi,"VMMC, Delhi",DERMATOLOGY,AIQ,OBC,"?15,000","?1,20,965",1,"? 2,000,000",1550,
1,294,Maharashtra,"Topiwala, Mumbai",GENERAL MEDICINE,AIQ,GEN,"?1,57,100","? 93,559",1,"? 5,000,000",1300,
1,295,Maharashtra,"Grant Med Coll, Mumbai",GENERAL MEDICINE,AIQ,GEN,"?1,57,100","? 93,559",1,"? 5,000,000",2844,
1,296,Delhi,"Lady Hardinge, Delhi",GENERAL MEDICINE,DU,GEN,"?16,200","?1,26,927",1,"? 2,000,000",877,
1,297,Meghalaya,"NEIGRIHMS, Shillong",RADIO DIAGNOSIS,AIQ,GEN,"?16,300","?1,25,000",0,? 0,594,
1,298,Maharashtra,"BJMC, Pune",DERMATOLOGY,AIQ,GEN,"?1,57,100","? 93,559",1,"? 5,000,000",1296,
1,299,Maharashtra,"HBT & RN Cooper, Mumbai",GENERAL MEDICINE,AIQ,GEN,"?1,57,100","? 93,559",1,"? 5,000,000",940,
1,300,Maharashtra,"Govt Med Coll, Nagpur",RADIO DIAGNOSIS,AIQ,GEN,"?1,57,100","? 93,559",1,"? 5,000,000",1866,
1,301,Kerala,"Govt Med Coll, Kottayam",GENERAL MEDICINE,AIQ,OBC,"?69,470","? 57,876",1,"?50,00,000",2094,
1,302,Kerala,"Govt Med Coll, Kottayam",DERMATOLOGY,AIQ,GEN,"?69,470","? 57,876",1,"?50,00,000",2094,
1,303,Jammu and Kashmir,"Sher-I-Kashmir, Srinagar",RADIO DIAGNOSIS,AIQ,GEN,"?11,000","? 80,000",0,?0,1200,
1,304,Delhi,"ABVIMS (Dr RML Hosp), Delhi",GENERAL MEDICINE,IP,GEN,"? 51,000","? 136,008",1,"? 2,000,000",1626,
1,305,Tamil Nadu,"Madras Med Coll, Chennai",PAEDIATRICS,AIQ,GEN,"?50,000","?54,025",2,"?40,00,000",7285,
1,306,Maharashtra,"Grant Med Coll, Mumbai",GENERAL MEDICINE,AIQ,GEN,"?1,57,100","? 93,559",1,"? 5,000,000",2844,
1,307,Tamil Nadu,"Stanley Med Coll, Chennai",RADIO DIAGNOSIS,AIQ,GEN,"?50,000","?54,025",2,"?40,00,000",1661,
1,308,Kerala,"Medical College, Trivandrum",GENERAL MEDICINE,AIQ,GEN,"?69,470","? 57,876",1,"?50,00,000",2126,
1,309,West Bengal,"IPGMER, Kolkata",RADIO DIAGNOSIS,AIQ,GEN,"?12,000","? 61,634",3,"?30,00,000",2300,
1,310,Rajasthan,"SP Med Coll, Bikaner",RADIO DIAGNOSIS,AIQ,GEN,"?14,093","?87,216",2,"? 15,000,000",1570,
1,311,Tamil Nadu,"Madras Med Coll, Chennai",GENERAL MEDICINE,AIQ,OBC,"?50,000","?54,025",2,"?40,00,000",7285,
1,313,Kerala,"Medical College, Trivandrum",GENERAL SURGERY,AIQ,GEN,"?69,470","? 57,876",1,"?50,00,000",2126,
1,314,Delhi,"MAMC, Delhi",GENERAL SURGERY,DU,GEN,"?16,200","?1,32,336",1,"? 2,000,000",2800,
1,315,Uttar Pradesh,"KGMU, Lucknow",GENERAL MEDICINE,AIQ,GEN,"?54,700","? 126,725",2,"?40,00,000",4500,
1,316,Karnataka,"KIMS, Hubli",GENERAL MEDICINE,AIQ,GEN,"?1,23,400","? 56,250",1,"?50,00,000",1200,
1,317,Rajasthan,"Govt Med Coll, Kota",RADIO DIAGNOSIS,AIQ,GEN,"?14,093","?87,216",2,"? 15,000,000",2581,
1,319,Maharashtra,"Govt Med Coll, Nagpur",GENERAL MEDICINE,AIQ,GEN,"?1,57,100","? 93,559",1,"? 5,000,000",1866,
1,320,Delhi,"Sir Ganga Ram Hospital, Delhi",DNBGENERAL MEDICINE,DNB Post MBBS,GEN,"? 125,000","? 92,000",0,? 0,737,
1,321,Maharashtra,"HBT & RN Cooper, Mumbai",GENERAL MEDICINE,AIQ,GEN,"?1,57,100","? 93,559",1,"? 5,000,000",940,
1,322,Delhi,"VMMC, Delhi",GENERAL SURGERY,AIQ,GEN,"?15,000","?1,20,965",1,"? 2,000,000",1550,
1,323,Tamil Nadu,"Madras Med Coll, Chennai",OBG,AIQ,GEN,"?50,000","?54,025",2,"?40,00,000",7285,
1,324,Delhi,"Lady Hardinge, Delhi",OBG,AIQ,GEN,"?16,200","?1,26,927",1,"? 2,000,000",877,
1,325,Delhi,"MAMC, Delhi",RADIO DIAGNOSIS,DU,GEN,"?16,200","?1,32,336",1,"? 2,000,000",2800,
1,326,Uttar Pradesh,"JNMC (AMU), Aligarh",RADIO DIAGNOSIS,AIQ,GEN,"?54,700","?1,14,975",0,? 0,1269,
1,327,Karnataka,"KIMS, Hubli",GENERAL MEDICINE,AIQ,GEN,"?1,23,400","? 56,250",1,"?50,00,000",1200,
1,328,Delhi,"Lady Hardinge, Delhi",PAEDIATRICS,DU,GEN,"?16,200","?1,26,927",1,"? 2,000,000",877,
1,329,Gujarat,"BJMC, Ahmedabad",OBG,AIQ,GEN,"?30,000","? 100,800",1,"?40,00,000",1557,
1,331,Tamil Nadu,"Madras Med Coll, Chennai",GENERAL MEDICINE,AIQ,OBC,"?50,000","?54,025",2,"?40,00,000",7285,
1,332,Delhi,"Sir Ganga Ram Hospital, Delhi",DNBRADIO DIAGNOSIS,DNB Post MBBS,GEN,"? 125,000","? 92,000",0,? 0,737,
1,333,Maharashtra,"Grant Med Coll, Mumbai",GENERAL MEDICINE,AIQ,GEN,"?1,57,100","? 93,559",1,"? 5,000,000",2844,
1,334,Telangana,"NIMS, Hyderabad",RADIO DIAGNOSIS,AIQ,EWS,"?72,000","? 116,844",1,"? 2,000,000",1498,
1,335,Uttar Pradesh,"IMS(BHU), Varanasi",GENERAL MEDICINE,AIQ,EWS,"?48,226","?1,12,054",0,? 0,2424,
1,336,Karnataka,"Bangalore Med Coll, Bangalore",GENERAL MEDICINE,AIQ,OBC,"?1,23,400","? 56,250",1,"?50,00,000",1993,
1,337,Maharashtra,"Grant Med Coll, Mumbai",RADIO DIAGNOSIS,AIQ,OBC,"?1,57,100","? 93,559",1,"? 5,000,000",2844,
1,338,Kerala,"Medical College, Trivandrum",GENERAL MEDICINE,AIQ,OBC,"?69,470","? 57,876",1,"?50,00,000",2126,
1,339,Delhi,"VMMC, Delhi",ORTHOPAEDICS,AIQ,GEN,"?15,000","?1,20,965",1,"? 2,000,000",1550,
1,340,Delhi,"Lady Hardinge, Delhi",PAEDIATRICS,AIQ,GEN,"?16,200","?1,26,927",1,"? 2,000,000",877,
1,341,Rajasthan,"SMS, Jaipur",GENERAL MEDICINE,AIQ,GEN,"?14,093","?87,216",2,"? 15,000,000",5702,
1,342,Andhra Pradesh,"Kurnool Med Coll, Kurnool",GENERAL MEDICINE,AIQ,GEN,"?30,000","? 60,823",0,?0,1150,
1,343,Uttar Pradesh,"SGPGI, Lucknow",RADIO DIAGNOSIS,AIQ,OBC,"?35,000","? 115,506",2,"?40,00,000",1609,
1,344,Karnataka,"Bangalore Med Coll, Bangalore",DERMATOLOGY,AIQ,OBC,"?1,23,400","? 56,250",1,"?50,00,000",1993,
1,345,Odisha,"SCB, Cuttack",GENERAL MEDICINE,AIQ,GEN,"?35,000","? 73,042",2,"?55,09,464",2106,
1,346,Delhi,"MAMC, Delhi",RADIO DIAGNOSIS,DU,GEN,"?16,200","?1,32,336",1,"? 2,000,000",2800,
1,347,Bihar,"IGIMS, Patna",GENERAL MEDICINE,AIQ,GEN,"?1,60,000","?1,22,878",0,? 0,1170,
1,348,Maharashtra,"Govt Med Coll, Nagpur",GENERAL MEDICINE,AIQ,GEN,"?1,57,100","? 93,559",1,"? 5,000,000",1866,
1,349,Uttar Pradesh,"KGMU, Lucknow",GENERAL MEDICINE,AIQ,GEN,"?54,700","? 126,725",2,"?40,00,000",4500,
1,350,Delhi,"VMMC, Delhi",GENERAL MEDICINE,AIQ,OBC,"?15,000","?1,20,965",1,"? 2,000,000",1550,
1,351,Tamil Nadu,"Stanley Med Coll, Chennai",GENERAL MEDICINE,AIQ,GEN,"?50,000","?54,025",2,"?40,00,000",1661,
1,352,Kerala,"TD Med Coll, Allepey",RADIO DIAGNOSIS,AIQ,GEN,"?69,470","? 57,876",1,"?50,00,000",1050,
1,353,Gujarat,"BJMC, Ahmedabad",OBG,AIQ,GEN,"?30,000","? 100,800",1,"?40,00,000",1557,
1,354,Maharashtra,"Seth GS, Mumbai",GENERAL MEDICINE,AIQ,OBC,"?1,57,100","? 93,559",1,"? 5,000,000",2250,
1,355,Delhi,"Lady Hardinge, Delhi",PAEDIATRICS,AIQ,GEN,"?16,200","?1,26,927",1,"? 2,000,000",877,
1,356,Maharashtra,"Seth GS, Mumbai",GENERAL MEDICINE,AIQ,OBC,"?1,57,100","? 93,559",1,"? 5,000,000",2250,
1,357,Maharashtra,"Govt Med Coll, Nagpur",RADIO DIAGNOSIS,AIQ,GEN,"?1,57,100","? 93,559",1,"? 5,000,000",1866,
1,358,Haryana,"Pt BD Sharma, Rohtak",GENERAL MEDICINE,AIQ,GEN,"?1,25,000","?1,04,346",0,?0,2080,
1,359,Delhi,"Lady Hardinge, Delhi",DERMATOLOGY,AIQ,GEN,"?16,200","?1,26,927",1,"? 2,000,000",877,
1,360,Himachal Pradesh,"IGMC, Shimla",RADIO DIAGNOSIS,AIQ,GEN,"?24,000","?40,000",2,"?40,00,000",1031,
1,361,Delhi,"UCMS, Delhi",RADIO DIAGNOSIS,AIQ,OBC,"?47,220","?1,32,336",1,"? 2,000,000",1000,
1,362,Bihar,"IGIMS, Patna",GENERAL MEDICINE,AIQ,GEN,"?1,60,000","?1,22,878",0,? 0,1170,
1,363,Uttar Pradesh,"JNMC (AMU), Aligarh",RADIO DIAGNOSIS,AMU,GEN,"?54,700","?1,14,975",0,? 0,1269,
1,364,Delhi,"ABVIMS (Dr RML Hosp), Delhi",DERMATOLOGY,AIQ,GEN,"? 51,000","? 136,008",1,"? 2,000,000",1626,
1,365,Delhi,"ABVIMS (Dr RML Hosp), Delhi",RADIO DIAGNOSIS,IP,GEN,"? 51,000","? 136,008",1,"? 2,000,000",1626,
1,366,Maharashtra,"HBT & RN Cooper, Mumbai",GENERAL MEDICINE,AIQ,GEN,"?1,57,100","? 93,559",1,"? 5,000,000",940,
1,367,Delhi,"ABVIMS (Dr RML Hosp), Delhi",GENERAL MEDICINE,IP,GEN,"? 51,000","? 136,008",1,"? 2,000,000",1626,
1,368,Rajasthan,"SMS, Jaipur",GENERAL MEDICINE,AIQ,GEN,"?14,093","?87,216",2,"? 15,000,000",5702,
1,369,Delhi,"Sir Ganga Ram Hospital, Delhi",DNBGENERAL MEDICINE,DNB Post MBBS,GEN,"? 125,000","? 92,000",0,? 0,737,
1,370,Delhi,"MAMC, Delhi",GENERAL MEDICINE,AIQ,OBC,"?16,200","?1,32,336",1,"? 2,000,000",2800,
1,371,Uttar Pradesh,"IMS(BHU), Varanasi",DERMATOLOGY,AIQ,GEN,"?48,226","?1,12,054",0,? 0,2424,
1,372,Telangana,"ESIC Med Coll,Sanath Nagar",GENERAL MEDICINE,AIQ,GEN,"?2,50,000","? 130,653",2,"?10,00,000",690,
1,373,Uttar Pradesh,"KGMU, Lucknow",GENERAL MEDICINE,AIQ,GEN,"?54,700","? 126,725",2,"?40,00,000",4500,
1,374,Delhi,"ABVIMS (Dr RML Hosp), Delhi",RADIO DIAGNOSIS,IP,GEN,"? 51,000","? 136,008",1,"? 2,000,000",1626,
1,375,Kerala,"TD Med Coll, Allepey",GENERAL MEDICINE,AIQ,GEN,"?69,470","? 57,876",1,"?50,00,000",1050,
1,376,Delhi,"ABVIMS (Dr RML Hosp), Delhi",GENERAL SURGERY,AIQ,GEN,"? 51,000","? 136,008",1,"? 2,000,000",1626,
1,377,Kerala,"TD Med Coll, Allepey",RADIO DIAGNOSIS,AIQ,GEN,"?69,470","? 57,876",1,"?50,00,000",1050,
1,379,Delhi,"VMMC, Delhi",OBG,AIQ,GEN,"?15,000","?1,20,965",1,"? 2,000,000",1550,
1,380,Bihar,"IGIMS, Patna",RADIO DIAGNOSIS,AIQ,OBC,"?1,60,000","?1,22,878",0,? 0,1170,
1,381,Telangana,"Osmania Med Coll, Hyderabad",RADIO DIAGNOSIS,AIQ,GEN,"?15,000","? 67,032",1,"? 2,000,000",4800,
1,382,Maharashtra,"Seth GS, Mumbai",GENERAL SURGERY,AIQ,GEN,"?1,57,100","? 93,559",1,"? 5,000,000",2250,
1,383,Maharashtra,"Grant Med Coll, Mumbai",RADIO DIAGNOSIS,AIQ,OBC,"?1,57,100","? 93,559",1,"? 5,000,000",2844,
1,384,Delhi,"Sir Ganga Ram Hospital, Delhi",DNBRADIO DIAGNOSIS,DNB Post MBBS,GEN,"? 125,000","? 92,000",0,? 0,737,
1,385,Telangana,"Osmania Med Coll, Hyderabad",GENERAL MEDICINE,AIQ,GEN,"?15,000","? 67,032",1,"? 2,000,000",4800,
1,386,Maharashtra,"Tata Memorial, Mumbai",NUCLEAR MEDICINE,AIQ,GEN,"?1,05,500","? 105,840",1,"?25,00,000",614,
1,387,Maharashtra,"BJMC, Pune",DERMATOLOGY,AIQ,GEN,"?1,57,100","? 93,559",1,"? 5,000,000",1296,
1,388,Rajasthan,"SMS, Jaipur",GENERAL MEDICINE,AIQ,GEN,"?14,093","?87,216",2,"? 15,000,000",5702,
1,389,Gujarat,"Medical College, Baroda",GENERAL MEDICINE,AIQ,GEN,"?30,000","? 100,800",1,"?40,00,000",1250,
1,390,Delhi,"UCMS, Delhi",GENERAL MEDICINE,AIQ,EWS,"?47,220","?1,32,336",1,"? 2,000,000",1000,
1,391,Telangana,"Osmania Med Coll, Hyderabad",GENERAL MEDICINE,AIQ,OBC,"?15,000","? 67,032",1,"? 2,000,000",4800,
1,392,Uttar Pradesh,"IMS(BHU), Varanasi",DERMATOLOGY,AIQ,GEN,"?48,226","?1,12,054",0,? 0,2424,
1,393,Maharashtra,"Kokilaben Dhirubhai Ambani,MUM",DNBRADIO DIAGNOSIS,DNB Post MBBS,GEN,"? 125,000","?85,000",0,? 0,550,
1,394,Chandigarh,"GMC, Chandigarh",DERMATOLOGY,AIQ,GEN,"?34,500","?1,09,926",0,? 0,967,
1,395,Uttar Pradesh,"JNMC (AMU), Aligarh",RADIO DIAGNOSIS,AIQ,OBC,"?54,700","?1,14,975",0,? 0,1269,
1,397,Rajasthan,"SNMC, Jodhpur",RADIO DIAGNOSIS,AIQ,OBC,"?14,093","?87,216",2,"? 15,000,000",3101,
1,398,Rajasthan,"SMS, Jaipur",DERMATOLOGY,AIQ,GEN,"?14,093","?87,216",2,"? 15,000,000",5702,
1,399,Tamil Nadu,"Stanley Med Coll, Chennai",RADIO DIAGNOSIS,AIQ,GEN,"?50,000","?54,025",2,"?40,00,000",1661,
1,400,Telangana,"ESIC Med Coll,Sanath Nagar",RADIO DIAGNOSIS,AIQ,GEN,"?2,50,000","? 130,653",2,"?10,00,000",690,
1,401,Odisha,"SCB, Cuttack",GENERAL MEDICINE,AIQ,GEN,"?35,000","? 73,042",2,"?55,09,464",2106,
1,402,Haryana,"ESIC Med Coll, Faridabad",RADIO DIAGNOSIS,AIQ,GEN,"?2,50,000","?1,15,853",2,"?10,00,000",625,
1,403,Tamil Nadu,Tirunelveli Med Coll,GENERAL MEDICINE,AIQ,GEN,"?50,000","?54,025",2,"?40,00,000",1737,
1,404,Tamil Nadu,"Stanley Med Coll, Chennai",RADIO DIAGNOSIS,AIQ,OBC,"?50,000","?54,025",2,"?40,00,000",1661,
1,405,Maharashtra,"Seth GS, Mumbai",DERMATOLOGY,AIQ,OBC,"?1,57,100","? 93,559",1,"? 5,000,000",2250,
1,406,Manipur,"RIMS, Imphal",GENERAL MEDICINE,AIQ,GEN,"?5,000","? 109,926",1,"?20,00,000",1074,
1,407,Odisha,"SCB, Cuttack",GENERAL MEDICINE,AIQ,GEN,"?35,000","? 73,042",2,"?55,09,464",2106,
1,408,Rajasthan,"SMS, Jaipur",GENERAL MEDICINE,AIQ,GEN,"?14,093","?87,216",2,"? 15,000,000",5702,
1,409,Tamil Nadu,"Stanley Med Coll, Chennai",RADIO DIAGNOSIS,AIQ,OBC,"?50,000","?54,025",2,"?40,00,000",1661,
1,410,Uttar Pradesh,"Dr RML IMS, Lucknow",RADIO DIAGNOSIS,AIQ,GEN,"?35,000","? 126,726",2,"?40,00,000",1368,
1,411,Delhi,"VMMC, Delhi",RADIO DIAGNOSIS,AIQ,ST,"?15,000","?1,20,965",1,"? 2,000,000",1550,
1,412,Maharashtra,"Lokmanya Tilak, Sion, Mumbai",GENERAL MEDICINE,AIQ,OBC,"?1,57,100","? 93,559",1,"? 5,000,000",1462,
1,413,Delhi,"Lady Hardinge, Delhi",OBG,AIQ,OBC,"?16,200","?1,26,927",1,"? 2,000,000",877,
1,414,Gujarat,"Medical College, Baroda",RADIO DIAGNOSIS,AIQ,GEN,"?30,000","? 100,800",1,"?40,00,000",1250,
1,415,Delhi,"ABVIMS (Dr RML Hosp), Delhi",GENERAL SURGERY,AIQ,GEN,"? 51,000","? 136,008",1,"? 2,000,000",1626,
1,417,Maharashtra,"Tata Memorial, Mumbai",RADIO DIAGNOSIS,AIQ,GEN,"?1,05,500","? 105,840",1,"?25,00,000",614,
1,418,Telangana,"Gandhi Med Coll, Secunderabad",GENERAL MEDICINE,AIQ,GEN,"?15,000","? 67,032",1,"? 2,000,000",1200,
1,419,Delhi,"ABVIMS (Dr RML Hosp), Delhi",GENERAL SURGERY,AIQ,GEN,"? 51,000","? 136,008",1,"? 2,000,000",1626,
1,421,Tamil Nadu,"Madurai Med Coll, Madurai",RADIO DIAGNOSIS,AIQ,GEN,"?50,000","?54,025",2,"?40,00,000",3518,
1,422,Kerala,"Govt Med Coll, Thrissur",DERMATOLOGY,AIQ,GEN,"?69,470","? 57,876",1,"?50,00,000",1400,
1,423,Rajasthan,"SMS, Jaipur",RADIO DIAGNOSIS,AIQ,EWS,"?14,093","?87,216",2,"? 15,000,000",5702,
1,424,Karnataka,"IGICH, Bangalore",PAEDIATRICS,AIQ,GEN,"?1,23,400","? 56,250",1,"?50,00,000",500,
1,425,Gujarat,"Medical College, Baroda",RADIO DIAGNOSIS,AIQ,GEN,"?30,000","? 100,800",1,"?40,00,000",1250,
1,426,Delhi,"Lady Hardinge, Delhi",PAEDIATRICS,AIQ,GEN,"?16,200","?1,26,927",1,"? 2,000,000",877,
1,427,Delhi,"MAMC, Delhi",RADIO DIAGNOSIS,DU,GEN,"?16,200","?1,32,336",1,"? 2,000,000",2800,
1,428,Maharashtra,"Tata Memorial, Mumbai",RADIO DIAGNOSIS,AIQ,GEN,"?1,05,500","? 105,840",1,"?25,00,000",614,
1,429,Rajasthan,"SMS, Jaipur",GENERAL MEDICINE,AIQ,GEN,"?14,093","?87,216",2,"? 15,000,000",5702,
1,430,Delhi,"Sir Ganga Ram Hospital, Delhi",DNBGENERAL MEDICINE,DNB Post MBBS,GEN,"? 125,000","? 92,000",0,? 0,737,
1,431,Maharashtra,"HBT & RN Cooper, Mumbai",GENERAL MEDICINE,AIQ,GEN,"?1,57,100","? 93,559",1,"? 5,000,000",940,
1,432,Uttar Pradesh,"IMS(BHU), Varanasi",DERMATOLOGY,AIQ,OBC,"?48,226","?1,12,054",0,? 0,2424,
1,433,Rajasthan,"SNMC, Jodhpur",DERMATOLOGY,AIQ,GEN,"?14,093","?87,216",2,"? 15,000,000",3101,
1,434,Maharashtra,"Tata Memorial, Mumbai",RADIO DIAGNOSIS,AIQ,GEN,"?1,05,500","? 105,840",1,"?25,00,000",614,
1,435,Kerala,"TD Med Coll, Allepey",GENERAL MEDICINE,AIQ,GEN,"?69,470","? 57,876",1,"?50,00,000",1050,
1,436,Karnataka,"Bangalore Med Coll, Bangalore",GENERAL MEDICINE,AIQ,OBC,"?1,23,400","? 56,250",1,"?50,00,000",1993,
1,437,Kerala,"Medical College, Trivandrum",GENERAL MEDICINE,AIQ,OBC,"?69,470","? 57,876",1,"?50,00,000",2126,
1,438,Delhi,"ABVIMS (Dr RML Hosp), Delhi",OBG,AIQ,GEN,"? 51,000","? 136,008",1,"? 2,000,000",1626,
1,439,Rajasthan,"SMS, Jaipur",GENERAL MEDICINE,AIQ,GEN,"?14,093","?87,216",2,"? 15,000,000",5702,
1,440,Gujarat,"MP Shah, Jamnagar",GENERAL MEDICINE,AIQ,GEN,"?30,000","? 100,800",1,"?40,00,000",1250,
1,441,Karnataka,"Mysore Med Coll, Mysore",GENERAL MEDICINE,AIQ,GEN,"?1,23,400","? 56,250",1,"?50,00,000",1050,
1,442,Assam,"Gauhati Med Coll, Guwahati",RADIO DIAGNOSIS,AIQ,GEN,"?27,300","?55,200",2,"?20,00,000",2185,
1,443,Kerala,"TD Med Coll, Allepey",GENERAL MEDICINE,AIQ,GEN,"?69,470","? 57,876",1,"?50,00,000",1050,
1,445,Karnataka,"Bangalore Med Coll, Bangalore",GENERAL SURGERY,AIQ,GEN,"?1,23,400","? 56,250",1,"?50,00,000",1993,
1,446,Tamil Nadu,"Stanley Med Coll, Chennai",GENERAL MEDICINE,AIQ,GEN,"?50,000","?54,025",2,"?40,00,000",1661,
1,447,Tamil Nadu,"Madras Med Coll, Chennai",OBG,AIQ,GEN,"?50,000","?54,025",2,"?40,00,000",7285,
1,448,Rajasthan,"SMS, Jaipur",DERMATOLOGY,AIQ,OBC,"?14,093","?87,216",2,"? 15,000,000",5702,
1,449,Maharashtra,"Grant Med Coll, Mumbai",GENERAL SURGERY,AIQ,GEN,"?1,57,100","? 93,559",1,"? 5,000,000",2844,
1,450,Maharashtra,"Grant Med Coll, Mumbai",GENERAL SURGERY,AIQ,GEN,"?1,57,100","? 93,559",1,"? 5,000,000",2844,
1,451,Maharashtra,"Lokmanya Tilak, Sion, Mumbai",GENERAL SURGERY,AIQ,GEN,"?1,57,100","? 93,559",1,"? 5,000,000",1462,
1,452,Uttar Pradesh,"KGMU, Lucknow",GENERAL MEDICINE,AIQ,GEN,"?54,700","? 126,725",2,"?40,00,000",4500,
1,453,Delhi,"MAMC, Delhi",PAEDIATRICS,AIQ,GEN,"?16,200","?1,32,336",1,"? 2,000,000",2800,
1,454,Rajasthan,"SMS, Jaipur",DERMATOLOGY,AIQ,EWS,"?14,093","?87,216",2,"? 15,000,000",5702,
1,455,Maharashtra,"Tata Memorial, Mumbai",RADIO DIAGNOSIS,AIQ,GEN,"?1,05,500","? 105,840",1,"?25,00,000",614,
1,456,Delhi,"UCMS, Delhi",GENERAL SURGERY,AIQ,GEN,"?47,220","?1,32,336",1,"? 2,000,000",1000,
1,458,Delhi,"Sir Ganga Ram Hospital, Delhi",DNBGENERAL MEDICINE,DNB Post MBBS,GEN,"? 125,000","? 92,000",0,? 0,737,
1,459,Gujarat,"MP Shah, Jamnagar",GENERAL MEDICINE,AIQ,GEN,"?30,000","? 100,800",1,"?40,00,000",1250,
1,460,Delhi,"ABVIMS (Dr RML Hosp), Delhi",GENERAL MEDICINE,IP,GEN,"? 51,000","? 136,008",1,"? 2,000,000",1626,
1,461,Uttar Pradesh,"KGMU, Lucknow",GENERAL MEDICINE,AIQ,GEN,"?54,700","? 126,725",2,"?40,00,000",4500,
1,462,Karnataka,"Mysore Med Coll, Mysore",RADIO DIAGNOSIS,AIQ,GEN,"?1,23,400","? 56,250",1,"?50,00,000",1050,
1,463,Telangana,"Osmania Med Coll, Hyderabad",RADIO DIAGNOSIS,AIQ,EWS,"?15,000","? 67,032",1,"? 2,000,000",4800,
1,464,Delhi,"MAMC, Delhi",GENERAL MEDICINE,AIQ,OBC,"?16,200","?1,32,336",1,"? 2,000,000",2800,
1,465,Gujarat,"BJMC, Ahmedabad",ORTHOPAEDICS,AIQ,GEN,"?30,000","? 100,800",1,"?40,00,000",1557,
1,466,Maharashtra,"Govt Med Coll, Nagpur",GENERAL MEDICINE,AIQ,GEN,"?1,57,100","? 93,559",1,"? 5,000,000",1866,
1,467,Rajasthan,"RNT, Udaipur",GENERAL MEDICINE,AIQ,GEN,"?14,093","?87,216",2,"? 15,000,000",2206,
1,468,Delhi,"VMMC, Delhi",OBG,AIQ,GEN,"?15,000","?1,20,965",1,"? 2,000,000",1550,
1,469,Maharashtra,"Lokmanya Tilak, Sion, Mumbai",OBG,AIQ,GEN,"?1,57,100","? 93,559",1,"? 5,000,000",1462,
1,470,Karnataka,"Bangalore Med Coll, Bangalore",GENERAL SURGERY,AIQ,GEN,"?1,23,400","? 56,250",1,"?50,00,000",1993,
1,471,Maharashtra,"Tata Memorial, Mumbai",RADIO DIAGNOSIS,AIQ,GEN,"?1,05,500","? 105,840",1,"?25,00,000",614,
1,472,Karnataka,"KIMS, Hubli",RADIO DIAGNOSIS,AIQ,GEN,"?1,23,400","? 56,250",1,"?50,00,000",1200,
1,473,Gujarat,"BJMC, Ahmedabad",GENERAL MEDICINE,AIQ,EWS,"?30,000","? 100,800",1,"?40,00,000",1557,
1,474,Telangana,"Gandhi Med Coll, Secunderabad",OBG,AIQ,GEN,"?15,000","? 67,032",1,"? 2,000,000",1200,
1,475,Delhi,"Sir Ganga Ram Hospital, Delhi",DNBGENERAL MEDICINE,DNB Post MBBS,GEN,"? 125,000","? 92,000",0,? 0,737,
1,476,Karnataka,"Bangalore Med Coll, Bangalore",RADIO DIAGNOSIS,AIQ,OBC,"?1,23,400","? 56,250",1,"?50,00,000",1993,
1,477,Chandigarh,"GMC, Chandigarh",DERMATOLOGY,AIQ,SC,"?34,500","?1,09,926",0,? 0,967,
1,479,Andhra Pradesh,"SVIMS, Tirupati",RADIO DIAGNOSIS,AIQ,GEN,"?1,75,000","? 96,951",1,"?40,00,000",1257,
1,480,Delhi,"Lady Hardinge, Delhi",GENERAL SURGERY,AIQ,GEN,"?16,200","?1,26,927",1,"? 2,000,000",877,
1,481,Delhi,"UCMS, Delhi",GENERAL MEDICINE,DU,GEN,"?47,220","?1,32,336",1,"? 2,000,000",1000,
1,482,Kerala,"TD Med Coll, Allepey",DERMATOLOGY,AIQ,GEN,"?69,470","? 57,876",1,"?50,00,000",1050,
1,483,Maharashtra,"Tata Memorial, Mumbai",RADIO DIAGNOSIS,AIQ,GEN,"?1,05,500","? 105,840",1,"?25,00,000",614,
1,484,Maharashtra,"Topiwala, Mumbai",RADIO DIAGNOSIS,AIQ,GEN,"?1,57,100","? 93,559",1,"? 5,000,000",1300,
1,485,Karnataka,"Bangalore Med Coll, Bangalore",RADIO DIAGNOSIS,AIQ,OBC,"?1,23,400","? 56,250",1,"?50,00,000",1993,
1,486,Maharashtra,"Tata Memorial, Mumbai",RADIO DIAGNOSIS,AIQ,GEN,"?1,05,500","? 105,840",1,"?25,00,000",614,
1,487,Andhra Pradesh,"Guntur Med Coll, Guntur",GENERAL MEDICINE,AIQ,GEN,"?30,000","? 60,823",0,?0,1170,
1,488,Uttar Pradesh,"KGMU, Lucknow",GENERAL MEDICINE,AIQ,GEN,"?54,700","? 126,725",2,"?40,00,000",4500,
1,489,Delhi,"VMMC, Delhi",GENERAL MEDICINE,AIQ,OBC,"?15,000","?1,20,965",1,"? 2,000,000",1550,
1,490,Delhi,"MAMC, Delhi",OBG,AIQ,GEN,"?16,200","?1,32,336",1,"? 2,000,000",2800,
1,491,Delhi,"Lady Hardinge, Delhi",RADIO DIAGNOSIS,DU,GEN,"?16,200","?1,26,927",1,"? 2,000,000",877,
1,492,Delhi,"Lady Hardinge, Delhi",DERMATOLOGY,AIQ,EWS,"?16,200","?1,26,927",1,"? 2,000,000",877,
1,494,Uttar Pradesh,"KGMU, Lucknow",GENERAL SURGERY,AIQ,GEN,"?54,700","? 126,725",2,"?40,00,000",4500,
1,495,Tamil Nadu,"Kilpauk Med Coll, Chennai",RADIO DIAGNOSIS,AIQ,GEN,"?50,000","?54,025",2,"?40,00,000",1700,
1,496,Kerala,"TD Med Coll, Allepey",GENERAL MEDICINE,AIQ,OBC,"?69,470","? 57,876",1,"?50,00,000",1050,
1,497,Maharashtra,"Govt Med Coll, Nagpur",GENERAL MEDICINE,AIQ,GEN,"?1,57,100","? 93,559",1,"? 5,000,000",1866,
1,498,Haryana,"Pt BD Sharma, Rohtak",GENERAL MEDICINE,AIQ,GEN,"?1,25,000","?1,04,346",0,?0,2080,
1,499,Maharashtra,"Grant Med Coll, Mumbai",GENERAL SURGERY,AIQ,GEN,"?1,57,100","? 93,559",1,"? 5,000,000",2844,
1,500,Maharashtra,"BJMC, Pune",RADIO DIAGNOSIS,AIQ,OBC,"?1,57,100","? 93,559",1,"? 5,000,000",1296,
1,501,Tamil Nadu,"Madras Med Coll, Chennai",GENERAL MEDICINE,AIQ,OBC,"?50,000","?54,025",2,"?40,00,000",7285,
1,502,Tamil Nadu,"Madras Med Coll, Chennai",DERMATOLOGY,AIQ,GEN,"?50,000","?54,025",2,"?40,00,000",7285,
1,503,Gujarat,"Govt Med Coll, Surat",GENERAL SURGERY,AIQ,GEN,"?30,000","? 100,800",1,"?40,00,000",1150,
1,504,Maharashtra,"Grant Med Coll, Mumbai",GENERAL SURGERY,AIQ,GEN,"?1,57,100","? 93,559",1,"? 5,000,000",2844,
1,505,Karnataka,"Mysore Med Coll, Mysore",RADIO DIAGNOSIS,AIQ,OBC,"?1,23,400","? 56,250",1,"?50,00,000",1050,
1,506,Odisha,"MKCG, Berhampur",DERMATOLOGY,AIQ,GEN,"?35,000","? 73,042",2,"?55,09,464",1140,
1,507,Gujarat,"Govt Med Coll, Surat",RADIO DIAGNOSIS,AIQ,GEN,"?30,000","? 100,800",1,"?40,00,000",1150,
1,508,Maharashtra,"Grant Med Coll, Mumbai",GENERAL SURGERY,AIQ,GEN,"?1,57,100","? 93,559",1,"? 5,000,000",2844,
1,509,Delhi,"MAMC, Delhi",GENERAL SURGERY,AIQ,EWS,"?16,200","?1,32,336",1,"? 2,000,000",2800,
1,510,Maharashtra,"Kokilaben Dhirubhai Ambani,MUM",DNBRADIO DIAGNOSIS,DNB Post MBBS,GEN,"? 125,000","?85,000",0,? 0,550,
1,511,Telangana,"Osmania Med Coll, Hyderabad",GENERAL MEDICINE,AIQ,OBC,"?15,000","? 67,032",1,"? 2,000,000",4800,
1,513,Madhya Pradesh,"Gandhi Med Coll, Bhopal",RADIO DIAGNOSIS,AIQ,GEN,"?1,01,500","? 75,444",1,"?10,00,000",1135,
1,515,Madhya Pradesh,"Gandhi Med Coll, Bhopal",GENERAL MEDICINE,AIQ,GEN,"?1,01,500","? 75,444",1,"?10,00,000",1135,
1,516,Maharashtra,"PD Hinduja, Mumbai",DNBGENERAL MEDICINE,DNB Post MBBS,GEN,"? 125,000","? 89,700",0,? 0,400,
1,517,Gujarat,"PDU Med Coll, Rajkot",RADIO DIAGNOSIS,AIQ,GEN,"?30,000","? 100,800",1,"?40,00,000",750,
1,518,Kerala,"Medical College, Trivandrum",PAEDIATRICS,AIQ,GEN,"?69,470","? 57,876",1,"?50,00,000",2126,
1,519,Telangana,"Gandhi Med Coll, Secunderabad",GENERAL MEDICINE,AIQ,GEN,"?15,000","? 67,032",1,"? 2,000,000",1200,
1,521,Andhra Pradesh,"SVIMS, Tirupati",RADIO DIAGNOSIS,AIQ,GEN,"?1,75,000","? 96,951",1,"?40,00,000",1257,
1,522,Maharashtra,"Grant Med Coll, Mumbai",GENERAL SURGERY,AIQ,GEN,"?1,57,100","? 93,559",1,"? 5,000,000",2844,
1,524,Karnataka,"Bangalore Med Coll, Bangalore",GENERAL SURGERY,AIQ,GEN,"?1,23,400","? 56,250",1,"?50,00,000",1993,
1,525,Maharashtra,"Pimpri Chinchwad, Pimpri",DERMATOLOGY,AIQ,GEN,"?1,57,100","? 93,559",1,"? 5,000,000",750,
1,526,Uttar Pradesh,"SGPGI, Lucknow",NUCLEAR MEDICINE,AIQ,GEN,"?35,000","? 115,506",2,"?40,00,000",1609,
1,527,Tamil Nadu,"Stanley Med Coll, Chennai",GENERAL MEDICINE,AIQ,GEN,"?50,000","?54,025",2,"?40,00,000",1661,
1,528,Kerala,"Govt Med Coll, Kozhikode",RADIO DIAGNOSIS,AIQ,SC,"?69,470","? 57,876",1,"?50,00,000",3025,
1,529,Delhi,"Lady Hardinge, Delhi",PAEDIATRICS,AIQ,GEN,"?16,200","?1,26,927",1,"? 2,000,000",877,
1,530,Maharashtra,"Govt Med Coll, Nagpur",GENERAL MEDICINE,AIQ,GEN,"?1,57,100","? 93,559",1,"? 5,000,000",1866,
1,531,Andhra Pradesh,"Andhra Med Coll, Vizag",RADIO DIAGNOSIS,AIQ,GEN,"?30,000","? 60,823",0,?0,1030,
1,532,Madhya Pradesh,"Gajra Raja Med Coll, Gwalior",RADIO DIAGNOSIS,AIQ,GEN,"?1,01,500","? 75,444",1,"?10,00,000",1100,
1,533,Bihar,"Patna Med Coll, Patna",RADIO DIAGNOSIS,AIQ,OBC,"?9,000","? 82,000",2,"?25,00,000",1748,
1,534,Tamil Nadu,"Madras Med Coll, Chennai",PAEDIATRICS,AIQ,GEN,"?50,000","?54,025",2,"?40,00,000",7285,
1,535,Delhi,"VMMC, Delhi",PAEDIATRICS,AIQ,GEN,"?15,000","?1,20,965",1,"? 2,000,000",1550,
1,536,Tamil Nadu,"Madras Med Coll, Chennai",DERMATOLOGY,AIQ,GEN,"?50,000","?54,025",2,"?40,00,000",7285,
1,537,Delhi,"VMMC, Delhi",RADIO DIAGNOSIS,IP,OBC,"?15,000","?1,20,965",1,"? 2,000,000",1550,
1,538,Maharashtra,"Govt Med Coll, Nagpur",GENERAL MEDICINE,AIQ,GEN,"?1,57,100","? 93,559",1,"? 5,000,000",1866,
1,539,Telangana,"Osmania Med Coll, Hyderabad",RADIO DIAGNOSIS,AIQ,OBC,"?15,000","? 67,032",1,"? 2,000,000",4800,
1,540,Delhi,"Lady Hardinge, Delhi",PAEDIATRICS,DU,GEN,"?16,200","?1,26,927",1,"? 2,000,000",877,
1,541,Delhi,"VMMC, Delhi",OBG,AIQ,GEN,"?15,000","?1,20,965",1,"? 2,000,000",1550,
1,542,Odisha,"MKCG, Berhampur",GENERAL MEDICINE,AIQ,GEN,"?35,000","? 73,042",2,"?55,09,464",1140,
1,543,Delhi,"VMMC, Delhi",GENERAL MEDICINE,AIQ,OBC,"?15,000","?1,20,965",1,"? 2,000,000",1550,
1,544,Maharashtra,"PD Hinduja, Mumbai",DNBGENERAL MEDICINE,DNB Post MBBS,GEN,"? 125,000","? 89,700",0,? 0,400,
1,545,Delhi,"UCMS, Delhi",GENERAL MEDICINE,DU,GEN,"?47,220","?1,32,336",1,"? 2,000,000",1000,
1,546,Karnataka,"Mandya IMS, Mandya",RADIO DIAGNOSIS,AIQ,GEN,"?1,23,400","? 56,250",1,"?50,00,000",910,
1,547,Karnataka,"Bangalore Med Coll, Bangalore",OBG,AIQ,GEN,"?1,23,400","? 56,250",1,"?50,00,000",1993,
1,548,Karnataka,"Bangalore Med Coll, Bangalore",OBG,AIQ,GEN,"?1,23,400","? 56,250",1,"?50,00,000",1993,
1,549,Haryana,"Pt BD Sharma, Rohtak",DERMATOLOGY,AIQ,GEN,"?1,25,000","?1,04,346",0,?0,2080,
1,550,Karnataka,"Hassan IMS, Hassan",RADIO DIAGNOSIS,AIQ,GEN,"?1,23,400","? 56,250",1,"?50,00,000",Info Not Available,
1,551,Andhra Pradesh,"Kurnool Med Coll, Kurnool",GENERAL MEDICINE,AIQ,GEN,"?30,000","? 60,823",0,?0,1150,
1,552,Delhi,"ABVIMS (Dr RML Hosp), Delhi",GENERAL MEDICINE,AIQ,ST,"? 51,000","? 136,008",1,"? 2,000,000",1626,
1,553,Maharashtra,"Indira Gandhi MedColl, Nagpur",RADIO DIAGNOSIS,AIQ,GEN,"?1,57,100","? 93,559",1,"? 5,000,000",822,
1,554,Rajasthan,"SMS, Jaipur",GENERAL MEDICINE,AIQ,EWS,"?14,093","?87,216",2,"? 15,000,000",5702,
1,555,Telangana,"Gandhi Med Coll, Secunderabad",RADIO DIAGNOSIS,AIQ,GEN,"?15,000","? 67,032",1,"? 2,000,000",1200,
1,556,Odisha,"SCB, Cuttack",OBG,AIQ,GEN,"?35,000","? 73,042",2,"?55,09,464",2106,
1,557,Uttar Pradesh,"JNMC (AMU), Aligarh",DERMATOLOGY,AIQ,GEN,"?54,700","?1,14,975",0,? 0,1269,
1,559,Maharashtra,"GovtMedColl,ChhatrapatiSambhajiNgr",GENERAL MEDICINE,AIQ,GEN,"?1,57,100","? 93,559",1,"? 5,000,000",1177,
1,560,Kerala,"TD Med Coll, Allepey",GENERAL MEDICINE,AIQ,OBC,"?69,470","? 57,876",1,"?50,00,000",1050,
1,561,Maharashtra,"Govt Med Coll, Nagpur",RADIO DIAGNOSIS,AIQ,EWS,"?1,57,100","? 93,559",1,"? 5,000,000",1866,
1,562,Delhi,"UCMS, Delhi",RADIO DIAGNOSIS,DU,GEN,"?47,220","?1,32,336",1,"? 2,000,000",1000,
1,563,Karnataka,"Mysore Med Coll, Mysore",GENERAL MEDICINE,AIQ,GEN,"?1,23,400","? 56,250",1,"?50,00,000",1050,
1,564,Maharashtra,"Grant Med Coll, Mumbai",GENERAL SURGERY,AIQ,GEN,"?1,57,100","? 93,559",1,"? 5,000,000",2844,
1,565,Maharashtra,"PD Hinduja, Mumbai",DNBRADIO DIAGNOSIS,DNB Post MBBS,GEN,"? 125,000","? 89,700",0,? 0,400,
1,566,Rajasthan,"SMS, Jaipur",RADIO DIAGNOSIS,AIQ,OBC,"?14,093","?87,216",2,"? 15,000,000",5702,
1,567,Tamil Nadu,"Kilpauk Med Coll, Chennai",RADIO DIAGNOSIS,AIQ,GEN,"?50,000","?54,025",2,"?40,00,000",1700,
1,568,Maharashtra,"GovtMedColl,ChhatrapatiSambhajiNgr",RADIO DIAGNOSIS,AIQ,GEN,"?1,57,100","? 93,559",1,"? 5,000,000",1177,
1,570,Uttar Pradesh,"IMS(BHU), Varanasi",RADIO DIAGNOSIS,BHU,GEN,"?48,226","?1,12,054",0,? 0,2424,
1,571,Gujarat,"Govt Med Coll, Surat",RADIO DIAGNOSIS,AIQ,GEN,"?30,000","? 100,800",1,"?40,00,000",1150,
1,572,Delhi,"ABVIMS (Dr RML Hosp), Delhi",GENERAL MEDICINE,IP,GEN,"? 51,000","? 136,008",1,"? 2,000,000",1626,
1,573,Delhi,"UCMS, Delhi",ORTHOPAEDICS,AIQ,GEN,"?47,220","?1,32,336",1,"? 2,000,000",1000,
1,575,Delhi,"ABVIMS (Dr RML Hosp), Delhi",PAEDIATRICS,AIQ,GEN,"? 51,000","? 136,008",1,"? 2,000,000",1626,
1,576,Madhya Pradesh,"Gandhi Med Coll, Bhopal",RADIO DIAGNOSIS,AIQ,GEN,"?1,01,500","? 75,444",1,"?10,00,000",1135,
1,577,Kerala,"Govt Med Coll, Kottayam",DERMATOLOGY,AIQ,OBC,"?69,470","? 57,876",1,"?50,00,000",2094,
1,578,Madhya Pradesh,"Gandhi Med Coll, Bhopal",RADIO DIAGNOSIS,AIQ,GEN,"?1,01,500","? 75,444",1,"?10,00,000",1135,
1,579,Delhi,"UCMS, Delhi",GENERAL MEDICINE,DU,GEN,"?47,220","?1,32,336",1,"? 2,000,000",1000,
1,580,Telangana,"Gandhi Med Coll, Secunderabad",RADIO DIAGNOSIS,AIQ,OBC,"?15,000","? 67,032",1,"? 2,000,000",1200,
1,581,Odisha,"SCB, Cuttack",RADIO DIAGNOSIS,AIQ,GEN,"?35,000","? 73,042",2,"?55,09,464",2106,
1,582,Maharashtra,"Lokmanya Tilak, Sion, Mumbai",GENERAL SURGERY,AIQ,GEN,"?1,57,100","? 93,559",1,"? 5,000,000",1462,
1,583,Delhi,"Lady Hardinge, Delhi",GENERAL MEDICINE,AIQ,OBC,"?16,200","?1,26,927",1,"? 2,000,000",877,
1,584,Gujarat,"Govt Med Coll, Surat",RADIO DIAGNOSIS,AIQ,GEN,"?30,000","? 100,800",1,"?40,00,000",1150,
1,585,Maharashtra,"Govt Med Coll, Akola",RADIO DIAGNOSIS,AIQ,GEN,"?1,57,100","? 93,559",1,"? 5,000,000",1050,
1,586,Kerala,"Malabar IMS, Kozhikode",DNBRADIO DIAGNOSIS,DNB Post MBBS,GEN,"? 125,000","? 57,876",0,? 0,573,
1,587,Maharashtra,"BARC, Mumbai",NUCLEAR MEDICINE,AIQ,GEN,"? 75,500","? 96,000",1,"?25,00,000",390,
1,588,Tamil Nadu,"Madras Med Coll, Chennai",GENERAL MEDICINE,AIQ,OBC,"?50,000","?54,025",2,"?40,00,000",7285,
1,589,West Bengal,"Govt. Med College, Kolkata",GENERAL MEDICINE,AIQ,GEN,"?12,000","? 61,634",3,"?30,00,000",2668,
1,590,Delhi,"ESI, Basaidarpur, Delhi",GENERAL MEDICINE,AIQ,GEN,"?2,50,000","?1,30,846",2,"?10,00,000",600,
1,591,West Bengal,"Nilratan Sircar, Kolkata",RADIO DIAGNOSIS,AIQ,GEN,"?12,000","? 61,634",3,"?30,00,000",1920,
1,592,Maharashtra,"Govt Med Coll, Miraj",RADIO DIAGNOSIS,AIQ,GEN,"?1,57,100","? 93,559",1,"? 5,000,000",725,
1,593,Tamil Nadu,"Stanley Med Coll, Chennai",GENERAL MEDICINE,AIQ,GEN,"?50,000","?54,025",2,"?40,00,000",1661,
1,594,Tamil Nadu,"Madras Med Coll, Chennai",GENERAL MEDICINE,AIQ,OBC,"?50,000","?54,025",2,"?40,00,000",7285,
1,595,Kerala,"Malabar IMS, Kozhikode",DNBRADIO DIAGNOSIS,DNB Post MBBS,GEN,"? 125,000","? 57,876",0,? 0,573,
1,596,Uttar Pradesh,"KGMU, Lucknow",RADIO DIAGNOSIS,AIQ,OBC,"?54,700","? 126,725",2,"?40,00,000",4500,
1,597,Haryana,"ESIC Med Coll, Faridabad",GENERAL MEDICINE,AIQ,GEN,"?2,50,000","?1,15,853",2,"?10,00,000",625,
1,598,Uttar Pradesh,"Dr RML IMS, Lucknow",GENERAL MEDICINE,AIQ,GEN,"?35,000","? 126,726",2,"?40,00,000",1368,
1,599,Delhi,"Lady Hardinge, Delhi",GENERAL SURGERY,AIQ,GEN,"?16,200","?1,26,927",1,"? 2,000,000",877,
1,600,Kerala,"Medical College, Trivandrum",PAEDIATRICS,AIQ,GEN,"?69,470","? 57,876",1,"?50,00,000",2126,
1,602,Tamil Nadu,"Stanley Med Coll, Chennai",GENERAL MEDICINE,AIQ,GEN,"?50,000","?54,025",2,"?40,00,000",1661,
1,603,Andhra Pradesh,"Andhra Med Coll, Vizag",GENERAL MEDICINE,AIQ,GEN,"?30,000","? 60,823",0,?0,1030,
1,604,Madhya Pradesh,"MGM Med Coll, Indore",GENERAL MEDICINE,AIQ,GEN,"?1,01,500","? 75,444",1,"?10,00,000",1300,
1,605,Gujarat,"BJMC, Ahmedabad",DERMATOLOGY,AIQ,GEN,"?30,000","? 100,800",1,"?40,00,000",1557,
1,606,Tamil Nadu,"Madurai Med Coll, Madurai",RADIO DIAGNOSIS,AIQ,GEN,"?50,000","?54,025",2,"?40,00,000",3518,
1,607,Delhi,"MAMC, Delhi",PAEDIATRICS,AIQ,GEN,"?16,200","?1,32,336",1,"? 2,000,000",2800,
1,608,Uttar Pradesh,"JNMC (AMU), Aligarh",RADIO DIAGNOSIS,AMU,GEN,"?54,700","?1,14,975",0,? 0,1269,
1,609,Rajasthan,"RNT, Udaipur",GENERAL MEDICINE,AIQ,GEN,"?14,093","?87,216",2,"? 15,000,000",2206,
1,610,Karnataka,"KIMS, Hubli",DERMATOLOGY,AIQ,GEN,"?1,23,400","? 56,250",1,"?50,00,000",1200,
1,611,Delhi,"MAMC, Delhi",ORTHOPAEDICS,AIQ,GEN,"?16,200","?1,32,336",1,"? 2,000,000",2800,
1,612,Maharashtra,"PD Hinduja, Mumbai",DNBRADIO DIAGNOSIS,DNB Post MBBS,GEN,"? 125,000","? 89,700",0,? 0,400,
1,613,Maharashtra,"Lokmanya Tilak, Sion, Mumbai",GENERAL SURGERY,AIQ,GEN,"?1,57,100","? 93,559",1,"? 5,000,000",1462,
1,614,Rajasthan,"JLNMC, Ajmer",GENERAL MEDICINE,AIQ,GEN,"?14,093","?87,216",2,"? 15,000,000",1428,
1,615,Delhi,"VMMC, Delhi",RADIO DIAGNOSIS,AIQ,SC,"?15,000","?1,20,965",1,"? 2,000,000",1550,
1,616,Maharashtra,"GovtMedColl,ChhatrapatiSambhajiNgr",GENERAL MEDICINE,AIQ,GEN,"?1,57,100","? 93,559",1,"? 5,000,000",1177,
1,617,Delhi,"ABVIMS (Dr RML Hosp), Delhi",GENERAL MEDICINE,AIQ,SC,"? 51,000","? 136,008",1,"? 2,000,000",1626,
1,618,Delhi,"ABVIMS (Dr RML Hosp), Delhi",PSYCHIATRY,AIQ,GEN,"? 51,000","? 136,008",1,"? 2,000,000",1626,
1,619,Rajasthan,"SMS, Jaipur",RADIO DIAGNOSIS,AIQ,OBC,"?14,093","?87,216",2,"? 15,000,000",5702,
1,620,Karnataka,"Bangalore Med Coll, Bangalore",GENERAL MEDICINE,AIQ,OBC,"?1,23,400","? 56,250",1,"?50,00,000",1993,
1,621,Uttar Pradesh,"IMS(BHU), Varanasi",GENERAL MEDICINE,AIQ,OBC,"?48,226","?1,12,054",0,? 0,2424,
1,622,Gujarat,"Medical College, Baroda",GENERAL MEDICINE,AIQ,GEN,"?30,000","? 100,800",1,"?40,00,000",1250,
1,623,Maharashtra,"BARC, Mumbai",NUCLEAR MEDICINE,AIQ,GEN,"? 75,500","? 96,000",1,"?25,00,000",390,
1,624,Karnataka,"Mysore Med Coll, Mysore",GENERAL MEDICINE,AIQ,GEN,"?1,23,400","? 56,250",1,"?50,00,000",1050,
1,625,Gujarat,"Medical College, Baroda",GENERAL MEDICINE,AIQ,GEN,"?30,000","? 100,800",1,"?40,00,000",1250,
1,626,Kerala,"Govt Med Coll, Thrissur",GENERAL MEDICINE,AIQ,OBC,"?69,470","? 57,876",1,"?50,00,000",1400,
1,628,Maharashtra,"Lokmanya Tilak, Sion, Mumbai",GENERAL SURGERY,AIQ,GEN,"?1,57,100","? 93,559",1,"? 5,000,000",1462,
1,629,Tamil Nadu,"Madras Med Coll, Chennai",OBG,AIQ,GEN,"?50,000","?54,025",2,"?40,00,000",7285,
1,630,Rajasthan,"SP Med Coll, Bikaner",GENERAL MEDICINE,AIQ,GEN,"?14,093","?87,216",2,"? 15,000,000",1570,
1,631,Rajasthan,"SMS, Jaipur",RADIO DIAGNOSIS,AIQ,OBC,"?14,093","?87,216",2,"? 15,000,000",5702,
1,632,Telangana,"Osmania Med Coll, Hyderabad",GENERAL MEDICINE,AIQ,OBC,"?15,000","? 67,032",1,"? 2,000,000",4800,
1,633,Haryana,"Pt BD Sharma, Rohtak",GENERAL MEDICINE,AIQ,EWS,"?1,25,000","?1,04,346",0,?0,2080,
1,634,Gujarat,"BJMC, Ahmedabad",DERMATOLOGY,AIQ,GEN,"?30,000","? 100,800",1,"?40,00,000",1557,
1,635,Tamil Nadu,"Madurai Med Coll, Madurai",RADIO DIAGNOSIS,AIQ,OBC,"?50,000","?54,025",2,"?40,00,000",3518,
1,636,Kerala,"Baby Memorial, Kozhikode",DNBRADIO DIAGNOSIS,DNB Post MBBS,GEN,"? 125,000","? 57,876",0,? 0,600,
1,637,Tamil Nadu,Coimbatore Med Coll,GENERAL MEDICINE,AIQ,GEN,"?50,000","?54,025",2,"?40,00,000",1182,
1,638,Uttar Pradesh,"MLN Med Coll, Allahabad",RADIO DIAGNOSIS,AIQ,GEN,"?24,000","?1,10,646",2,"?40,00,000",Info Not Available,
1,639,Maharashtra,"GovtMedColl,ChhatrapatiSambhajiNgr",RADIO DIAGNOSIS,AIQ,EWS,"?1,57,100","? 93,559",1,"? 5,000,000",1177,
1,640,Kerala,"Govt Med Coll, Kozhikode",GENERAL SURGERY,AIQ,GEN,"?69,470","? 57,876",1,"?50,00,000",3025,
1,641,Punjab,"Govt Med Coll, Patiala",GENERAL MEDICINE,AIQ,GEN,"?1,25,000","?76,000",2,"?20,00,000",1130,
1,642,Karnataka,"Shimoga IMS, Shimoga",DERMATOLOGY,AIQ,GEN,"?1,23,400","? 56,250",1,"?50,00,000",950,
1,643,Madhya Pradesh,"Gandhi Med Coll, Bhopal",GENERAL MEDICINE,AIQ,GEN,"?1,01,500","? 75,444",1,"?10,00,000",1135,
1,644,Andhra Pradesh,"Andhra Med Coll, Vizag",GENERAL MEDICINE,AIQ,GEN,"?30,000","? 60,823",0,?0,1030,
1,645,Delhi,"VMMC, Delhi",GENERAL SURGERY,AIQ,OBC,"?15,000","?1,20,965",1,"? 2,000,000",1550,
1,646,Uttar Pradesh,"IMS(BHU), Varanasi",PAEDIATRICS,AIQ,GEN,"?48,226","?1,12,054",0,? 0,2424,
1,647,Maharashtra,"Lokmanya Tilak, Sion, Mumbai",ORTHOPAEDICS,AIQ,GEN,"?1,57,100","? 93,559",1,"? 5,000,000",1462,
1,648,Uttar Pradesh,"JNMC (AMU), Aligarh",GENERAL MEDICINE,AIQ,GEN,"?54,700","?1,14,975",0,? 0,1269,
1,649,Maharashtra,"Jaslok Hospital, Mumbai",DNBNUCLEAR MEDICINE,DNB Post MBBS,GEN,"? 125,000","?86,629",0,? 0,361,
1,650,Andhra Pradesh,"Andhra Med Coll, Vizag",GENERAL MEDICINE,AIQ,GEN,"?30,000","? 60,823",0,?0,1030,
1,651,Bihar,"IGIMS, Patna",RADIO DIAGNOSIS,AIQ,EWS,"?1,60,000","?1,22,878",0,? 0,1170,
1,652,Andhra Pradesh,"Kurnool Med Coll, Kurnool",GENERAL MEDICINE,AIQ,GEN,"?30,000","? 60,823",0,?0,1150,
1,653,Kerala,"Govt Med Coll, Thrissur",GENERAL MEDICINE,AIQ,OBC,"?69,470","? 57,876",1,"?50,00,000",1400,
1,654,West Bengal,"Nilratan Sircar, Kolkata",RADIO DIAGNOSIS,AIQ,GEN,"?12,000","? 61,634",3,"?30,00,000",1920,
1,655,Tamil Nadu,"Madurai Med Coll, Madurai",OBG,AIQ,GEN,"?50,000","?54,025",2,"?40,00,000",3518,
1,656,Tamil Nadu,Coimbatore Med Coll,RADIO DIAGNOSIS,AIQ,OBC,"?50,000","?54,025",2,"?40,00,000",1182,
1,657,Tamil Nadu,"Stanley Med Coll, Chennai",GENERAL MEDICINE,AIQ,OBC,"?50,000","?54,025",2,"?40,00,000",1661,
1,658,Maharashtra,"BARC, Mumbai",NUCLEAR MEDICINE,AIQ,GEN,"? 75,500","? 96,000",1,"?25,00,000",390,
1,659,Andhra Pradesh,"Kurnool Med Coll, Kurnool",RADIO DIAGNOSIS,AIQ,GEN,"?30,000","? 60,823",0,?0,1150,
1,660,Tamil Nadu,"Stanley Med Coll, Chennai",GENERAL MEDICINE,AIQ,OBC,"?50,000","?54,025",2,"?40,00,000",1661,
1,661,Gujarat,"BJMC, Ahmedabad",RADIO DIAGNOSIS,AIQ,EWS,"?30,000","? 100,800",1,"?40,00,000",1557,
1,662,West Bengal,"Govt. Med College, Kolkata",GENERAL MEDICINE,AIQ,GEN,"?12,000","? 61,634",3,"?30,00,000",2668,
1,663,Chandigarh,"GMC, Chandigarh",ANAESTHESIOLOGY,AIQ,GEN,"?34,500","?1,09,926",0,? 0,967,
1,664,Jammu and Kashmir,"Sher-I-Kashmir, Srinagar",RADIO DIAGNOSIS,AIQ,GEN,"?11,000","? 80,000",0,?0,1200,
1,665,Delhi,"Lady Hardinge, Delhi",GENERAL SURGERY,AIQ,GEN,"?16,200","?1,26,927",1,"? 2,000,000",877,
1,668,Gujarat,"BJMC, Ahmedabad",RADIO DIAGNOSIS,AIQ,OBC,"?30,000","? 100,800",1,"?40,00,000",1557,
1,669,Delhi,"ABVIMS (Dr RML Hosp), Delhi",GENERAL MEDICINE,IP,EWS,"? 51,000","? 136,008",1,"? 2,000,000",1626,
1,670,Delhi,"VMMC, Delhi",ORTHOPAEDICS,AIQ,OBC,"?15,000","?1,20,965",1,"? 2,000,000",1550,
1,671,Rajasthan,"RNT, Udaipur",DERMATOLOGY,AIQ,GEN,"?14,093","?87,216",2,"? 15,000,000",2206,
1,672,Telangana,"Gandhi Med Coll, Secunderabad",RADIO DIAGNOSIS,AIQ,OBC,"?15,000","? 67,032",1,"? 2,000,000",1200,
1,673,Uttar Pradesh,"MLB Med Coll, Jhansi",RADIO DIAGNOSIS,AIQ,GEN,"?24,000","?1,10,646",2,"?40,00,000",700,
1,674,Rajasthan,"SP Med Coll, Bikaner",RADIO DIAGNOSIS,AIQ,GEN,"?14,093","?87,216",2,"? 15,000,000",1570,
1,675,Jammu and Kashmir,"Sher-I-Kashmir, Srinagar",GENERAL MEDICINE,AIQ,GEN,"?11,000","? 80,000",0,?0,1200,
1,676,Tamil Nadu,"Madras Med Coll, Chennai",OBG,AIQ,GEN,"?50,000","?54,025",2,"?40,00,000",7285,
1,677,Karnataka,"ESI, Bangalore",GENERAL MEDICINE,AIQ,GEN,"?2,50,000","?1,14,016",2,"?10,00,000",530,
1,679,Gujarat,"MP Shah, Jamnagar",RADIO DIAGNOSIS,AIQ,GEN,"?30,000","? 100,800",1,"?40,00,000",1250,
1,680,Uttar Pradesh,"IMS(BHU), Varanasi",GENERAL MEDICINE,AIQ,OBC,"?48,226","?1,12,054",0,? 0,2424,
1,681,Maharashtra,"Govt Med Coll, Nagpur",RADIO DIAGNOSIS,AIQ,OBC,"?1,57,100","? 93,559",1,"? 5,000,000",1866,
1,683,Tamil Nadu,"Stanley Med Coll, Chennai",GENERAL MEDICINE,AIQ,OBC,"?50,000","?54,025",2,"?40,00,000",1661,
1,684,Andhra Pradesh,"SVIMS, Tirupati",GENERAL MEDICINE,AIQ,GEN,"?1,75,000","? 96,951",1,"?40,00,000",1257,
1,685,Karnataka,"Kasturba Med Coll, Manipal",DERMATOLOGY,MNG,GEN,"?28,70,000","? 56,250",0,? 0,2032,
1,686,Tamil Nadu,"Stanley Med Coll, Chennai",GENERAL MEDICINE,AIQ,OBC,"?50,000","?54,025",2,"?40,00,000",1661,
1,687,Odisha,"MKCG, Berhampur",GENERAL MEDICINE,AIQ,GEN,"?35,000","? 73,042",2,"?55,09,464",1140,
1,688,Gujarat,"MP Shah, Jamnagar",RADIO DIAGNOSIS,AIQ,GEN,"?30,000","? 100,800",1,"?40,00,000",1250,
1,689,Gujarat,"MP Shah, Jamnagar",GENERAL MEDICINE,AIQ,GEN,"?30,000","? 100,800",1,"?40,00,000",1250,
1,690,Delhi,"ESI, Basaidarpur, Delhi",GENERAL MEDICINE,AIQ,GEN,"?2,50,000","?1,30,846",2,"?10,00,000",600,
1,691,Maharashtra,"BJMC, Pune",GENERAL MEDICINE,AIQ,GEN,"?1,57,100","? 93,559",1,"? 5,000,000",1296,
1,692,Maharashtra,"Govt Med Coll, Nagpur",RADIO DIAGNOSIS,AIQ,OBC,"?1,57,100","? 93,559",1,"? 5,000,000",1866,
1,693,Gujarat,"Govt Med Coll, Surat",GENERAL MEDICINE,AIQ,GEN,"?30,000","? 100,800",1,"?40,00,000",1150,
1,694,Delhi,"ABVIMS (Dr RML Hosp), Delhi",GENERAL SURGERY,AIQ,OBC,"? 51,000","? 136,008",1,"? 2,000,000",1626,
1,695,Rajasthan,"SP Med Coll, Bikaner",RADIO DIAGNOSIS,AIQ,GEN,"?14,093","?87,216",2,"? 15,000,000",1570,
1,696,Delhi,"VMMC, Delhi",OBG,AIQ,OBC,"?15,000","?1,20,965",1,"? 2,000,000",1550,
1,697,Maharashtra,"Jaslok Hospital, Mumbai",DNBRADIO DIAGNOSIS,DNB Post MBBS,GEN,"? 125,000","?86,629",0,? 0,361,
1,698,Punjab,"Govt Med Coll, Patiala",RADIO DIAGNOSIS,AIQ,GEN,"?1,25,000","?76,000",2,"?20,00,000",1130,
1,700,Haryana,"Pt BD Sharma, Rohtak",RADIO DIAGNOSIS,AIQ,OBC,"?1,25,000","?1,04,346",0,?0,2080,
1,701,Gujarat,"Medical College, Baroda",GENERAL MEDICINE,AIQ,EWS,"?30,000","? 100,800",1,"?40,00,000",1250,
1,702,Tamil Nadu,"Govt. Mohan Kumaramangalam, Salem",GENERAL MEDICINE,AIQ,GEN,"?50,000","?54,025",2,"?40,00,000",1642,
1,703,Tamil Nadu,"Madras Med Coll, Chennai",DERMATOLOGY,AIQ,GEN,"?50,000","?54,025",2,"?40,00,000",7285,
1,706,Delhi,"MAMC, Delhi",ORTHOPAEDICS,AIQ,GEN,"?16,200","?1,32,336",1,"? 2,000,000",2800,
1,707,West Bengal,"Nilratan Sircar, Kolkata",RADIO DIAGNOSIS,AIQ,EWS,"?12,000","? 61,634",3,"?30,00,000",1920,
1,708,Delhi,"MAMC, Delhi",RADIO DIAGNOSIS,AIQ,SC,"?16,200","?1,32,336",1,"? 2,000,000",2800,
1,709,Gujarat,"Apollo Hospital,Gandhinagar",DNBGENERAL MEDICINE,DNB Post MBBS,GEN,"? 125,000","?1,00,800",0,? 0,300,
1,710,Odisha,"MKCG, Berhampur",GENERAL MEDICINE,AIQ,GEN,"?35,000","? 73,042",2,"?55,09,464",1140,
1,711,Delhi,"VMMC, Delhi",RADIO DIAGNOSIS,IP,EWS,"?15,000","?1,20,965",1,"? 2,000,000",1550,
1,712,Telangana,"Gandhi Med Coll, Secunderabad",OBG,AIQ,GEN,"?15,000","? 67,032",1,"? 2,000,000",1200,
1,713,Madhya Pradesh,"MGM Med Coll, Indore",RADIO DIAGNOSIS,AIQ,GEN,"?1,01,500","? 75,444",1,"?10,00,000",1300,
1,714,Tamil Nadu,Coimbatore Med Coll,GENERAL MEDICINE,AIQ,GEN,"?50,000","?54,025",2,"?40,00,000",1182,
1,715,Telangana,"Osmania Med Coll, Hyderabad",GENERAL MEDICINE,AIQ,OBC,"?15,000","? 67,032",1,"? 2,000,000",4800,
1,716,Delhi,"ABVIMS (Dr RML Hosp), Delhi",GENERAL MEDICINE,AIQ,SC,"? 51,000","? 136,008",1,"? 2,000,000",1626,
1,717,Jammu and Kashmir,"Govt Med Coll, Jammu",RADIO DIAGNOSIS,AIQ,GEN,"?25,000","? 63,240",0,?0,2663,
1,718,Delhi,"MAMC, Delhi",OBG,AIQ,GEN,"?16,200","?1,32,336",1,"? 2,000,000",2800,
1,719,Madhya Pradesh,"MGM Med Coll, Indore",GENERAL MEDICINE,AIQ,GEN,"?1,01,500","? 75,444",1,"?10,00,000",1300,
1,720,Maharashtra,"Lokmanya Tilak, Sion, Mumbai",PAEDIATRICS,AIQ,GEN,"?1,57,100","? 93,559",1,"? 5,000,000",1462,
1,721,Delhi,"ABVIMS (Dr RML Hosp), Delhi",RADIO DIAGNOSIS,AIQ,SC,"? 51,000","? 136,008",1,"? 2,000,000",1626,
1,722,Punjab,"Govt Med Coll, Amritsar",RADIO DIAGNOSIS,AIQ,GEN,"?1,25,000","?76,000",2,"?20,00,000",951,
1,723,Maharashtra,"BJMC, Pune",GENERAL MEDICINE,AIQ,GEN,"?1,57,100","? 93,559",1,"? 5,000,000",1296,
1,724,West Bengal,Burdwan Medical College,RADIO DIAGNOSIS,AIQ,GEN,"?12,000","? 61,634",3,"?30,00,000",1099,
1,725,Delhi,"ABVIMS (Dr RML Hosp), Delhi",PAEDIATRICS,AIQ,GEN,"? 51,000","? 136,008",1,"? 2,000,000",1626,
1,727,Tamil Nadu,Thanjavur Med Coll,GENERAL MEDICINE,AIQ,GEN,"?50,000","?54,025",2,"?40,00,000",1466,
1,728,Delhi,"ABVIMS (Dr RML Hosp), Delhi",GENERAL SURGERY,AIQ,OBC,"? 51,000","? 136,008",1,"? 2,000,000",1626,
1,729,Gujarat,"BJMC, Ahmedabad",PSYCHIATRY,AIQ,GEN,"?30,000","? 100,800",1,"?40,00,000",1557,
1,731,Delhi,"MAMC, Delhi",PAEDIATRICS,AIQ,GEN,"?16,200","?1,32,336",1,"? 2,000,000",2800,
1,732,Delhi,"Lady Hardinge, Delhi",GENERAL SURGERY,AIQ,GEN,"?16,200","?1,26,927",1,"? 2,000,000",877,
1,734,Kerala,"Govt Med Coll, Ernakulam",GENERAL MEDICINE,AIQ,OBC,"?69,470","? 57,876",1,"?50,00,000",700,
1,735,Maharashtra,"Lilavati Hospital, Mumbai",DNBRADIO DIAGNOSIS,DNB Post MBBS,GEN,"? 125,000","? 86,630",0,? 0,330,
1,736,Maharashtra,"Kokilaben Dhirubhai Ambani,MUM",DNBGENERAL MEDICINE,DNB Post MBBS,GEN,"? 125,000","?85,000",0,? 0,550,
1,737,Chandigarh,"GMC, Chandigarh",GENERAL MEDICINE,AIQ,EWS,"?34,500","?1,09,926",0,? 0,967,
1,738,West Bengal,"Govt. Med College, Kolkata",GENERAL MEDICINE,AIQ,GEN,"?12,000","? 61,634",3,"?30,00,000",2668,
1,739,Rajasthan,"SNMC, Jodhpur",GENERAL MEDICINE,AIQ,GEN,"?14,093","?87,216",2,"? 15,000,000",3101,
1,740,Kerala,"Govt of Med Sci, Pariyaram",GENERAL MEDICINE,AIQ,GEN,"?69,470","? 57,876",1,"?50,00,000",1752,
1,741,Telangana,"Osmania Med Coll, Hyderabad",GENERAL MEDICINE,AIQ,EWS,"?15,000","? 67,032",1,"? 2,000,000",4800,
1,742,Andhra Pradesh,"Guntur Med Coll, Guntur",RADIO DIAGNOSIS,AIQ,GEN,"?30,000","? 60,823",0,?0,1170,
1,743,Delhi,"MAMC, Delhi",OPHTHALMOLOGY,AIQ,GEN,"?16,200","?1,32,336",1,"? 2,000,000",2800,
1,744,Gujarat,"BJMC, Ahmedabad",RADIO DIAGNOSIS,AIQ,OBC,"?30,000","? 100,800",1,"?40,00,000",1557,
1,745,Delhi,"Lady Hardinge, Delhi",GENERAL MEDICINE,AIQ,OBC,"?16,200","?1,26,927",1,"? 2,000,000",877,
1,746,Tamil Nadu,"Kilpauk Med Coll, Chennai",GENERAL MEDICINE,AIQ,GEN,"?50,000","?54,025",2,"?40,00,000",1700,
1,747,Punjab,"Govt Med Coll, Amritsar",RADIO DIAGNOSIS,AIQ,GEN,"?1,25,000","?76,000",2,"?20,00,000",951,
1,750,Goa,"Goa Med Coll, Panaji",PAEDIATRICS,AIQ,GEN,"?1,22,522","?80,000",1,"?50,00,000",1160,
1,751,Rajasthan,"SNMC, Jodhpur",GENERAL MEDICINE,AIQ,GEN,"?14,093","?87,216",2,"? 15,000,000",3101,
1,752,Madhya Pradesh,"Gajra Raja Med Coll, Gwalior",RADIO DIAGNOSIS,AIQ,GEN,"?1,01,500","? 75,444",1,"?10,00,000",1100,
1,753,Madhya Pradesh,"MGM Med Coll, Indore",GENERAL MEDICINE,AIQ,GEN,"?1,01,500","? 75,444",1,"?10,00,000",1300,
1,754,Maharashtra,"Jaslok Hospital, Mumbai",DNBNUCLEAR MEDICINE,DNB Post MBBS,GEN,"? 125,000","?86,629",0,? 0,361,
1,755,Andhra Pradesh,"Andhra Med Coll, Vizag",RADIO DIAGNOSIS,AIQ,EWS,"?30,000","? 60,823",0,?0,1030,
1,756,Maharashtra,"Seth GS, Mumbai",ENT,AIQ,GEN,"?1,57,100","? 93,559",1,"? 5,000,000",2250,
1,757,Punjab,"Guru Govind Singh, Faridkot",GENERAL MEDICINE,AIQ,GEN,"?1,25,000","?76,000",2,"?20,00,000",1025,
1,758,Andhra Pradesh,"Govt Siddhartha, Vijaywada",GENERAL MEDICINE,AIQ,GEN,"?30,000","? 60,823",0,?0,707,
1,759,Rajasthan,"SP Med Coll, Bikaner",DERMATOLOGY,AIQ,GEN,"?14,093","?87,216",2,"? 15,000,000",1570,
1,760,Karnataka,"KIMS, Hubli",GENERAL MEDICINE,AIQ,OBC,"?1,23,400","? 56,250",1,"?50,00,000",1200,
1,762,Delhi,"MAMC, Delhi",OBG,AIQ,GEN,"?16,200","?1,32,336",1,"? 2,000,000",2800,
1,763,Maharashtra,"BJMC, Pune",GENERAL MEDICINE,AIQ,GEN,"?1,57,100","? 93,559",1,"? 5,000,000",1296,
1,764,Maharashtra,"Grant Med Coll, Mumbai",DERMATOLOGY,AIQ,OBC,"?1,57,100","? 93,559",1,"? 5,000,000",2844,
1,765,Himachal Pradesh,"IGMC, Shimla",RADIO DIAGNOSIS,AIQ,GEN,"?24,000","?40,000",2,"?40,00,000",1031,
1,766,Maharashtra,"Grant Med Coll, Mumbai",GENERAL SURGERY,AIQ,OBC,"?1,57,100","? 93,559",1,"? 5,000,000",2844,
1,767,Delhi,"Lady Hardinge, Delhi",PAEDIATRICS,AIQ,EWS,"?16,200","?1,26,927",1,"? 2,000,000",877,
1,768,Assam,"Gauhati Med Coll, Guwahati",RADIO DIAGNOSIS,AIQ,GEN,"?27,300","?55,200",2,"?20,00,000",2185,
1,769,Gujarat,"PDU Med Coll, Rajkot",RADIO DIAGNOSIS,AIQ,GEN,"?30,000","? 100,800",1,"?40,00,000",750,
1,770,Madhya Pradesh,"MGM Med Coll, Indore",RADIO DIAGNOSIS,AIQ,GEN,"?1,01,500","? 75,444",1,"?10,00,000",1300,
1,771,Delhi,"Lady Hardinge, Delhi",PAEDIATRICS,AIQ,OBC,"?16,200","?1,26,927",1,"? 2,000,000",877,
1,772,Maharashtra,"MGIMS, Wardha",RADIO DIAGNOSIS,AIQ,GEN,"?1,57,100","? 93,559",1,"? 5,000,000",1000,
1,773,Maharashtra,"Lilavati Hospital, Mumbai",DNBRADIO DIAGNOSIS,DNB Post MBBS,GEN,"? 125,000","? 86,630",0,? 0,330,
1,775,Delhi,"MAMC, Delhi",OPHTHALMOLOGY,AIQ,GEN,"?16,200","?1,32,336",1,"? 2,000,000",2800,
1,777,Delhi,"Batra Hospital, Delhi",DNBRADIO DIAGNOSIS,DNB Post MBBS,GEN,"? 125,000","? 61,000",0,? 0,500,
1,778,Rajasthan,"RNT, Udaipur",RADIO DIAGNOSIS,AIQ,EWS,"?14,093","?87,216",2,"? 15,000,000",2206,
1,780,Rajasthan,"SMS, Jaipur",DERMATOLOGY,AIQ,OBC,"?14,093","?87,216",2,"? 15,000,000",5702,
1,781,Maharashtra,"Lokmanya Tilak, Sion, Mumbai",GENERAL MEDICINE,AIQ,EWS,"?1,57,100","? 93,559",1,"? 5,000,000",1462,
1,782,West Bengal,"Govt. Med College, Kolkata",GENERAL MEDICINE,AIQ,GEN,"?12,000","? 61,634",3,"?30,00,000",2668,
1,783,Tamil Nadu,"KAPV Med Coll, Trichy",RADIO DIAGNOSIS,AIQ,GEN,"?50,000","?54,025",2,"?40,00,000",2500,
1,784,Tamil Nadu,"Madras Med Coll, Chennai",PAEDIATRICS,AIQ,GEN,"?50,000","?54,025",2,"?40,00,000",7285,
1,785,Rajasthan,"SP Med Coll, Bikaner",GENERAL MEDICINE,AIQ,GEN,"?14,093","?87,216",2,"? 15,000,000",1570,
1,786,Delhi,"UCMS, Delhi",RADIO DIAGNOSIS,DU,GEN,"?47,220","?1,32,336",1,"? 2,000,000",1000,
1,788,Madhya Pradesh,"MGM Med Coll, Indore",GENERAL MEDICINE,AIQ,GEN,"?1,01,500","? 75,444",1,"?10,00,000",1300,
1,789,Tamil Nadu,Thanjavur Med Coll,RADIO DIAGNOSIS,AIQ,GEN,"?50,000","?54,025",2,"?40,00,000",1466,
1,790,Karnataka,"Bangalore Med Coll, Bangalore",GENERAL MEDICINE,AIQ,EWS,"?1,23,400","? 56,250",1,"?50,00,000",1993,
1,791,Maharashtra,"Lokmanya Tilak, Sion, Mumbai",GENERAL MEDICINE,AIQ,EWS,"?1,57,100","? 93,559",1,"? 5,000,000",1462,
1,792,Maharashtra,"HurkisondasNurrotumdas, Mumbai",DNBRADIO DIAGNOSIS,DNB Post MBBS,GEN,"? 125,000","? 94,000",0,? 0,360,
1,793,Haryana,"Medanta The Medicity, Gurgaon",DNBRADIO DIAGNOSIS,DNB Post MBBS,GEN,"? 125,000","? 65,000",0,? 0,1391,
1,794,Andhra Pradesh,"Andhra Med Coll, Vizag",GENERAL MEDICINE,AIQ,EWS,"?30,000","? 60,823",0,?0,1030,
1,795,Tamil Nadu,"Madurai Med Coll, Madurai",GENERAL MEDICINE,AIQ,GEN,"?50,000","?54,025",2,"?40,00,000",3518,
1,796,Uttar Pradesh,"JNMC (AMU), Aligarh",RADIO DIAGNOSIS,AMU,GEN,"?54,700","?1,14,975",0,? 0,1269,
1,797,Delhi,"VMMC, Delhi",GENERAL MEDICINE,IP,GEN,"?15,000","?1,20,965",1,"? 2,000,000",1550,
1,798,Maharashtra,"Lokmanya Tilak, Sion, Mumbai",OBG,AIQ,GEN,"?1,57,100","? 93,559",1,"? 5,000,000",1462,
1,799,Tamil Nadu,"Madurai Med Coll, Madurai",GENERAL MEDICINE,AIQ,GEN,"?50,000","?54,025",2,"?40,00,000",3518,
1,800,Delhi,"Lady Hardinge, Delhi",GENERAL MEDICINE,DU,OBC,"?16,200","?1,26,927",1,"? 2,000,000",877,
1,801,Jammu and Kashmir,"Sher-I-Kashmir, Srinagar",GENERAL MEDICINE,AIQ,GEN,"?11,000","? 80,000",0,?0,1200,
1,802,Uttar Pradesh,"KGMU, Lucknow",GENERAL MEDICINE,AIQ,EWS,"?54,700","? 126,725",2,"?40,00,000",4500,
1,803,Delhi,"ABVIMS (Dr RML Hosp), Delhi",GENERAL SURGERY,AIQ,EWS,"? 51,000","? 136,008",1,"? 2,000,000",1626,
1,804,Chandigarh,"GMC, Chandigarh",GENERAL MEDICINE,AIQ,OBC,"?34,500","?1,09,926",0,? 0,967,
1,805,Tamil Nadu,"Madurai Med Coll, Madurai",GENERAL MEDICINE,AIQ,GEN,"?50,000","?54,025",2,"?40,00,000",3518,
1,806,Delhi,"MAMC, Delhi",OBG,AIQ,GEN,"?16,200","?1,32,336",1,"? 2,000,000",2800,
1,807,Kerala,"Govt Med Coll, Kottayam",GENERAL SURGERY,AIQ,GEN,"?69,470","? 57,876",1,"?50,00,000",2094,
1,808,Uttar Pradesh,"GSVM Med Coll, Kanpur",GENERAL MEDICINE,AIQ,GEN,"?24,000","?1,10,646",2,"?40,00,000",2083,
1,809,West Bengal,Calcutta National Med Coll,GENERAL MEDICINE,AIQ,GEN,"?12,000","? 61,634",3,"?30,00,000",1470,
1,810,Maharashtra,"Seth GS, Mumbai",ORTHOPAEDICS,AIQ,GEN,"?1,57,100","? 93,559",1,"? 5,000,000",2250,
1,811,Delhi,"ABVIMS (Dr RML Hosp), Delhi",PAEDIATRICS,AIQ,GEN,"? 51,000","? 136,008",1,"? 2,000,000",1626,
1,813,Rajasthan,"SMS, Jaipur",GENERAL SURGERY,AIQ,GEN,"?14,093","?87,216",2,"? 10,000,000",5702,
1,814,Maharashtra,"Topiwala, Mumbai",GENERAL MEDICINE,AIQ,EWS,"?1,57,100","? 93,559",1,"? 5,000,000",1300,
1,815,Maharashtra,"P Hinduja Hosp, KharWest,Mumbai",DMRD(NBEMS),NBE Diploma,GEN,"? 125,000","? 89,700",0,? 0,110,
1,816,West Bengal,"Nilratan Sircar, Kolkata",GENERAL MEDICINE,AIQ,GEN,"?12,000","? 61,634",3,"?30,00,000",1920,
1,817,Maharashtra,"Lilavati Hospital, Mumbai",DNBGENERAL MEDICINE,DNB Post MBBS,GEN,"? 125,000","? 86,630",0,? 0,330,
1,818,Maharashtra,"BJMC, Pune",GENERAL MEDICINE,AIQ,GEN,"?1,57,100","? 93,559",1,"? 5,000,000",1296,
1,820,Tamil Nadu,"Kilpauk Med Coll, Chennai",GENERAL MEDICINE,AIQ,GEN,"?50,000","?54,025",2,"?40,00,000",1700,
1,821,Tamil Nadu,"Madras Med Coll, Chennai",PAEDIATRICS,AIQ,GEN,"?50,000","?54,025",2,"?40,00,000",7285,
1,822,Andhra Pradesh,"Kurnool Med Coll, Kurnool",OBG,AIQ,GEN,"?30,000","? 60,823",0,?0,1150,
1,824,Gujarat,"Govt Med Coll, Surat",GENERAL MEDICINE,AIQ,GEN,"?30,000","? 100,800",1,"?40,00,000",1150,
1,825,Delhi,"MAMC, Delhi",RADIO DIAGNOSIS,DU,OBC,"?16,200","?1,32,336",1,"? 2,000,000",2800,
1,826,Gujarat,"Medical College, Baroda",DERMATOLOGY,AIQ,GEN,"?30,000","? 100,800",1,"?40,00,000",1250,
1,827,Gujarat,"Govt Med Coll, Surat",RADIO DIAGNOSIS,AIQ,GEN,"?30,000","? 100,800",1,"?40,00,000",1150,
1,829,Madhya Pradesh,"MGM Med Coll, Indore",GENERAL MEDICINE,AIQ,EWS,"?1,01,500","? 75,444",1,"?10,00,000",1300,
1,830,Telangana,"Osmania Med Coll, Hyderabad",RADIO DIAGNOSIS,AIQ,OBC,"?15,000","? 67,032",1,"? 2,000,000",4800,
1,831,Maharashtra,"GovtMedColl,ChhatrapatiSambhajiNgr",RADIO DIAGNOSIS,AIQ,OBC,"?1,57,100","? 93,559",1,"? 5,000,000",1177,
1,832,Telangana,"Osmania Med Coll, Hyderabad",GENERAL SURGERY,AIQ,GEN,"?15,000","? 67,032",1,"? 2,000,000",4800,
1,833,Telangana,"Gandhi Med Coll, Secunderabad",GENERAL SURGERY,AIQ,GEN,"?15,000","? 67,032",1,"? 2,000,000",1200,
1,834,Tamil Nadu,Tirunelveli Med Coll,RADIO DIAGNOSIS,AIQ,GEN,"?50,000","?54,025",2,"?40,00,000",1737,
1,835,Karnataka,"Bangalore Med Coll, Bangalore",GENERAL MEDICINE,AIQ,EWS,"?1,23,400","? 56,250",1,"?50,00,000",1993,
1,836,Odisha,"SCB, Cuttack",DERMATOLOGY,AIQ,OBC,"?35,000","? 73,042",2,"?55,09,464",2106,
1,837,Rajasthan,"SNMC, Jodhpur",DERMATOLOGY,AIQ,GEN,"?14,093","?87,216",2,"? 15,000,000",3101,
1,839,Tamil Nadu,Coimbatore Med Coll,GENERAL MEDICINE,AIQ,GEN,"?50,000","?54,025",2,"?40,00,000",1182,
1,840,Tamil Nadu,"Madras Med Coll, Chennai",PAEDIATRICS,AIQ,GEN,"?50,000","?54,025",2,"?40,00,000",7285,
1,841,Himachal Pradesh,"IGMC, Shimla",RADIO DIAGNOSIS,AIQ,GEN,"?24,000","?40,000",2,"?40,00,000",1031,
1,842,Maharashtra,"HurkisondasNurrotumdas, Mumbai",DNBRADIO DIAGNOSIS,DNB Post MBBS,GEN,"? 125,000","? 94,000",0,? 0,360,
1,843,Maharashtra,"Seth GS, Mumbai",ORTHOPAEDICS,AIQ,GEN,"?1,57,100","? 93,559",1,"? 5,000,000",2250,
1,844,Delhi,"UCMS, Delhi",RADIO DIAGNOSIS,DU,GEN,"?47,220","?1,32,336",1,"? 2,000,000",1000,
1,845,Tamil Nadu,"Apollo Hosp, Greams Rd,Chennai",DNBNUCLEAR MEDICINE,DNB Post MBBS,GEN,"? 125,000","? 48,000",0,? 0,745,
1,846,Delhi,"UCMS, Delhi",GENERAL MEDICINE,AIQ,OBC,"?47,220","?1,32,336",1,"? 2,000,000",1000,
1,847,Madhya Pradesh,"MGM Med Coll, Indore",RADIO DIAGNOSIS,AIQ,GEN,"?1,01,500","? 75,444",1,"?10,00,000",1300,
1,848,Delhi,"MAMC, Delhi",GENERAL MEDICINE,DU,EWS,"?16,200","?1,32,336",1,"? 2,000,000",2800,
1,849,Rajasthan,"SMS, Jaipur",GENERAL MEDICINE,AIQ,OBC,"?14,093","?87,216",2,"? 15,000,000",5702,
1,850,Tamil Nadu,"Govt. Mohan Kumaramangalam, Salem",RADIO DIAGNOSIS,AIQ,OBC,"?50,000","?54,025",2,"?40,00,000",1642,
1,851,Jammu and Kashmir,"Govt Med Coll, Srinagar",RADIO DIAGNOSIS,AIQ,GEN,"?32,500","? 63,240",0,?0,3120,
1,852,Karnataka,"Mysore Med Coll, Mysore",GENERAL MEDICINE,AIQ,OBC,"?1,23,400","? 56,250",1,"?50,00,000",1050,
1,853,Tamil Nadu,"Madras Med Coll, Chennai",PAEDIATRICS,AIQ,GEN,"?50,000","?54,025",2,"?40,00,000",7285,
1,854,Karnataka,"Shimoga IMS, Shimoga",GENERAL MEDICINE,AIQ,GEN,"?1,23,400","? 56,250",1,"?50,00,000",950,
1,855,Bihar,"Patna Med Coll, Patna",GENERAL MEDICINE,AIQ,GEN,"?9,000","? 82,000",2,"?25,00,000",1748,
1,856,Karnataka,"KIMS, Hubli",GENERAL MEDICINE,AIQ,EWS,"?1,23,400","? 56,250",1,"?50,00,000",1200,
1,857,Andhra Pradesh,"Kurnool Med Coll, Kurnool",GENERAL MEDICINE,AIQ,GEN,"?30,000","? 60,823",0,?0,1150,
1,858,Maharashtra,"Seth GS, Mumbai",OBG,AIQ,GEN,"?1,57,100","? 93,559",1,"? 5,000,000",2250,
1,859,Delhi,"Indraprastha Apollo Hosp,Delhi",DNBRADIO DIAGNOSIS,DNB Post MBBS,GEN,"? 125,000","? 64,500",0,? 0,750,
1,860,Andhra Pradesh,"SV Med Coll, Tirupati",RADIO DIAGNOSIS,AIQ,GEN,"?30,000","? 60,823",0,?0,940,
1,861,Andhra Pradesh,"SVIMS, Tirupati",RADIO DIAGNOSIS,AIQ,EWS,"?1,75,000","? 96,951",1,"?40,00,000",1257,
1,862,Tamil Nadu,"Madurai Med Coll, Madurai",GENERAL MEDICINE,AIQ,OBC,"?50,000","?54,025",2,"?40,00,000",3518,
1,863,Kerala,"Aster Medcity, Kochi",DNBRADIO DIAGNOSIS,DNB Post MBBS,GEN,"? 125,000","? 57,876",0,? 0,500,
1,864,Rajasthan,"SNMC, Jodhpur",GENERAL MEDICINE,AIQ,GEN,"?14,093","?87,216",2,"? 15,000,000",3101,
1,865,Maharashtra,"GovtMedColl,ChhatrapatiSambhajiNgr",RADIO DIAGNOSIS,AIQ,OBC,"?1,57,100","? 93,559",1,"? 5,000,000",1177,
1,866,Delhi,"MAMC, Delhi",GENERAL MEDICINE,DU,OBC,"?16,200","?1,32,336",1,"? 2,000,000",2800,
1,867,West Bengal,"RG Kar Med Coll, Kolkata",GENERAL MEDICINE,AIQ,GEN,"?12,000","? 61,634",3,"?30,00,000",1663,
1,868,Karnataka,"Bangalore Med Coll, Bangalore",RADIO DIAGNOSIS,AIQ,EWS,"?1,23,400","? 56,250",1,"?50,00,000",1993,
1,869,Telangana,"Osmania Med Coll, Hyderabad",DERMATOLOGY,AIQ,GEN,"?15,000","? 67,032",1,"? 2,000,000",4800,
1,870,Kerala,"Medical College, Trivandrum",DERMATOLOGY,AIQ,OBC,"?69,470","? 57,876",1,"?50,00,000",2126,
1,871,Gujarat,"PDU Med Coll, Rajkot",RADIO DIAGNOSIS,AIQ,GEN,"?30,000","? 100,800",1,"?40,00,000",750,
1,872,Odisha,"MKCG, Berhampur",GENERAL MEDICINE,AIQ,GEN,"?35,000","? 73,042",2,"?55,09,464",1140,
1,873,Delhi,"VMMC, Delhi",GENERAL MEDICINE,IP,GEN,"?15,000","?1,20,965",1,"? 2,000,000",1550,
1,874,Assam,"Silchar Med Coll, Silchar",RADIO DIAGNOSIS,AIQ,GEN,"?25,900","?55,200",2,"?20,00,000",1256,
1,876,Delhi,"UCMS, Delhi",DERMATOLOGY,AIQ,ST,"?47,220","?1,32,336",1,"? 2,000,000",1000,
1,877,West Bengal,"IPGMER, Kolkata",GENERAL MEDICINE,AIQ,EWS,"?12,000","? 61,634",3,"?30,00,000",2300,
1,878,Tamil Nadu,"Madras Med Coll, Chennai",DERMATOLOGY,AIQ,GEN,"?50,000","?54,025",2,"?40,00,000",7285,
1,879,Tamil Nadu,"Kilpauk Med Coll, Chennai",GENERAL MEDICINE,AIQ,GEN,"?50,000","?54,025",2,"?40,00,000",1700,
1,880,Delhi,"St Stephen's Hospital, Delhi",DNBGENERAL MEDICINE,DNB Post MBBS,GEN,"? 125,000","? 58,000",0,? 0,595,
1,881,Karnataka,"Mysore Med Coll, Mysore",RADIO DIAGNOSIS,AIQ,EWS,"?1,23,400","? 56,250",1,"?50,00,000",1050,
1,882,Kerala,"Aster Medcity, Kochi",DNBRADIO DIAGNOSIS,DNB Post MBBS,GEN,"? 125,000","? 57,876",0,? 0,500,
1,883,Gujarat,"PDU Med Coll, Rajkot",GENERAL MEDICINE,AIQ,GEN,"?30,000","? 100,800",1,"?40,00,000",750,
1,884,Delhi,"UCMS, Delhi",GENERAL MEDICINE,AIQ,OBC,"?47,220","?1,32,336",1,"? 2,000,000",1000,
1,885,Delhi,"ABVIMS (Dr RML Hosp), Delhi",DERMATOLOGY,IP,GEN,"? 51,000","? 136,008",1,"? 2,000,000",1626,
1,886,Telangana,"Osmania Med Coll, Hyderabad",DERMATOLOGY,AIQ,GEN,"?15,000","? 67,032",1,"? 2,000,000",4800,
1,887,Andhra Pradesh,"SV Med Coll, Tirupati",RADIO DIAGNOSIS,AIQ,GEN,"?30,000","? 60,823",0,?0,940,
1,888,Maharashtra,"Lokmanya Tilak, Sion, Mumbai",GENERAL MEDICINE,AIQ,OBC,"?1,57,100","? 93,559",1,"? 5,000,000",1462,
1,889,Uttar Pradesh,"JNMC (AMU), Aligarh",GENERAL MEDICINE,AIQ,GEN,"?54,700","?1,14,975",0,? 0,1269,
1,890,Jammu and Kashmir,"Govt Med Coll, Jammu",RADIO DIAGNOSIS,AIQ,EWS,"?25,000","? 63,240",0,?0,2663,
1,891,Andhra Pradesh,"Kurnool Med Coll, Kurnool",GENERAL MEDICINE,AIQ,GEN,"?30,000","? 60,823",0,?0,1150,
1,892,Karnataka,"Hassan IMS, Hassan",GENERAL MEDICINE,AIQ,GEN,"?1,23,400","? 56,250",1,"?50,00,000",Info Not Available,
1,893,Delhi,"MAMC, Delhi",DERMATOLOGY,DU,GEN,"?16,200","?1,32,336",1,"? 2,000,000",2800,
1,894,Gujarat,"PDU Med Coll, Rajkot",GENERAL MEDICINE,AIQ,GEN,"?30,000","? 100,800",1,"?40,00,000",750,
1,895,Gujarat,"BJMC, Ahmedabad",RADIO DIAGNOSIS,AIQ,SC,"?30,000","? 100,800",1,"?40,00,000",1557,
1,896,Gujarat,"Medical College, Baroda",RADIO DIAGNOSIS,AIQ,OBC,"?30,000","? 100,800",1,"?40,00,000",1250,
1,897,Delhi,"Batra Hospital, Delhi",DNBRADIO DIAGNOSIS,DNB Post MBBS,GEN,"? 125,000","? 61,000",0,? 0,500,
1,898,Punjab,"Govt Med Coll, Patiala",DERMATOLOGY,AIQ,GEN,"?1,25,000","?76,000",2,"?20,00,000",1130,
1,899,Gujarat,"MP Shah, Jamnagar",RADIO DIAGNOSIS,AIQ,GEN,"?30,000","? 100,800",1,"?40,00,000",1250,
1,900,Uttar Pradesh,"JNMC (AMU), Aligarh",GENERAL MEDICINE,AIQ,GEN,"?54,700","?1,14,975",0,? 0,1269,
1,901,Delhi,"St Stephen's Hospital, Delhi",DNBRADIO DIAGNOSIS,DNB Post MBBS,GEN,"? 125,000","? 58,000",0,? 0,595,
1,902,Assam,"Gauhati Med Coll, Guwahati",RADIO DIAGNOSIS,AIQ,SC,"?27,300","?55,200",2,"?20,00,000",2185,
1,903,Uttar Pradesh,"GSVM Med Coll, Kanpur",GENERAL MEDICINE,AIQ,GEN,"?24,000","?1,10,646",2,"?40,00,000",2083,
1,904,Maharashtra,"Lokmanya Tilak, Sion, Mumbai",GENERAL MEDICINE,AIQ,OBC,"?1,57,100","? 93,559",1,"? 5,000,000",1462,
1,905,Tamil Nadu,"Madras Med Coll, Chennai",OBG,AIQ,GEN,"?50,000","?54,025",2,"?40,00,000",7285,
1,906,Delhi,"VMMC, Delhi",GENERAL SURGERY,AIQ,EWS,"?15,000","?1,20,965",1,"? 2,000,000",1550,
1,907,Delhi,"MAMC, Delhi",ORTHOPAEDICS,AIQ,GEN,"?16,200","?1,32,336",1,"? 2,000,000",2800,
1,908,Telangana,"Osmania Med Coll, Hyderabad",DERMATOLOGY,AIQ,GEN,"?15,000","? 67,032",1,"? 2,000,000",4800,
1,909,Delhi,"Max SS Hosp, Saket, Delhi",DNBRADIO DIAGNOSIS,DNB Post MBBS,GEN,"? 125,000","? 60,000",0,? 0,539,
1,910,Andhra Pradesh,"SV Med Coll, Tirupati",GENERAL MEDICINE,AIQ,GEN,"?30,000","? 60,823",0,?0,940,
1,911,Karnataka,"Gadag IMS, Gadag",RADIO DIAGNOSIS,AIQ,GEN,"?1,23,400","? 56,250",1,"?50,00,000",Info Not Available,
1,912,Karnataka,"Gulbarga IMS, Gulbarga",RADIO DIAGNOSIS,AIQ,GEN,"?1,23,400","? 56,250",1,"?50,00,000",873,
1,913,Tamil Nadu,"Kilpauk Med Coll, Chennai",GENERAL MEDICINE,AIQ,GEN,"?50,000","?54,025",2,"?40,00,000",1700,
1,914,Tamil Nadu,"Madurai Med Coll, Madurai",GENERAL MEDICINE,AIQ,OBC,"?50,000","?54,025",2,"?40,00,000",3518,
1,915,West Bengal,"Govt. Med College, Kolkata",RADIO DIAGNOSIS,AIQ,GEN,"?12,000","? 61,634",3,"?30,00,000",2668,
1,916,Uttar Pradesh,"IMS(BHU), Varanasi",RADIO DIAGNOSIS,BHU,GEN,"?48,226","?1,12,054",0,? 0,2424,
1,917,Tamil Nadu,"Madras Med Coll, Chennai",OBG,AIQ,GEN,"?50,000","?54,025",2,"?40,00,000",7285,
1,918,Rajasthan,"SP Med Coll, Bikaner",GENERAL MEDICINE,AIQ,GEN,"?14,093","?87,216",2,"? 15,000,000",1570,
1,919,Andhra Pradesh,"Andhra Med Coll, Vizag",RADIO DIAGNOSIS,AIQ,OBC,"?30,000","? 60,823",0,?0,1030,
1,920,Delhi,"MAMC, Delhi",OPHTHALMOLOGY,AIQ,GEN,"?16,200","?1,32,336",1,"? 2,000,000",2800,
1,922,Meghalaya,"NEIGRIHMS, Shillong",DERMATOLOGY,AIQ,GEN,"?16,300","?1,25,000",0,? 0,594,
1,923,Tamil Nadu,Coimbatore Med Coll,GENERAL MEDICINE,AIQ,GEN,"?50,000","?54,025",2,"?40,00,000",1182,
1,924,Delhi,"VMMC, Delhi",GENERAL MEDICINE,IP,GEN,"?15,000","?1,20,965",1,"? 2,000,000",1550,
1,925,Delhi,"VMMC, Delhi",GENERAL MEDICINE,IP,GEN,"?15,000","?1,20,965",1,"? 2,000,000",1550,
1,926,Tamil Nadu,"Madras Med Coll, Chennai",DERMATOLOGY,AIQ,OBC,"?50,000","?54,025",2,"?40,00,000",7285,
1,927,Tamil Nadu,"Kilpauk Med Coll, Chennai",GENERAL MEDICINE,AIQ,GEN,"?50,000","?54,025",2,"?40,00,000",1700,
1,928,Haryana,"ESIC Med Coll, Faridabad",DERMATOLOGY,AIQ,GEN,"?2,50,000","?1,15,853",2,"?10,00,000",625,
1,929,Assam,"Gauhati Med Coll, Guwahati",GENERAL MEDICINE,AIQ,GEN,"?27,300","?55,200",2,"?20,00,000",2185,
1,930,Karnataka,"ESI, Bangalore",RADIO DIAGNOSIS,AIQ,EWS,"?2,50,000","?1,14,016",2,"?10,00,000",530,
1,931,Telangana,"Gandhi Med Coll, Secunderabad",GENERAL MEDICINE,AIQ,OBC,"?15,000","? 67,032",1,"? 2,000,000",1200,
1,933,Madhya Pradesh,"MGM Med Coll, Indore",RADIO DIAGNOSIS,AIQ,GEN,"?1,01,500","? 75,444",1,"?10,00,000",1300,
1,935,Maharashtra,"GovtMedColl,ChhatrapatiSambhajiNgr",GENERAL MEDICINE,AIQ,GEN,"?1,57,100","? 93,559",1,"? 5,000,000",1177,
1,936,West Bengal,"RG Kar Med Coll, Kolkata",OBG,AIQ,GEN,"?12,000","? 61,634",3,"?30,00,000",1663,
1,937,Meghalaya,"NEIGRIHMS, Shillong",GENERAL MEDICINE,AIQ,GEN,"?16,300","?1,25,000",0,? 0,594,
1,938,Maharashtra,"Grant Med Coll, Mumbai",GENERAL MEDICINE,AIQ,OBC,"?1,57,100","? 93,559",1,"? 5,000,000",2844,
1,939,Jharkhand,"Rajendra IMS, Ranchi",RADIO DIAGNOSIS,AIQ,GEN,"? 1,550","?1,00,770",3,"?30,00,000",1754,
1,940,Jammu and Kashmir,"Sher-I-Kashmir, Srinagar",GENERAL MEDICINE,AIQ,GEN,"?11,000","? 80,000",0,?0,1200,
1,941,Uttar Pradesh,"JNMC (AMU), Aligarh",RADIO DIAGNOSIS,AMU,GEN,"?54,700","?1,14,975",0,? 0,1269,
1,942,Tamil Nadu,"Kilpauk Med Coll, Chennai",GENERAL MEDICINE,AIQ,GEN,"?50,000","?54,025",2,"?40,00,000",1700,
1,943,Tamil Nadu,"Kovai MedicalCentre,Coimbatore",DNBRADIO DIAGNOSIS,DNB Post MBBS,GEN,"? 125,000","? 48,000",0,? 0,1650,
1,945,Kerala,"KIMS, Trivandrum",DNBDERMATOLOGY,DNB Post MBBS,GEN,"? 125,000","? 57,876",0,? 0,650,
1,946,Delhi,"Max SS Hosp, Saket, Delhi",DNBRADIO DIAGNOSIS,DNB Post MBBS,GEN,"? 125,000","? 60,000",0,? 0,539,
1,947,Tamil Nadu,Tirunelveli Med Coll,GENERAL MEDICINE,AIQ,GEN,"?50,000","?54,025",2,"?40,00,000",1737,
1,948,Maharashtra,"Dr B Nanavati Hosp, Mumbai",DNBRADIO DIAGNOSIS,DNB Post MBBS,GEN,"? 125,000","? 86,630",0,? 0,348,
1,949,Maharashtra,"Lokmanya Tilak, Sion, Mumbai",OBG,AIQ,GEN,"?1,57,100","? 93,559",1,"? 5,000,000",1462,
1,950,Madhya Pradesh,"NSC Bose Med Coll, Jabalpur",GENERAL MEDICINE,AIQ,GEN,"?1,01,500","? 75,444",1,"?10,00,000",1150,
1,951,Odisha,"VIMSAR, Burla",GENERAL MEDICINE,AIQ,GEN,"?35,000","? 73,042",2,"?55,09,464",1071,
1,952,Tamil Nadu,"Madras Med Coll, Chennai",PAEDIATRICS,AIQ,GEN,"?50,000","?54,025",2,"?40,00,000",7285,
1,953,Tamil Nadu,Coimbatore Med Coll,GENERAL MEDICINE,AIQ,GEN,"?50,000","?54,025",2,"?40,00,000",1182,
1,954,Kerala,"Medical College, Trivandrum",PAEDIATRICS,AIQ,GEN,"?69,470","? 57,876",1,"?50,00,000",2126,
1,955,Madhya Pradesh,"Gandhi Med Coll, Bhopal",RADIO DIAGNOSIS,AIQ,OBC,"?1,01,500","? 75,444",1,"?10,00,000",1135,
1,956,Delhi,"VMMC, Delhi",ORTHOPAEDICS,AIQ,OBC,"?15,000","?1,20,965",1,"? 2,000,000",1550,
1,957,Karnataka,"Mysore Med Coll, Mysore",GENERAL MEDICINE,AIQ,OBC,"?1,23,400","? 56,250",1,"?50,00,000",1050,
1,958,Tamil Nadu,"Madras Med Coll, Chennai",GENERAL MEDICINE,AIQ,SC,"?50,000","?54,025",2,"?40,00,000",7285,
1,960,Madhya Pradesh,"NSC Bose Med Coll, Jabalpur",RADIO DIAGNOSIS,AIQ,GEN,"?1,01,500","? 75,444",1,"?10,00,000",1150,
1,963,Maharashtra,"Kokilaben Dhirubhai Ambani,MUM",DNBGENERAL MEDICINE,DNB Post MBBS,GEN,"? 125,000","?85,000",0,? 0,550,
1,964,Uttar Pradesh,"IMS(BHU), Varanasi",GENERAL SURGERY,AIQ,GEN,"?48,226","?1,12,054",0,? 0,2424,
1,965,Tamil Nadu,"Madras Med Coll, Chennai",PAEDIATRICS,AIQ,GEN,"?50,000","?54,025",2,"?40,00,000",7285,
1,966,Andhra Pradesh,"Kurnool Med Coll, Kurnool",RADIO DIAGNOSIS,AIQ,OBC,"?30,000","? 60,823",0,?0,1150,
1,967,Maharashtra,"KEM Hospital, Pune",DNBRADIO DIAGNOSIS,DNB Post MBBS,GEN,"? 125,000","?90,000",0,? 0,568,
1,968,Gujarat,"BJMC, Ahmedabad",OBG,AIQ,GEN,"?30,000","? 100,800",1,"?40,00,000",1557,
1,970,Chhattisgarh,"Pt JNM Med Coll, Raipur",RADIO DIAGNOSIS,AIQ,GEN,"?20,000","? 67,500",2,"?50,00,000",1246,
1,971,West Bengal,"Govt. Med College, Kolkata",DERMATOLOGY,AIQ,SC,"?12,000","? 61,634",3,"?30,00,000",2668,
1,972,Kerala,"KIMS, Trivandrum",DNBRADIO DIAGNOSIS,DNB Post MBBS,GEN,"? 125,000","? 57,876",0,? 0,650,
1,973,Maharashtra,"Deenanath Mangeshkar, Pune",DNBRADIO DIAGNOSIS,DNB Post MBBS,GEN,"? 125,000","? 89,698",0,? 0,876,
1,974,Telangana,"Gandhi Med Coll, Secunderabad",GENERAL MEDICINE,AIQ,EWS,"?15,000","? 67,032",1,"? 2,000,000",1200,
1,975,Telangana,"Osmania Med Coll, Hyderabad",PAEDIATRICS,AIQ,GEN,"?15,000","? 67,032",1,"? 2,000,000",4800,
1,976,Andhra Pradesh,"Govt Siddhartha, Vijaywada",RADIO DIAGNOSIS,AIQ,GEN,"?30,000","? 60,823",0,?0,707,
1,977,Gujarat,"BJMC, Ahmedabad",OBG,AIQ,GEN,"?30,000","? 100,800",1,"?40,00,000",1557,
1,978,Karnataka,"Manipal Hosp, Rustum Bagh, BLR",DNBRADIO DIAGNOSIS,DNB Post MBBS,GEN,"? 125,000","? 56,250",0,? 0,600,
1,979,Maharashtra,"Topiwala, Mumbai",GENERAL MEDICINE,AIQ,OBC,"?1,57,100","? 93,559",1,"? 5,000,000",1300,
1,980,Kerala,"Baby Memorial, Kozhikode",DNBGENERAL MEDICINE,DNB Post MBBS,GEN,"? 125,000","? 57,876",0,? 0,600,
1,981,Odisha,"MKCG, Berhampur",GENERAL MEDICINE,AIQ,GEN,"?35,000","? 73,042",2,"?55,09,464",1140,
1,982,Andhra Pradesh,"Andhra Med Coll, Vizag",GENERAL MEDICINE,AIQ,EWS,"?30,000","? 60,823",0,?0,1030,
1,984,Delhi,"ABVIMS (Dr RML Hosp), Delhi",RADIO DIAGNOSIS,IP,GEN,"? 51,000","? 136,008",1,"? 2,000,000",1626,
1,988,Tamil Nadu,"Madurai Med Coll, Madurai",GENERAL MEDICINE,AIQ,OBC,"?50,000","?54,025",2,"?40,00,000",3518,
1,990,Andhra Pradesh,"Kurnool Med Coll, Kurnool",GENERAL MEDICINE,AIQ,GEN,"?30,000","? 60,823",0,?0,1150,
1,991,Maharashtra,"Indira Gandhi MedColl, Nagpur",RADIO DIAGNOSIS,AIQ,OBC,"?1,57,100","? 93,559",1,"? 5,000,000",822,
1,992,Goa,"Goa Med Coll, Panaji",GENERAL MEDICINE,AIQ,GEN,"?1,22,522","?80,000",1,"?50,00,000",1160,
1,993,Maharashtra,"Lilavati Hospital, Mumbai",DNBGENERAL MEDICINE,DNB Post MBBS,GEN,"? 125,000","? 86,630",0,? 0,330,
1,994,Delhi,"Lady Hardinge, Delhi",RADIO DIAGNOSIS,AIQ,SC,"?16,200","?1,26,927",1,"? 2,000,000",877,
1,995,Madhya Pradesh,"Gandhi Med Coll, Bhopal",GENERAL MEDICINE,AIQ,GEN,"?1,01,500","? 75,444",1,"?10,00,000",1135,
1,996,Karnataka,"Shimoga IMS, Shimoga",GENERAL MEDICINE,AIQ,GEN,"?1,23,400","? 56,250",1,"?50,00,000",950,
1,997,Madhya Pradesh,"Gandhi Med Coll, Bhopal",GENERAL MEDICINE,AIQ,GEN,"?1,01,500","? 75,444",1,"?10,00,000",1135,
1,999,Maharashtra,"Jaslok Hospital, Mumbai",DNBRADIO DIAGNOSIS,DNB Post MBBS,GEN,"? 125,000","?86,629",0,? 0,361,
1,1001,Rajasthan,"SMS, Jaipur",GENERAL MEDICINE,AIQ,OBC,"?14,093","?87,216",2,"? 15,000,000",5702,
1,1002,Maharashtra,"VMMC, Solapur",RADIO DIAGNOSIS,AIQ,OBC,"?1,57,100","? 93,559",1,"? 5,000,000",763,
1,1003,Kerala,"Govt of Med Sci, Pariyaram",DERMATOLOGY,AIQ,OBC,"?69,470","? 57,876",1,"?50,00,000",1752,
1,1004,Haryana,"Pt BD Sharma, Rohtak",GENERAL MEDICINE,AIQ,OBC,"?1,25,000","?1,04,346",0,?0,2080,
1,1005,Maharashtra,"Indira Gandhi MedColl, Nagpur",GENERAL MEDICINE,AIQ,GEN,"?1,57,100","? 93,559",1,"? 5,000,000",822,
1,1006,Rajasthan,"RNT, Udaipur",RADIO DIAGNOSIS,AIQ,OBC,"?14,093","?87,216",2,"? 15,000,000",2206,
1,1007,Delhi,"ABVIMS (Dr RML Hosp), Delhi",PAEDIATRICS,AIQ,GEN,"? 51,000","? 136,008",1,"? 2,000,000",1626,
1,1008,Uttar Pradesh,"KGMU, Lucknow",OBG,AIQ,GEN,"?54,700","? 126,725",2,"?40,00,000",4500,
1,1009,Karnataka,"Bangalore Med Coll, Bangalore",OBG,AIQ,GEN,"?1,23,400","? 56,250",1,"?50,00,000",1993,
1,1010,Chhattisgarh,"Pt JNM Med Coll, Raipur",RADIO DIAGNOSIS,AIQ,GEN,"?20,000","? 67,500",2,"?50,00,000",1246,
1,1011,Uttar Pradesh,"JNMC (AMU), Aligarh",GENERAL MEDICINE,AIQ,GEN,"?54,700","?1,14,975",0,? 0,1269,
1,1012,Uttar Pradesh,"JNMC (AMU), Aligarh",GENERAL MEDICINE,AIQ,EWS,"?54,700","?1,14,975",0,? 0,1269,
1,1013,Chhattisgarh,"Pt JNM Med Coll, Raipur",RADIO DIAGNOSIS,AIQ,GEN,"?20,000","? 67,500",2,"?50,00,000",1246,
1,1014,Andhra Pradesh,"SV Med Coll, Tirupati",RADIO DIAGNOSIS,AIQ,OBC,"?30,000","? 60,823",0,?0,940,
1,1016,Gujarat,"BJMC, Ahmedabad",GENERAL SURGERY,AIQ,GEN,"?30,000","? 100,800",1,"?40,00,000",1557,
1,1017,West Bengal,"IPGMER, Kolkata",GENERAL SURGERY,AIQ,GEN,"?12,000","? 61,634",3,"?30,00,000",2300,
1,1018,Tamil Nadu,"Kovai MedicalCentre,Coimbatore",DNBRADIO DIAGNOSIS,DNB Post MBBS,GEN,"? 125,000","? 48,000",0,? 0,1650,
1,1019,Delhi,"MAMC, Delhi",GENERAL SURGERY,AIQ,OBC,"?16,200","?1,32,336",1,"? 2,000,000",2800,
1,1020,Maharashtra,"Topiwala, Mumbai",PSYCHIATRY,AIQ,GEN,"?1,57,100","? 93,559",1,"? 5,000,000",1300,
1,1021,Karnataka,"VIMS, Bellary",GENERAL MEDICINE,AIQ,GEN,"?1,23,400","? 56,250",1,"?50,00,000",1295,
1,1022,Punjab,"Livasa Hospital, Mohali",DNBRADIO DIAGNOSIS,DNB Post MBBS,GEN,"? 125,000","?76,000",0,? 0,227,
1,1023,Delhi,"VMMC, Delhi",OPHTHALMOLOGY,AIQ,GEN,"?15,000","?1,20,965",1,"? 2,000,000",1550,
1,1024,Karnataka,"NarayanaHrudyalaya,Bommasandra",DNBRADIO DIAGNOSIS,DNB Post MBBS,GEN,"? 125,000","? 56,250",0,? 0,2000,
1,1026,Maharashtra,"Seth GS, Mumbai",GENERAL SURGERY,AIQ,GEN,"?1,57,100","? 93,559",1,"? 5,000,000",2250,
1,1027,Uttar Pradesh,"BRD Med Coll, Gorakhpur",GENERAL MEDICINE,AIQ,GEN,"?24,000","?1,10,646",2,"?40,00,000",1050,
1,1029,Uttar Pradesh,"MLN Med Coll, Allahabad",RADIO DIAGNOSIS,AIQ,OBC,"?24,000","?1,10,646",2,"?40,00,000",Info Not Available,
1,1030,Delhi,"UCMS, Delhi",OBG,AIQ,GEN,"?47,220","?1,32,336",1,"? 2,000,000",1000,
1,1031,Delhi,"MAMC, Delhi",GENERAL SURGERY,DU,GEN,"?16,200","?1,32,336",1,"? 2,000,000",2800,
1,1032,Telangana,"Kakatiya Med Coll, Warangal",GENERAL MEDICINE,AIQ,GEN,"?15,000","? 67,032",1,"? 2,000,000",1150,
1,1033,Karnataka,"Mandya IMS, Mandya",GENERAL MEDICINE,AIQ,GEN,"?1,23,400","? 56,250",1,"?50,00,000",910,
1,1034,Karnataka,"Bangalore Baptist, Bangalore",DNBRADIO DIAGNOSIS,DNB Post MBBS,GEN,"? 125,000","? 56,250",0,? 0,450,
1,1035,Kerala,"Govt Med Coll, Kozhikode",GENERAL SURGERY,AIQ,GEN,"?69,470","? 57,876",1,"?50,00,000",3025,
1,1036,Tamil Nadu,"Kovai MedicalCentre,Coimbatore",DNBRADIO DIAGNOSIS,DNB Post MBBS,GEN,"? 125,000","? 48,000",0,? 0,1650,
1,1037,Maharashtra,"Govt Med Coll, Miraj",DERMATOLOGY,AIQ,GEN,"?1,57,100","? 93,559",1,"? 5,000,000",725,
1,1038,Rajasthan,"SMS, Jaipur",GENERAL MEDICINE,AIQ,EWS,"?14,093","?87,216",2,"? 15,000,000",5702,
1,1039,Andhra Pradesh,"Andhra Med Coll, Vizag",OBG,AIQ,GEN,"?30,000","? 60,823",0,?0,1030,
1,1040,Karnataka,"Kidwai Memorial, Bangalore",RADIATION ONCOLOGY,AIQ,GEN,"?1,23,400","? 56,250",1,"?50,00,000",680,
1,1041,Maharashtra,"Jaslok Hospital, Mumbai",DNBRADIO DIAGNOSIS,DNB Post MBBS,GEN,"? 125,000","?86,629",0,? 0,361,
1,1042,Delhi,"ABVIMS (Dr RML Hosp), Delhi",GENERAL MEDICINE,AIQ,SC,"? 51,000","? 136,008",1,"? 2,000,000",1626,
1,1044,Rajasthan,"Govt Med Coll, Kota",RADIO DIAGNOSIS,AIQ,OBC,"?14,093","?87,216",2,"? 15,000,000",2581,
1,1045,Rajasthan,"RNT, Udaipur",DERMATOLOGY,AIQ,OBC,"?14,093","?87,216",2,"? 15,000,000",2206,
1,1046,Telangana,"Gandhi Med Coll, Secunderabad",OBG,AIQ,GEN,"?15,000","? 67,032",1,"? 2,000,000",1200,
1,1047,Karnataka,"Shimoga IMS, Shimoga",GENERAL MEDICINE,AIQ,GEN,"?1,23,400","? 56,250",1,"?50,00,000",950,
1,1048,Delhi,"Lady Hardinge, Delhi",PSYCHIATRY,AIQ,GEN,"?16,200","?1,26,927",1,"? 2,000,000",877,
1,1049,Uttar Pradesh,"IMS(BHU), Varanasi",GENERAL MEDICINE,BHU,GEN,"?48,226","?1,12,054",0,? 0,2424,
1,1050,Karnataka,"Mandya IMS, Mandya",DERMATOLOGY,AIQ,GEN,"?1,23,400","? 56,250",1,"?50,00,000",910,
1,1051,Gujarat,"Govt Med Coll, Surat",DERMATOLOGY,AIQ,GEN,"?30,000","? 100,800",1,"?40,00,000",1150,
1,1052,Maharashtra,"Topiwala, Mumbai",GENERAL MEDICINE,AIQ,OBC,"?1,57,100","? 93,559",1,"? 5,000,000",1300,
1,1053,Rajasthan,"SMS, Jaipur",GENERAL MEDICINE,AIQ,OBC,"?14,093","?87,216",2,"? 15,000,000",5702,
1,1054,Rajasthan,"SMS, Jaipur",GENERAL MEDICINE,AIQ,EWS,"?14,093","?87,216",2,"? 15,000,000",5702,
1,1055,Kerala,"Govt Med Coll, Thrissur",DERMATOLOGY,AIQ,OBC,"?69,470","? 57,876",1,"?50,00,000",1400,
1,1056,Delhi,"MAMC, Delhi",ORTHOPAEDICS,AIQ,GEN,"?16,200","?1,32,336",1,"? 2,000,000",2800,
1,1057,Madhya Pradesh,"NSC Bose Med Coll, Jabalpur",RADIO DIAGNOSIS,AIQ,GEN,"?1,01,500","? 75,444",1,"?10,00,000",1150,
1,1059,Bihar,"Patna Med Coll, Patna",GENERAL MEDICINE,AIQ,GEN,"?9,000","? 82,000",2,"?25,00,000",1748,
1,1061,Maharashtra,"Seth GS, Mumbai",GENERAL SURGERY,AIQ,GEN,"?1,57,100","? 93,559",1,"? 5,000,000",2250,
1,1062,Tamil Nadu,"ESI PGIMSR, KK Nagar, Chennai",GENERAL MEDICINE,AIQ,GEN,"?2,50,000","?1,15,506",2,"?10,00,000",470,
1,1063,Rajasthan,"SP Med Coll, Bikaner",RADIO DIAGNOSIS,AIQ,OBC,"?14,093","?87,216",2,"? 15,000,000",1570,
1,1064,Karnataka,"KIMS, Hubli",GENERAL MEDICINE,AIQ,OBC,"?1,23,400","? 56,250",1,"?50,00,000",1200,
1,1065,Tamil Nadu,"Kovai MedicalCentre,Coimbatore",DNBRADIO DIAGNOSIS,DNB Post MBBS,GEN,"? 125,000","? 48,000",0,? 0,1650,
1,1066,Punjab,"Govt Med Coll, Amritsar",DERMATOLOGY,AIQ,GEN,"?1,25,000","?76,000",2,"?20,00,000",951,
1,1067,Karnataka,"Mandya IMS, Mandya",GENERAL MEDICINE,AIQ,GEN,"?1,23,400","? 56,250",1,"?50,00,000",910,
1,1068,Rajasthan,"SMS, Jaipur",GENERAL MEDICINE,AIQ,OBC,"?14,093","?87,216",2,"? 15,000,000",5702,
1,1069,Andhra Pradesh,"Andhra Med Coll, Vizag",GENERAL MEDICINE,AIQ,OBC,"?30,000","? 60,823",0,?0,1030,
1,1070,Karnataka,"Mandya IMS, Mandya",GENERAL MEDICINE,AIQ,GEN,"?1,23,400","? 56,250",1,"?50,00,000",910,
1,1071,Maharashtra,"Seth GS, Mumbai",RADIO DIAGNOSIS,AIQ,ST,"?1,57,100","? 93,559",1,"? 5,000,000",2250,
1,1072,Delhi,"VMMC, Delhi",GENERAL SURGERY,AIQ,OBC,"?15,000","?1,20,965",1,"? 2,000,000",1550,
1,1073,Tamil Nadu,Tirunelveli Med Coll,GENERAL MEDICINE,AIQ,OBC,"?50,000","?54,025",2,"?40,00,000",1737,
1,1074,Telangana,"Kakatiya Med Coll, Warangal",GENERAL MEDICINE,AIQ,GEN,"?15,000","? 67,032",1,"? 2,000,000",1150,
1,1075,Maharashtra,"BJMC, Pune",OBG,AIQ,GEN,"?1,57,100","? 93,559",1,"? 5,000,000",1296,
1,1076,Uttar Pradesh,"GSVM Med Coll, Kanpur",GENERAL MEDICINE,AIQ,GEN,"?24,000","?1,10,646",2,"?40,00,000",2083,
1,1077,Haryana,"Pt BD Sharma, Rohtak",GENERAL MEDICINE,AIQ,OBC,"?1,25,000","?1,04,346",0,?0,2080,
1,1078,Gujarat,"Apollo Hospital,Gandhinagar",DNBRADIO DIAGNOSIS,DNB Post MBBS,GEN,"? 125,000","?1,00,800",0,? 0,300,
1,1079,Telangana,"Osmania Med Coll, Hyderabad",DERMATOLOGY,AIQ,GEN,"?15,000","? 67,032",1,"? 2,000,000",4800,
1,1080,Rajasthan,"SNMC, Jodhpur",GENERAL MEDICINE,AIQ,GEN,"?14,093","?87,216",2,"? 15,000,000",3101,
1,1081,Karnataka,"Mysore Med Coll, Mysore",GENERAL MEDICINE,AIQ,EWS,"?1,23,400","? 56,250",1,"?50,00,000",1050,
1,1082,Tamil Nadu,"Kilpauk Med Coll, Chennai",GENERAL MEDICINE,AIQ,OBC,"?50,000","?54,025",2,"?40,00,000",1700,
1,1083,Kerala,"Baby Memorial, Kozhikode",DNBGENERAL MEDICINE,DNB Post MBBS,GEN,"? 125,000","? 57,876",0,? 0,600,
1,1084,Madhya Pradesh,"Gandhi Med Coll, Bhopal",RADIO DIAGNOSIS,AIQ,EWS,"?1,01,500","? 75,444",1,"?10,00,000",1135,
1,1085,Delhi,"VMMC, Delhi",PAEDIATRICS,AIQ,GEN,"?15,000","?1,20,965",1,"? 2,000,000",1550,
1,1086,Maharashtra,"Govt Med Coll, Nagpur",GENERAL MEDICINE,AIQ,EWS,"?1,57,100","? 93,559",1,"? 5,000,000",1866,
1,1087,Uttar Pradesh,"GSVM Med Coll, Kanpur",GENERAL MEDICINE,AIQ,GEN,"?24,000","?1,10,646",2,"?40,00,000",2083,
1,1088,Assam,"Gauhati Med Coll, Guwahati",DERMATOLOGY,AIQ,GEN,"?27,300","?55,200",2,"?20,00,000",2185,
1,1089,Delhi,"VMMC, Delhi",OBG,AIQ,OBC,"?15,000","?1,20,965",1,"? 2,000,000",1550,
1,1090,Maharashtra,"Topiwala, Mumbai",GENERAL MEDICINE,AIQ,OBC,"?1,57,100","? 93,559",1,"? 5,000,000",1300,
1,1091,Maharashtra,"Jaslok Hospital, Mumbai",DNBRADIO DIAGNOSIS,DNB Post MBBS,GEN,"? 125,000","?86,629",0,? 0,361,
1,1092,Madhya Pradesh,"NSC Bose Med Coll, Jabalpur",GENERAL MEDICINE,AIQ,GEN,"?1,01,500","? 75,444",1,"?10,00,000",1150,
1,1093,West Bengal,"Nilratan Sircar, Kolkata",GENERAL MEDICINE,AIQ,GEN,"?12,000","? 61,634",3,"?30,00,000",1920,
1,1095,Maharashtra,"Govt Med Coll, Nagpur",GENERAL MEDICINE,AIQ,EWS,"?1,57,100","? 93,559",1,"? 5,000,000",1866,
1,1096,Delhi,"MAMC, Delhi",RADIO DIAGNOSIS,DU,OBC,"?16,200","?1,32,336",1,"? 2,000,000",2800,
1,1097,Kerala,"Govt Med Coll, Manjeri",DERMATOLOGY,AIQ,OBC,"?69,470","? 57,876",1,"?50,00,000",500,
1,1098,Jammu and Kashmir,"Sher-I-Kashmir, Srinagar",RADIO DIAGNOSIS,AIQ,EWS,"?11,000","? 80,000",0,?0,1200,
1,1100,Gujarat,"PDU Med Coll, Rajkot",DERMATOLOGY,AIQ,GEN,"?30,000","? 100,800",1,"?40,00,000",750,
1,1101,Maharashtra,"GovtMedColl,ChhatrapatiSambhajiNgr",GENERAL MEDICINE,AIQ,GEN,"?1,57,100","? 93,559",1,"? 5,000,000",1177,
1,1102,Tamil Nadu,"Stanley Med Coll, Chennai",DERMATOLOGY,AIQ,GEN,"?50,000","?54,025",2,"?40,00,000",1661,
1,1103,Maharashtra,"Deenanath Mangeshkar, Pune",DNBRADIO DIAGNOSIS,DNB Post MBBS,GEN,"? 125,000","? 89,698",0,? 0,876,
1,1104,Telangana,"Govt Med Coll, Nizamabad",RADIO DIAGNOSIS,AIQ,GEN,"?15,000","? 67,032",1,"? 2,000,000",500,
1,1105,Delhi,"ESI, Basaidarpur, Delhi",DERMATOLOGY,AIQ,OBC,"?2,50,000","?1,30,846",2,"?10,00,000",600,
1,1107,Haryana,"ESIC Med Coll, Faridabad",GENERAL MEDICINE,AIQ,EWS,"?2,50,000","?1,15,853",2,"?10,00,000",625,
1,1108,Rajasthan,"SMS, Jaipur",GENERAL SURGERY,AIQ,GEN,"?14,093","?87,216",2,"? 10,000,000",5702,
1,1109,Telangana,"Gandhi Med Coll, Secunderabad",GENERAL MEDICINE,AIQ,OBC,"?15,000","? 67,032",1,"? 2,000,000",1200,
1,1110,Haryana,"Medanta The Medicity, Gurgaon",DNBRADIO DIAGNOSIS,DNB Post MBBS,GEN,"? 125,000","? 65,000",0,? 0,1391,
1,1111,Andhra Pradesh,"Rangaraya Med Coll, Kakinada",GENERAL MEDICINE,AIQ,GEN,"?30,000","? 60,823",0,?0,1450,
1,1114,Kerala,"KIMS, Trivandrum",DNBRADIO DIAGNOSIS,DNB Post MBBS,GEN,"? 125,000","? 57,876",0,? 0,650,
1,1115,Delhi,"VMMC, Delhi",GENERAL MEDICINE,IP,GEN,"?15,000","?1,20,965",1,"? 2,000,000",1550,
1,1116,Karnataka,"Hassan IMS, Hassan",DERMATOLOGY,AIQ,GEN,"?1,23,400","? 56,250",1,"?50,00,000",Info Not Available,
1,1117,Tamil Nadu,"Kovai MedicalCentre,Coimbatore",DNBRADIO DIAGNOSIS,DNB Post MBBS,GEN,"? 125,000","? 48,000",0,? 0,1650,
1,1118,Maharashtra,"Rajarshee CSM Govt MC,Kolhapur",GENERAL MEDICINE,AIQ,GEN,"?1,57,100","? 93,559",1,"? 5,000,000",665,
1,1119,Andhra Pradesh,"Andhra Med Coll, Vizag",OBG,AIQ,GEN,"?30,000","? 60,823",0,?0,1030,
1,1120,Karnataka,"KIMS, Hubli",GENERAL MEDICINE,AIQ,OBC,"?1,23,400","? 56,250",1,"?50,00,000",1200,
1,1121,Uttar Pradesh,"BRD Med Coll, Gorakhpur",RADIO DIAGNOSIS,AIQ,EWS,"?24,000","?1,10,646",2,"?40,00,000",1050,
1,1122,Rajasthan,"Santokbha Durlabhji Mem,Jaipur",DNBRADIO DIAGNOSIS,DNB Post MBBS,GEN,"? 125,000","? 82,800",0,? 0,525,
1,1123,Gujarat,"MP Shah, Jamnagar",RADIO DIAGNOSIS,AIQ,OBC,"?30,000","? 100,800",1,"?40,00,000",1250,
1,1124,Tamil Nadu,"Madurai Med Coll, Madurai",DERMATOLOGY,AIQ,GEN,"?50,000","?54,025",2,"?40,00,000",3518,
1,1125,Delhi,"MAMC, Delhi",PAEDIATRICS,AIQ,GEN,"?16,200","?1,32,336",1,"? 2,000,000",2800,
1,1126,Manipur,"RIMS, Imphal",RADIO DIAGNOSIS,AIQ,GEN,"?5,000","? 109,926",1,"?20,00,000",1074,
1,1127,West Bengal,"Chittaranjan CancerInst,Kolkata",RADIO DIAGNOSIS,AIQ,GEN,"?12,000","? 115,506",1,"?10,00,000",670,
1,1128,Maharashtra,"Deenanath Mangeshkar, Pune",DNBGENERAL MEDICINE,DNB Post MBBS,GEN,"? 125,000","? 89,698",0,? 0,876,
1,1129,Uttar Pradesh,"KGMU, Lucknow",GENERAL MEDICINE,AIQ,OBC,"?54,700","? 126,725",2,"?40,00,000",4500,
1,1130,West Bengal,"RG Kar Med Coll, Kolkata",GENERAL MEDICINE,AIQ,GEN,"?12,000","? 61,634",3,"?30,00,000",1663,
1,1131,Tamil Nadu,"Madras Med Coll, Chennai",DERMATOLOGY,AIQ,OBC,"?50,000","?54,025",2,"?40,00,000",7285,
1,1132,Karnataka,"Hassan IMS, Hassan",GENERAL MEDICINE,AIQ,GEN,"?1,23,400","? 56,250",1,"?50,00,000",Info Not Available,
1,1133,Rajasthan,"SMS, Jaipur",GENERAL MEDICINE,AIQ,OBC,"?14,093","?87,216",2,"? 15,000,000",5702,
1,1134,Madhya Pradesh,"Gajra Raja Med Coll, Gwalior",RADIO DIAGNOSIS,AIQ,OBC,"?1,01,500","? 75,444",1,"?10,00,000",1100,
1,1135,Telangana,"Kakatiya Med Coll, Warangal",RADIO DIAGNOSIS,AIQ,OBC,"?15,000","? 67,032",1,"? 2,000,000",1150,
1,1136,Jammu and Kashmir,"Govt Med Coll, Srinagar",RADIO DIAGNOSIS,AIQ,GEN,"?32,500","? 63,240",0,?0,3120,
1,1137,Delhi,"St Stephen's Hospital, Delhi",DNBRADIO DIAGNOSIS,DNB Post MBBS,GEN,"? 125,000","? 58,000",0,? 0,595,
1,1139,Delhi,"Hindu Rao Hospital, Delhi",DNBGENERAL MEDICINE,DNB Post MBBS,GEN,"? 125,000","? 139,680",1,"?20,00,000",980,
1,1140,Goa,"Goa Med Coll, Panaji",RADIO DIAGNOSIS,AIQ,OBC,"?1,22,522","?80,000",1,"?50,00,000",1160,
1,1141,Tamil Nadu,"Stanley Med Coll, Chennai",GENERAL SURGERY,AIQ,GEN,"?50,000","?54,025",2,"?40,00,000",1661,
1,1142,Karnataka,"NarayanaHrudyalaya,Bommasandra",DNBRADIO DIAGNOSIS,DNB Post MBBS,GEN,"? 125,000","? 56,250",0,? 0,2000,
1,1143,Karnataka,"Mandya IMS, Mandya",RADIO DIAGNOSIS,AIQ,OBC,"?1,23,400","? 56,250",1,"?50,00,000",910,
1,1144,Madhya Pradesh,"NSC Bose Med Coll, Jabalpur",RADIO DIAGNOSIS,AIQ,GEN,"?1,01,500","? 75,444",1,"?10,00,000",1150,
1,1145,Bihar,"IGIMS, Patna",GENERAL MEDICINE,AIQ,OBC,"?1,60,000","?1,22,878",0,? 0,1170,
1,1146,Tamil Nadu,Thanjavur Med Coll,GENERAL MEDICINE,AIQ,GEN,"?50,000","?54,025",2,"?40,00,000",1466,
1,1147,Uttar Pradesh,"SN Med Coll, Agra",GENERAL MEDICINE,AIQ,GEN,"?24,000","?1,10,646",2,"?40,00,000",976,
1,1148,Karnataka,"Mysore Med Coll, Mysore",GENERAL SURGERY,AIQ,GEN,"?1,23,400","? 56,250",1,"?50,00,000",1050,
1,1149,Jammu and Kashmir,"Govt Med Coll, Srinagar",RADIO DIAGNOSIS,AIQ,GEN,"?32,500","? 63,240",0,?0,3120,
1,1151,Telangana,"Gandhi Med Coll, Secunderabad",DERMATOLOGY,AIQ,GEN,"?15,000","? 67,032",1,"? 2,000,000",1200,
1,1152,Gujarat,"Govt Med Coll, Bhavnagar",DERMATOLOGY,AIQ,GEN,"?30,000","? 100,800",1,"?40,00,000",720,
1,1153,Himachal Pradesh,"RPG, Tanda",RADIO DIAGNOSIS,AIQ,GEN,"?24,000","?40,000",2,"?40,00,000",828,
1,1154,Chandigarh,"GMC, Chandigarh",GENERAL MEDICINE,AIQ,SC,"?34,500","?1,09,926",0,? 0,967,
1,1156,Delhi,"St Stephen's Hospital, Delhi",DNBGENERAL MEDICINE,DNB Post MBBS,GEN,"? 125,000","? 58,000",0,? 0,595,
1,1157,Gujarat,"PDU Med Coll, Rajkot",DERMATOLOGY,AIQ,GEN,"?30,000","? 100,800",1,"?40,00,000",750,
1,1158,Kerala,"Medical College, Trivandrum",PAEDIATRICS,AIQ,GEN,"?69,470","? 57,876",1,"?50,00,000",2126,
1,1159,West Bengal,"RG Kar Med Coll, Kolkata",GENERAL MEDICINE,AIQ,GEN,"?12,000","? 61,634",3,"?30,00,000",1663,
1,1160,Uttar Pradesh,"IMS(BHU), Varanasi",GENERAL SURGERY,AIQ,GEN,"?48,226","?1,12,054",0,? 0,2424,
1,1161,Maharashtra,"Govt Med Coll, Jalgaon",RADIO DIAGNOSIS,AIQ,GEN,"?1,57,100","? 93,559",1,"? 5,000,000",441,
1,1162,Goa,"Goa Med Coll, Panaji",GENERAL MEDICINE,AIQ,GEN,"?1,22,522","?80,000",1,"?50,00,000",1160,
1,1163,Gujarat,"Apollo Hospital,Gandhinagar",DNBRADIO DIAGNOSIS,DNB Post MBBS,GEN,"? 125,000","?1,00,800",0,? 0,300,
1,1164,Assam,"Gauhati Med Coll, Guwahati",GENERAL MEDICINE,AIQ,GEN,"?27,300","?55,200",2,"?20,00,000",2185,
1,1165,Kerala,"Govt Med Coll, Kozhikode",PAEDIATRICS,AIQ,GEN,"?69,470","? 57,876",1,"?50,00,000",3025,
1,1166,Delhi,"Holy Family Hospital, Delhi",DNBRADIO DIAGNOSIS,DNB Post MBBS,GEN,"? 125,000","? 82,150",0,? 0,345,
1,1167,Maharashtra,"Seth GS, Mumbai",ORTHOPAEDICS,AIQ,GEN,"?1,57,100","? 93,559",1,"? 5,000,000",2250,
1,1168,Jammu and Kashmir,"Sher-I-Kashmir, Srinagar",GENERAL MEDICINE,AIQ,GEN,"?11,000","? 80,000",0,?0,1200,
1,1169,Tamil Nadu,Thanjavur Med Coll,GENERAL MEDICINE,AIQ,GEN,"?50,000","?54,025",2,"?40,00,000",1466,
1,1170,Pondicherry,"IGMC & RI, Pondicherry",DERMATOLOGY,AIQ,OBC,"?1,10,000","? 43,000",0,? 0,750,
1,1171,Maharashtra,"BJMC, Pune",GENERAL SURGERY,AIQ,GEN,"?1,57,100","? 93,559",1,"? 5,000,000",1296,
1,1172,Delhi,"ABVIMS (Dr RML Hosp), Delhi",PAEDIATRICS,AIQ,EWS,"? 51,000","? 136,008",1,"? 2,000,000",1626,
1,1173,Tamil Nadu,"KAPV Med Coll, Trichy",GENERAL MEDICINE,AIQ,GEN,"?50,000","?54,025",2,"?40,00,000",2500,
1,1175,Karnataka,"Shimoga IMS, Shimoga",GENERAL MEDICINE,AIQ,GEN,"?1,23,400","? 56,250",1,"?50,00,000",950,
1,1176,Rajasthan,"SMS, Jaipur",GENERAL MEDICINE,AIQ,OBC,"?14,093","?87,216",2,"? 15,000,000",5702,
1,1177,Delhi,"ABVIMS (Dr RML Hosp), Delhi",OBG,AIQ,GEN,"? 51,000","? 136,008",1,"? 2,000,000",1626,
1,1178,Madhya Pradesh,"Gajra Raja Med Coll, Gwalior",RADIO DIAGNOSIS,AIQ,OBC,"?1,01,500","? 75,444",1,"?10,00,000",1100,
1,1179,Odisha,"VIMSAR, Burla",GENERAL MEDICINE,AIQ,GEN,"?35,000","? 73,042",2,"?55,09,464",1071,
1,1180,Maharashtra,"Pimpri Chinchwad, Pimpri",GENERAL MEDICINE,AIQ,GEN,"?1,57,100","? 93,559",1,"? 5,000,000",750,
1,1181,Andhra Pradesh,"Rangaraya Med Coll, Kakinada",RADIO DIAGNOSIS,AIQ,OBC,"?30,000","? 60,823",0,?0,1450,
1,1182,Delhi,"ABVIMS (Dr RML Hosp), Delhi",RADIO DIAGNOSIS,IP,GEN,"? 51,000","? 136,008",1,"? 2,000,000",1626,
1,1183,Andhra Pradesh,"SV Med Coll, Tirupati",GENERAL MEDICINE,AIQ,GEN,"?30,000","? 60,823",0,?0,940,
1,1184,Maharashtra,"GovtMedColl,ChhatrapatiSambhajiNgr",DERMATOLOGY,AIQ,GEN,"?1,57,100","? 93,559",1,"? 5,000,000",1177,
1,1185,Telangana,"Gandhi Med Coll, Secunderabad",OBG,AIQ,GEN,"?15,000","? 67,032",1,"? 2,000,000",1200,
1,1189,Rajasthan,"SMS, Jaipur",GENERAL SURGERY,AIQ,GEN,"?14,093","?87,216",2,"? 10,000,000",5702,
1,1190,Jammu and Kashmir,"Govt Med Coll, Jammu",GENERAL MEDICINE,AIQ,GEN,"?25,000","? 63,240",0,?0,2663,
1,1191,Andhra Pradesh,"Govt Med Coll, Ananthapuram",RADIO DIAGNOSIS,AIQ,GEN,"?30,000","? 60,823",0,?0,500,
1,1192,West Bengal,Calcutta National Med Coll,GENERAL MEDICINE,AIQ,GEN,"?12,000","? 61,634",3,"?30,00,000",1470,
1,1193,Maharashtra,"Govt Med Coll, Latur",GENERAL MEDICINE,AIQ,GEN,"?1,57,100","? 93,559",1,"? 5,000,000",750,
1,1194,Bihar,"Patna Med Coll, Patna",DERMATOLOGY,AIQ,GEN,"?9,000","? 82,000",2,"?25,00,000",1748,
1,1195,Delhi,"UCMS, Delhi",OBG,AIQ,GEN,"?47,220","?1,32,336",1,"? 2,000,000",1000,
1,1196,Delhi,"Holy Family Hospital, Delhi",DNBRADIO DIAGNOSIS,DNB Post MBBS,GEN,"? 125,000","? 82,150",0,? 0,345,
1,1197,Maharashtra,"Indira Gandhi MedColl, Nagpur",GENERAL MEDICINE,AIQ,GEN,"?1,57,100","? 93,559",1,"? 5,000,000",822,
1,1199,Rajasthan,"SNMC, Jodhpur",GENERAL MEDICINE,AIQ,EWS,"?14,093","?87,216",2,"? 15,000,000",3101,
1,1200,Tamil Nadu,Tirunelveli Med Coll,GENERAL MEDICINE,AIQ,OBC,"?50,000","?54,025",2,"?40,00,000",1737,
1,1201,Karnataka,"IGICH, Bangalore",PAEDIATRICS,AIQ,GEN,"?1,23,400","? 56,250",1,"?50,00,000",500,
1,1203,Gujarat,"BJMC, Ahmedabad",GENERAL SURGERY,AIQ,GEN,"?30,000","? 100,800",1,"?40,00,000",1557,
1,1204,Delhi,"MAMC, Delhi",GENERAL MEDICINE,AIQ,SC,"?16,200","?1,32,336",1,"? 2,000,000",2800,
1,1205,West Bengal,Calcutta National Med Coll,GENERAL MEDICINE,AIQ,GEN,"?12,000","? 61,634",3,"?30,00,000",1470,
1,1206,Andhra Pradesh,"SVIMS, Tirupati",GENERAL MEDICINE,AIQ,GEN,"?1,75,000","? 96,951",1,"?40,00,000",1257,
1,1207,Tamil Nadu,"Madras Med Coll, Chennai",GENERAL MEDICINE,AIQ,EWS,"?50,000","?54,025",2,"?40,00,000",7285,
1,1208,Maharashtra,"HBT & RN Cooper, Mumbai",GENERAL MEDICINE,AIQ,OBC,"?1,57,100","? 93,559",1,"? 5,000,000",940,
1,1209,Telangana,"Osmania Med Coll, Hyderabad",DERMATOLOGY,AIQ,GEN,"?15,000","? 67,032",1,"? 2,000,000",4800,
1,1211,Karnataka,"Mandya IMS, Mandya",GENERAL MEDICINE,AIQ,EWS,"?1,23,400","? 56,250",1,"?50,00,000",910,
1,1212,Karnataka,"Gadag IMS, Gadag",GENERAL MEDICINE,AIQ,GEN,"?1,23,400","? 56,250",1,"?50,00,000",Info Not Available,
1,1213,Assam,"Gauhati Med Coll, Guwahati",GENERAL MEDICINE,AIQ,GEN,"?27,300","?55,200",2,"?20,00,000",2185,
1,1214,Delhi,"MAMC, Delhi",GENERAL SURGERY,AIQ,SC,"?16,200","?1,32,336",1,"? 2,000,000",2800,
1,1215,Uttar Pradesh,"LLRM Med Coll, Meerut",GENERAL MEDICINE,AIQ,GEN,"?24,000","?1,10,646",2,"?40,00,000",1090,
1,1216,Karnataka,"Bangalore Med Coll, Bangalore",OBG,AIQ,GEN,"?1,23,400","? 56,250",1,"?50,00,000",1993,
1,1217,Tamil Nadu,Tirunelveli Med Coll,GENERAL MEDICINE,AIQ,OBC,"?50,000","?54,025",2,"?40,00,000",1737,
1,1218,Karnataka,"Manipal Hosp, Rustum Bagh, BLR",DNBRADIO DIAGNOSIS,DNB Post MBBS,GEN,"? 125,000","? 56,250",0,? 0,600,
1,1219,Karnataka,"Mandya IMS, Mandya",DERMATOLOGY,AIQ,GEN,"?1,23,400","? 56,250",1,"?50,00,000",910,
1,1220,Andhra Pradesh,"Guntur Med Coll, Guntur",GENERAL MEDICINE,AIQ,GEN,"?30,000","? 60,823",0,?0,1170,
1,1221,Uttar Pradesh,"IMS(BHU), Varanasi",GENERAL SURGERY,AIQ,GEN,"?48,226","?1,12,054",0,? 0,2424,
1,1222,Telangana,"Gandhi Med Coll, Secunderabad",GENERAL MEDICINE,AIQ,OBC,"?15,000","? 67,032",1,"? 2,000,000",1200,
1,1223,Tamil Nadu,"Madras Med Coll, Chennai",PAEDIATRICS,AIQ,GEN,"?50,000","?54,025",2,"?40,00,000",7285,
1,1224,Maharashtra,"MPGIMER, Nashik",RADIO DIAGNOSIS,AIQ,GEN,"?1,57,100","? 93,559",1,"? 5,000,000",560,
1,1225,West Bengal,Calcutta National Med Coll,GENERAL MEDICINE,AIQ,GEN,"?12,000","? 61,634",3,"?30,00,000",1470,
1,1226,Tamil Nadu,"Kovai MedicalCentre,Coimbatore",DNBRADIO DIAGNOSIS,DNB Post MBBS,GEN,"? 125,000","? 48,000",0,? 0,1650,
1,1227,Bihar,"Nalanda Med Coll, Patna",RADIO DIAGNOSIS,AIQ,GEN,"?9,000","? 82,000",2,"?25,00,000",750,
1,1228,Uttar Pradesh,"GSVM Med Coll, Kanpur",GENERAL MEDICINE,AIQ,GEN,"?24,000","?1,10,646",2,"?40,00,000",2083,
1,1229,Kerala,"Medical College, Trivandrum",PAEDIATRICS,AIQ,GEN,"?69,470","? 57,876",1,"?50,00,000",2126,
1,1230,Delhi,"MAMC, Delhi",PAEDIATRICS,AIQ,GEN,"?16,200","?1,32,336",1,"? 2,000,000",2800,
1,1232,Maharashtra,"Breach Candy Hospital, Mumbai",DNBRADIO DIAGNOSIS,DNB Post MBBS,GEN,"? 125,000","?89,489",0,? 0,213,
1,1233,West Bengal,"Apollo Gleneagles, Kolkata",DNBGENERAL MEDICINE,DNB Post MBBS,GEN,"? 125,000","?61,634",0,? 0,750,
1,1234,Rajasthan,"SMS, Jaipur",GENERAL MEDICINE,AIQ,OBC,"?14,093","?87,216",2,"? 15,000,000",5702,
1,1235,Rajasthan,"SP Med Coll, Bikaner",GENERAL MEDICINE,AIQ,GEN,"?14,093","?87,216",2,"? 15,000,000",1570,
1,1236,Maharashtra,"Holy Spirit Hospital, Mumbai",DNBRADIO DIAGNOSIS,DNB Post MBBS,GEN,"? 125,000","? 86,630",0,? 0,300,
1,1238,Haryana,"Artemis Health Inst, Gurgaon",DNBRADIO DIAGNOSIS,DNB Post MBBS,GEN,"? 125,000","? 56,000",0,? 0,520,
1,1239,Delhi,"MAMC, Delhi",PAEDIATRICS,DU,GEN,"?16,200","?1,32,336",1,"? 2,000,000",2800,
1,1241,Tamil Nadu,"Govt Med Coll, Omandurar",GENERAL MEDICINE,AIQ,GEN,"?50,000","?54,025",2,"?40,00,000",Info Not Available,
1,1242,Karnataka,"Mysore Med Coll, Mysore",GENERAL MEDICINE,AIQ,OBC,"?1,23,400","? 56,250",1,"?50,00,000",1050,
1,1243,Punjab,"Govt Med Coll, Amritsar",GENERAL MEDICINE,AIQ,GEN,"?1,25,000","?76,000",2,"?20,00,000",951,
1,1244,Maharashtra,"Govt Med Coll, Miraj",RADIO DIAGNOSIS,AIQ,OBC,"?1,57,100","? 93,559",1,"? 5,000,000",725,
1,1245,Jammu and Kashmir,"Govt Med Coll, Jammu",GENERAL MEDICINE,AIQ,GEN,"?25,000","? 63,240",0,?0,2663,
1,1246,Kerala,"Govt Med Coll, Kozhikode",PAEDIATRICS,AIQ,GEN,"?69,470","? 57,876",1,"?50,00,000",3025,
1,1247,Andhra Pradesh,"SV Med Coll, Tirupati",GENERAL MEDICINE,AIQ,GEN,"?30,000","? 60,823",0,?0,940,
1,1248,Maharashtra,"Breach Candy Hospital, Mumbai",DNBRADIO DIAGNOSIS,DNB Post MBBS,GEN,"? 125,000","?89,489",0,? 0,213,
1,1249,Madhya Pradesh,"Gajra Raja Med Coll, Gwalior",GENERAL MEDICINE,AIQ,GEN,"?1,01,500","? 75,444",1,"?10,00,000",1100,
1,1250,Delhi,"UCMS, Delhi",OBG,AIQ,GEN,"?47,220","?1,32,336",1,"? 2,000,000",1000,
1,1251,Delhi,"MAMC, Delhi",GENERAL SURGERY,DU,GEN,"?16,200","?1,32,336",1,"? 2,000,000",2800,
1,1252,Delhi,"VMMC, Delhi",PAEDIATRICS,AIQ,GEN,"?15,000","?1,20,965",1,"? 2,000,000",1550,
1,1253,Maharashtra,"HurkisondasNurrotumdas, Mumbai",DNBGENERAL MEDICINE,DNB Post MBBS,GEN,"? 125,000","? 94,000",0,? 0,360,
1,1254,Kerala,"KIMS, Trivandrum",DNBRADIO DIAGNOSIS,DNB Post MBBS,GEN,"? 125,000","? 57,876",0,? 0,650,
1,1256,Tamil Nadu,"Madras Med Coll, Chennai",DERMATOLOGY,AIQ,OBC,"?50,000","?54,025",2,"?40,00,000",7285,
1,1257,Maharashtra,"Lokmanya Tilak, Sion, Mumbai",GENERAL SURGERY,AIQ,GEN,"?1,57,100","? 93,559",1,"? 5,000,000",1462,
1,1258,Gujarat,"MP Shah, Jamnagar",GENERAL MEDICINE,AIQ,EWS,"?30,000","? 100,800",1,"?40,00,000",1250,
1,1259,Manipur,"RIMS, Imphal",GENERAL MEDICINE,AIQ,GEN,"?5,000","? 109,926",1,"?20,00,000",1074,
1,1260,West Bengal,Bankura Sammilani Med Coll,RADIO DIAGNOSIS,AIQ,GEN,"?12,000","? 61,634",3,"?30,00,000",1441,
1,1261,Delhi,"UCMS, Delhi",OBG,AIQ,GEN,"?47,220","?1,32,336",1,"? 2,000,000",1000,
1,1262,Maharashtra,"Govt Med Coll, Nanded",RADIO DIAGNOSIS,AIQ,GEN,"?1,57,100","? 93,559",1,"? 5,000,000",750,
1,1263,Tamil Nadu,"Govt Med Coll, Omandurar",GENERAL MEDICINE,AIQ,GEN,"?50,000","?54,025",2,"?40,00,000",Info Not Available,
1,1264,Rajasthan,"SNMC, Jodhpur",GENERAL MEDICINE,AIQ,OBC,"?14,093","?87,216",2,"? 15,000,000",3101,
1,1265,Delhi,"MAMC, Delhi",ENT,AIQ,GEN,"?16,200","?1,32,336",1,"? 2,000,000",2800,
1,1266,Delhi,"ABVIMS (Dr RML Hosp), Delhi",RADIO DIAGNOSIS,IP,GEN,"? 51,000","? 136,008",1,"? 2,000,000",1626,
1,1267,Delhi,"MAMC, Delhi",GENERAL SURGERY,AIQ,OBC,"?16,200","?1,32,336",1,"? 2,000,000",2800,
1,1269,Manipur,"RIMS, Imphal",GENERAL MEDICINE,AIQ,GEN,"?5,000","? 109,926",1,"?20,00,000",1074,
1,1270,Telangana,"Kakatiya Med Coll, Warangal",GENERAL MEDICINE,AIQ,GEN,"?15,000","? 67,032",1,"? 2,000,000",1150,
1,1271,Odisha,"SCB, Cuttack",PAEDIATRICS,AIQ,GEN,"?35,000","? 73,042",2,"?55,09,464",2106,
1,1272,Rajasthan,"JLNMC, Ajmer",GENERAL MEDICINE,AIQ,GEN,"?14,093","?87,216",2,"? 15,000,000",1428,
1,1273,Tamil Nadu,Coimbatore Med Coll,GENERAL MEDICINE,AIQ,OBC,"?50,000","?54,025",2,"?40,00,000",1182,
1,1274,Delhi,"MAMC, Delhi",GENERAL MEDICINE,DU,EWS,"?16,200","?1,32,336",1,"? 2,000,000",2800,
1,1275,Rajasthan,"RNT, Udaipur",GENERAL MEDICINE,AIQ,OBC,"?14,093","?87,216",2,"? 15,000,000",2206,
1,1277,Andhra Pradesh,"Andhra Med Coll, Vizag",GENERAL MEDICINE,AIQ,OBC,"?30,000","? 60,823",0,?0,1030,
1,1278,Bihar,"Patna Med Coll, Patna",DERMATOLOGY,AIQ,GEN,"?9,000","? 82,000",2,"?25,00,000",1748,
1,1279,Uttar Pradesh,"GSVM Med Coll, Kanpur",GENERAL MEDICINE,AIQ,GEN,"?24,000","?1,10,646",2,"?40,00,000",2083,
1,1280,Jharkhand,"Rajendra IMS, Ranchi",GENERAL MEDICINE,AIQ,GEN,"? 1,550","?1,00,770",3,"?30,00,000",1754,
1,1281,Uttar Pradesh,"SN Med Coll, Agra",GENERAL MEDICINE,AIQ,GEN,"?24,000","?1,10,646",2,"?40,00,000",976,
1,1282,Delhi,"VMMC, Delhi",PAEDIATRICS,AIQ,GEN,"?15,000","?1,20,965",1,"? 2,000,000",1550,
1,1283,Gujarat,"BJMC, Ahmedabad",GENERAL SURGERY,AIQ,GEN,"?30,000","? 100,800",1,"?40,00,000",1557,
1,1284,Maharashtra,"Govt Med Coll, Nagpur",GENERAL MEDICINE,AIQ,OBC,"?1,57,100","? 93,559",1,"? 5,000,000",1866,
1,1285,Bihar,"Patna Med Coll, Patna",GENERAL MEDICINE,AIQ,GEN,"?9,000","? 82,000",2,"?25,00,000",1748,
1,1286,Rajasthan,"Govt Med Coll, Kota",DERMATOLOGY,AIQ,GEN,"?14,093","?87,216",2,"? 15,000,000",2581,
1,1287,Andhra Pradesh,"Andhra Med Coll, Vizag",GENERAL MEDICINE,AIQ,OBC,"?30,000","? 60,823",0,?0,1030,
1,1288,Tamil Nadu,"Stanley Med Coll, Chennai",DERMATOLOGY,AIQ,OBC,"?50,000","?54,025",2,"?40,00,000",1661,
1,1289,Tamil Nadu,Thanjavur Med Coll,GENERAL MEDICINE,AIQ,OBC,"?50,000","?54,025",2,"?40,00,000",1466,
1,1290,Madhya Pradesh,"Gajra Raja Med Coll, Gwalior",GENERAL MEDICINE,AIQ,GEN,"?1,01,500","? 75,444",1,"?10,00,000",1100,
1,1291,Odisha,"SCB, Cuttack",GENERAL MEDICINE,AIQ,EWS,"?35,000","? 73,042",2,"?55,09,464",2106,
1,1292,Tamil Nadu,Chengalpattu Med Coll,GENERAL MEDICINE,AIQ,GEN,"?50,000","?54,025",2,"?40,00,000",700,
1,1293,Madhya Pradesh,"Gajra Raja Med Coll, Gwalior",GENERAL MEDICINE,AIQ,GEN,"?1,01,500","? 75,444",1,"?10,00,000",1100,
1,1294,Tamil Nadu,"Kilpauk Med Coll, Chennai",GENERAL MEDICINE,AIQ,OBC,"?50,000","?54,025",2,"?40,00,000",1700,
1,1295,Maharashtra,"BJMC, Pune",GENERAL SURGERY,AIQ,GEN,"?1,57,100","? 93,559",1,"? 5,000,000",1296,
1,1296,Maharashtra,"Seth GS, Mumbai",GENERAL SURGERY,AIQ,GEN,"?1,57,100","? 93,559",1,"? 5,000,000",2250,
1,1297,Haryana,"Artemis Health Inst, Gurgaon",DNBRADIO DIAGNOSIS,DNB Post MBBS,GEN,"? 125,000","? 56,000",0,? 0,520,
1,1298,Punjab,"Govt Med Coll, Amritsar",GENERAL MEDICINE,AIQ,GEN,"?1,25,000","?76,000",2,"?20,00,000",951,
1,1299,Delhi,"Aakash HC SS Hospital, Dwarka",DNBRADIO DIAGNOSIS,DNB Post MBBS,GEN,"? 125,000","? 80,000",0,? 0,200,
1,1300,Tamil Nadu,"Kilpauk Med Coll, Chennai",GENERAL MEDICINE,AIQ,OBC,"?50,000","?54,025",2,"?40,00,000",1700,
1,1301,Gujarat,"Govt Med Coll, Bhavnagar",GENERAL MEDICINE,AIQ,GEN,"?30,000","? 100,800",1,"?40,00,000",720,
1,1302,Rajasthan,"JLNMC, Ajmer",RADIO DIAGNOSIS,AIQ,EWS,"?14,093","?87,216",2,"? 15,000,000",1428,
1,1303,West Bengal,Burdwan Medical College,GENERAL MEDICINE,AIQ,GEN,"?12,000","? 61,634",3,"?30,00,000",1099,
1,1305,Telangana,"Osmania Med Coll, Hyderabad",PAEDIATRICS,AIQ,GEN,"?15,000","? 67,032",1,"? 2,000,000",4800,
1,1307,Maharashtra,"Deenanath Mangeshkar, Pune",DNBGENERAL MEDICINE,DNB Post MBBS,GEN,"? 125,000","? 89,698",0,? 0,876,
1,1308,Maharashtra,"Grant Med Coll, Mumbai",GENERAL MEDICINE,AIQ,OBC,"?1,57,100","? 93,559",1,"? 5,000,000",2844,
1,1310,Chandigarh,"GMC, Chandigarh",GENERAL SURGERY,AIQ,GEN,"?34,500","?1,09,926",0,? 0,967,
1,1311,Gujarat,"BJMC, Ahmedabad",ORTHOPAEDICS,AIQ,GEN,"?30,000","? 100,800",1,"?40,00,000",1557,
1,1312,Uttar Pradesh,"IMS(BHU), Varanasi",PAEDIATRICS,AIQ,GEN,"?48,226","?1,12,054",0,? 0,2424,
1,1313,Andhra Pradesh,"Guntur Med Coll, Guntur",GENERAL MEDICINE,AIQ,GEN,"?30,000","? 60,823",0,?0,1170,
1,1314,Gujarat,"BJMC, Ahmedabad",GENERAL SURGERY,AIQ,GEN,"?30,000","? 100,800",1,"?40,00,000",1557,
1,1315,Andhra Pradesh,"SV Med Coll, Tirupati",GENERAL MEDICINE,AIQ,GEN,"?30,000","? 60,823",0,?0,940,
1,1317,Tamil Nadu,Coimbatore Med Coll,GENERAL MEDICINE,AIQ,OBC,"?50,000","?54,025",2,"?40,00,000",1182,
1,1318,Maharashtra,"Seth GS, Mumbai",PAEDIATRICS,AIQ,GEN,"?1,57,100","? 93,559",1,"? 5,000,000",2250,
1,1319,Kerala,"Govt Med Coll, Kozhikode",PAEDIATRICS,AIQ,GEN,"?69,470","? 57,876",1,"?50,00,000",3025,
1,1320,Delhi,"UCMS, Delhi",OBG,AIQ,GEN,"?47,220","?1,32,336",1,"? 2,000,000",1000,
1,1321,Maharashtra,"Govt Med Coll, Nanded",RADIO DIAGNOSIS,AIQ,OBC,"?1,57,100","? 93,559",1,"? 5,000,000",750,
1,1322,Gujarat,"BJMC, Ahmedabad",GENERAL MEDICINE,AIQ,SC,"?30,000","? 100,800",1,"?40,00,000",1557,
1,1323,Maharashtra,"Govt Med Coll, Nagpur",GENERAL MEDICINE,AIQ,OBC,"?1,57,100","? 93,559",1,"? 5,000,000",1866,
1,1324,Telangana,"Gandhi Med Coll, Secunderabad",DERMATOLOGY,AIQ,GEN,"?15,000","? 67,032",1,"? 2,000,000",1200,
1,1325,Madhya Pradesh,"NSC Bose Med Coll, Jabalpur",GENERAL MEDICINE,AIQ,GEN,"?1,01,500","? 75,444",1,"?10,00,000",1150,
1,1326,West Bengal,"Chittaranjan CancerInst,Kolkata",RADIO DIAGNOSIS,AIQ,OBC,"?12,000","? 115,506",1,"?10,00,000",670,
1,1327,Madhya Pradesh,"Bombay Hospital, Indore",DNBRADIO DIAGNOSIS,DNB Post MBBS,GEN,"? 125,000","? 75,444",0,? 0,350,
1,1328,Maharashtra,"Seth GS, Mumbai",GENERAL SURGERY,AIQ,GEN,"?1,57,100","? 93,559",1,"? 5,000,000",2250,
1,1329,Rajasthan,"RNT, Udaipur",GENERAL MEDICINE,AIQ,OBC,"?14,093","?87,216",2,"? 15,000,000",2206,
1,1331,Gujarat,"BJMC, Ahmedabad",OBG,AIQ,GEN,"?30,000","? 100,800",1,"?40,00,000",1557,
1,1332,Assam,"Gauhati Med Coll, Guwahati",GENERAL MEDICINE,AIQ,GEN,"?27,300","?55,200",2,"?20,00,000",2185,
1,1334,Maharashtra,"Grant Med Coll, Mumbai",GENERAL MEDICINE,AIQ,EWS,"?1,57,100","? 93,559",1,"? 5,000,000",2844,
1,1335,Telangana,"Kakatiya Med Coll, Warangal",GENERAL MEDICINE,AIQ,GEN,"?15,000","? 67,032",1,"? 2,000,000",1150,
1,1336,Delhi,"VMMC, Delhi",OBG,AIQ,EWS,"?15,000","?1,20,965",1,"? 2,000,000",1550,
1,1337,Delhi,"ESI, Basaidarpur, Delhi",OBG,AIQ,GEN,"?2,50,000","?1,30,846",2,"?10,00,000",600,
1,1338,Jammu and Kashmir,"Sher-I-Kashmir, Srinagar",GENERAL MEDICINE,AIQ,GEN,"?11,000","? 80,000",0,?0,1200,
1,1339,Odisha,"VIMSAR, Burla",GENERAL MEDICINE,AIQ,GEN,"?35,000","? 73,042",2,"?55,09,464",1071,
1,1340,Tamil Nadu,"Meenakshi Mission Hosp,Madurai",DNBRADIO DIAGNOSIS,DNB Post MBBS,GEN,"? 125,000","? 48,000",0,? 0,800,
1,1341,Maharashtra,"Seth GS, Mumbai",OBG,AIQ,GEN,"?1,57,100","? 93,559",1,"? 5,000,000",2250,
1,1342,Karnataka,"Raichur IMS, Raichur",GENERAL MEDICINE,AIQ,GEN,"?1,23,400","? 56,250",1,"?50,00,000",500,
1,1345,Tamil Nadu,"Meenakshi Mission Hosp,Madurai",DNBRADIO DIAGNOSIS,DNB Post MBBS,GEN,"? 125,000","? 48,000",0,? 0,800,
1,1346,Maharashtra,"P Hinduja Hosp, KharWest,Mumbai",DMRD(NBEMS),NBE Diploma,GEN,"? 125,000","? 89,700",0,? 0,110,
1,1347,Kerala,"Govt Med Coll, Kozhikode",PAEDIATRICS,AIQ,OBC,"?69,470","? 57,876",1,"?50,00,000",3025,
1,1348,Delhi,"Aakash HC SS Hospital, Dwarka",DNBRADIO DIAGNOSIS,DNB Post MBBS,GEN,"? 125,000","? 80,000",0,? 0,200,
1,1350,Telangana,"Osmania Med Coll, Hyderabad",OPHTHALMOLOGY,AIQ,GEN,"?15,000","? 67,032",1,"? 2,000,000",4800,
1,1351,Maharashtra,"PD Hinduja, Mumbai",DNBNUCLEAR MEDICINE,DNB Post MBBS,GEN,"? 125,000","? 89,700",0,? 0,400,
1,1353,Maharashtra,"Grant Med Coll, Mumbai",GENERAL MEDICINE,AIQ,OBC,"?1,57,100","? 93,559",1,"? 5,000,000",2844,
1,1354,Odisha,"SCB, Cuttack",RADIO DIAGNOSIS,AIQ,OBC,"?35,000","? 73,042",2,"?55,09,464",2106,
1,1355,Karnataka,"Gulbarga IMS, Gulbarga",GENERAL MEDICINE,AIQ,GEN,"?1,23,400","? 56,250",1,"?50,00,000",873,
1,1356,Odisha,"VIMSAR, Burla",GENERAL MEDICINE,AIQ,GEN,"?35,000","? 73,042",2,"?55,09,464",1071,
1,1358,Uttar Pradesh,"KGMU, Lucknow",GENERAL MEDICINE,AIQ,OBC,"?54,700","? 126,725",2,"?40,00,000",4500,
1,1359,Tamil Nadu,"KAPV Med Coll, Trichy",GENERAL MEDICINE,AIQ,GEN,"?50,000","?54,025",2,"?40,00,000",2500,
1,1360,Delhi,"Lady Hardinge, Delhi",OBG,DU,GEN,"?16,200","?1,26,927",1,"? 2,000,000",877,
1,1361,Madhya Pradesh,"NSC Bose Med Coll, Jabalpur",GENERAL MEDICINE,AIQ,GEN,"?1,01,500","? 75,444",1,"?10,00,000",1150,
1,1363,Karnataka,"Shimoga IMS, Shimoga",RADIO DIAGNOSIS,AIQ,OBC,"?1,23,400","? 56,250",1,"?50,00,000",950,
1,1364,Goa,"Goa Med Coll, Panaji",RADIO DIAGNOSIS,AIQ,EWS,"?1,22,522","?80,000",1,"?50,00,000",1160,
1,1365,Maharashtra,"BJMC, Pune",OBG,AIQ,GEN,"?1,57,100","? 93,559",1,"? 5,000,000",1296,
1,1366,Uttar Pradesh,"JNMC (AMU), Aligarh",GENERAL MEDICINE,AMU,GEN,"?54,700","?1,14,975",0,? 0,1269,
1,1367,Delhi,"MAMC, Delhi",GENERAL SURGERY,DU,GEN,"?16,200","?1,32,336",1,"? 2,000,000",2800,
1,1369,Telangana,"ESIC Med Coll,Sanath Nagar",GENERAL MEDICINE,AIQ,OBC,"?2,50,000","? 130,653",2,"?10,00,000",690,
1,1371,Tamil Nadu,Chengalpattu Med Coll,GENERAL MEDICINE,AIQ,GEN,"?50,000","?54,025",2,"?40,00,000",700,
1,1372,Delhi,"ABVIMS (Dr RML Hosp), Delhi",PAEDIATRICS,AIQ,OBC,"? 51,000","? 136,008",1,"? 2,000,000",1626,
1,1373,Delhi,"VMMC, Delhi",PAEDIATRICS,AIQ,GEN,"?15,000","?1,20,965",1,"? 2,000,000",1550,
1,1374,Maharashtra,"Govt Med Coll, Nagpur",GENERAL MEDICINE,AIQ,OBC,"?1,57,100","? 93,559",1,"? 5,000,000",1866,
1,1375,Delhi,"Aakash HC SS Hospital, Dwarka",DNBRADIO DIAGNOSIS,DNB Post MBBS,GEN,"? 125,000","? 80,000",0,? 0,200,
1,1376,Andhra Pradesh,"Kurnool Med Coll, Kurnool",GENERAL MEDICINE,AIQ,EWS,"?30,000","? 60,823",0,?0,1150,
1,1377,Delhi,"VMMC, Delhi",GENERAL SURGERY,IP,GEN,"?15,000","?1,20,965",1,"? 2,000,000",1550,
1,1378,Haryana,"Artemis Health Inst, Gurgaon",DNBRADIO DIAGNOSIS,DNB Post MBBS,GEN,"? 125,000","? 56,000",0,? 0,520,
1,1379,West Bengal,"IPGMER, Kolkata",RADIO DIAGNOSIS,AIQ,OBC,"?12,000","? 61,634",3,"?30,00,000",2300,
1,1380,West Bengal,"IPGMER, Kolkata",DERMATOLOGY,AIQ,GEN,"?12,000","? 61,634",3,"?30,00,000",2300,
1,1381,Telangana,"Osmania Med Coll, Hyderabad",PAEDIATRICS,AIQ,GEN,"?15,000","? 67,032",1,"? 2,000,000",4800,
1,1382,Uttar Pradesh,"JNMC (AMU), Aligarh",GENERAL MEDICINE,AIQ,OBC,"?54,700","?1,14,975",0,? 0,1269,
1,1383,Rajasthan,"JLNMC, Ajmer",RADIO DIAGNOSIS,AIQ,OBC,"?14,093","?87,216",2,"? 15,000,000",1428,
1,1384,Himachal Pradesh,"IGMC, Shimla",GENERAL MEDICINE,AIQ,GEN,"?24,000","?40,000",2,"?40,00,000",1031,
1,1385,Delhi,"UCMS, Delhi",RADIO DIAGNOSIS,AIQ,SC,"?47,220","?1,32,336",1,"? 2,000,000",1000,
1,1387,Andhra Pradesh,"Guntur Med Coll, Guntur",GENERAL MEDICINE,AIQ,GEN,"?30,000","? 60,823",0,?0,1170,
1,1389,Uttar Pradesh,"KGMU, Lucknow",TRAUMATOLOGY AND SURGERY,AIQ,GEN,"?54,700","? 126,725",2,"?40,00,000",4500,
1,1390,Maharashtra,"Breach Candy Hospital, Mumbai",DNBRADIO DIAGNOSIS,DNB Post MBBS,GEN,"? 125,000","?89,489",0,? 0,213,
1,1391,Maharashtra,"Topiwala, Mumbai",GENERAL SURGERY,AIQ,GEN,"?1,57,100","? 93,559",1,"? 5,000,000",1300,
1,1392,Telangana,"Gandhi Med Coll, Secunderabad",DERMATOLOGY,AIQ,GEN,"?15,000","? 67,032",1,"? 2,000,000",1200,
1,1394,Delhi,"Rajiv Gandhi Cancer Inst,Delhi",DNBRADIO DIAGNOSIS,DNB Post MBBS,GEN,"? 125,000","? 73,000",0,? 0,498,
1,1396,Uttar Pradesh,"IMS(BHU), Varanasi",GENERAL MEDICINE,BHU,GEN,"?48,226","?1,12,054",0,? 0,2424,
1,1397,Tamil Nadu,"Madras Med Coll, Chennai",DERMATOLOGY,AIQ,OBC,"?50,000","?54,025",2,"?40,00,000",7285,
1,1398,Maharashtra,"Seth GS, Mumbai",GENERAL MEDICINE,AIQ,SC,"?1,57,100","? 93,559",1,"? 5,000,000",2250,
1,1399,Delhi,"Lady Hardinge, Delhi",GENERAL MEDICINE,DU,OBC,"?16,200","?1,26,927",1,"? 2,000,000",877,
1,1400,Maharashtra,"BJMC, Pune",DERMATOLOGY,AIQ,OBC,"?1,57,100","? 93,559",1,"? 5,000,000",1296,
1,1402,Tamil Nadu,"Stanley Med Coll, Chennai",GENERAL MEDICINE,AIQ,EWS,"?50,000","?54,025",2,"?40,00,000",1661,
1,1403,Maharashtra,"PD Hinduja, Mumbai",DNBNUCLEAR MEDICINE,DNB Post MBBS,GEN,"? 125,000","? 89,700",0,? 0,400,
1,1404,Karnataka,"Manipal Hosp, Rustum Bagh, BLR",DNBRADIO DIAGNOSIS,DNB Post MBBS,GEN,"? 125,000","? 56,250",0,? 0,600,
1,1405,Maharashtra,"GovtMedColl,ChhatrapatiSambhajiNgr",PAEDIATRICS,AIQ,GEN,"?1,57,100","? 93,559",1,"? 5,000,000",1177,
1,1406,Karnataka,"Manipal Hosp, Rustum Bagh, BLR",DNBRADIO DIAGNOSIS,DNB Post MBBS,GEN,"? 125,000","? 56,250",0,? 0,600,
1,1407,Rajasthan,"SNMC, Jodhpur",GENERAL MEDICINE,AIQ,OBC,"?14,093","?87,216",2,"? 15,000,000",3101,
1,1409,Karnataka,"NarayanaHrudyalaya,Bommasandra",DNBRADIO DIAGNOSIS,DNB Post MBBS,GEN,"? 125,000","? 56,250",0,? 0,2000,
1,1411,Maharashtra,"Govt Med Coll, Nagpur",GENERAL MEDICINE,AIQ,OBC,"?1,57,100","? 93,559",1,"? 5,000,000",1866,
1,1412,Telangana,"Osmania Med Coll, Hyderabad",DERMATOLOGY,AIQ,OBC,"?15,000","? 67,032",1,"? 2,000,000",4800,
1,1413,Karnataka,"NarayanaHrudyalaya,Bommasandra",DNBRADIO DIAGNOSIS,DNB Post MBBS,GEN,"? 125,000","? 56,250",0,? 0,2000,
1,1414,Karnataka,"Mysore Med Coll, Mysore",PAEDIATRICS,AIQ,GEN,"?1,23,400","? 56,250",1,"?50,00,000",1050,
1,1415,Maharashtra,"Seth GS, Mumbai",GENERAL SURGERY,AIQ,OBC,"?1,57,100","? 93,559",1,"? 5,000,000",2250,
1,1416,Maharashtra,"Holy Spirit Hospital, Mumbai",DNBRADIO DIAGNOSIS,DNB Post MBBS,GEN,"? 125,000","? 86,630",0,? 0,300,
1,1417,Rajasthan,"SMS, Jaipur",OBG,AIQ,GEN,"?14,093","?87,216",2,"? 15,000,000",5702,
1,1418,Telangana,"Osmania Med Coll, Hyderabad",OBG,AIQ,GEN,"?15,000","? 67,032",1,"? 2,000,000",4800,
1,1419,Kerala,"Lisie Medical Inst, Kochi",DNBRADIO DIAGNOSIS,DNB Post MBBS,GEN,"? 125,000","? 57,876",0,? 0,750,
1,1420,Gujarat,"Govt Med Coll, Bhavnagar",GENERAL MEDICINE,AIQ,GEN,"?30,000","? 100,800",1,"?40,00,000",720,
1,1421,Odisha,"VIMSAR, Burla",GENERAL MEDICINE,AIQ,GEN,"?35,000","? 73,042",2,"?55,09,464",1071,
1,1422,Maharashtra,"Grant Med Coll, Mumbai",GENERAL SURGERY,AIQ,OBC,"?1,57,100","? 93,559",1,"? 5,000,000",2844,
1,1423,Tamil Nadu,"Madurai Med Coll, Madurai",DERMATOLOGY,AIQ,OBC,"?50,000","?54,025",2,"?40,00,000",3518,
1,1424,Tamil Nadu,"Apollo Hosp, Greams Rd,Chennai",DNBRADIO DIAGNOSIS,DNB Post MBBS,GEN,"? 125,000","? 48,000",0,? 0,745,
1,1425,West Bengal,"College of Med & SDH, Kolkata",GENERAL MEDICINE,AIQ,GEN,"?12,000","? 61,634",3,"?30,00,000",500,
1,1426,Karnataka,"IGICH, Bangalore",PAEDIATRICS,AIQ,GEN,"?1,23,400","? 56,250",1,"?50,00,000",500,
1,1427,Uttar Pradesh,"MLN Med Coll, Allahabad",GENERAL MEDICINE,AIQ,GEN,"?24,000","?1,10,646",2,"?40,00,000",Info Not Available,
1,1428,Maharashtra,"MGIMS, Wardha",DERMATOLOGY,AIQ,GEN,"?1,57,100","? 93,559",1,"? 5,000,000",1000,
1,1429,Maharashtra,"Seth GS, Mumbai",PAEDIATRICS,AIQ,GEN,"?1,57,100","? 93,559",1,"? 5,000,000",2250,
1,1430,Gujarat,"BJMC, Ahmedabad",GENERAL SURGERY,AIQ,GEN,"?30,000","? 100,800",1,"?40,00,000",1557,
1,1431,Rajasthan,"RNT, Udaipur",GENERAL MEDICINE,AIQ,OBC,"?14,093","?87,216",2,"? 15,000,000",2206,
1,1432,Rajasthan,"JLNMC, Ajmer",DERMATOLOGY,AIQ,GEN,"?14,093","?87,216",2,"? 15,000,000",1428,
1,1433,Andhra Pradesh,"Govt Med Coll, Ananthapuram",RADIO DIAGNOSIS,AIQ,OBC,"?30,000","? 60,823",0,?0,500,
1,1434,Tamil Nadu,"Madras Med Coll, Chennai",OBG,AIQ,GEN,"?50,000","?54,025",2,"?40,00,000",7285,
1,1435,Andhra Pradesh,"SV Med Coll, Tirupati",GENERAL MEDICINE,AIQ,GEN,"?30,000","? 60,823",0,?0,940,
1,1437,Delhi,"Max SS Hosp, Saket, Delhi",DNBGENERAL MEDICINE,DNB Post MBBS,GEN,"? 125,000","? 60,000",0,? 0,539,
1,1438,Delhi,"UCMS, Delhi",PAEDIATRICS,AIQ,GEN,"?47,220","?1,32,336",1,"? 2,000,000",1000,
1,1439,Tamil Nadu,"Stanley Med Coll, Chennai",GENERAL SURGERY,AIQ,GEN,"?50,000","?54,025",2,"?40,00,000",1661,
1,1440,Uttar Pradesh,"KGMU, Lucknow",GENERAL SURGERY,AIQ,GEN,"?54,700","? 126,725",2,"?40,00,000",4500,
1,1441,Kerala,"Govt Med Coll, Kozhikode",PAEDIATRICS,AIQ,OBC,"?69,470","? 57,876",1,"?50,00,000",3025,
1,1442,Delhi,"MAMC, Delhi",GENERAL MEDICINE,AIQ,SC,"?16,200","?1,32,336",1,"? 2,000,000",2800,
1,1443,Maharashtra,"Seth GS, Mumbai",OPHTHALMOLOGY,AIQ,GEN,"?1,57,100","? 93,559",1,"? 5,000,000",2250,
1,1444,Maharashtra,"MGIMS, Wardha",GENERAL MEDICINE,AIQ,GEN,"?1,57,100","? 93,559",1,"? 5,000,000",1000,
1,1445,Delhi,"Sir Ganga Ram Hospital, Delhi",DNBPLASTIC SURGERY 6 YRS,DNB Post MBBS,GEN,"? 125,000","? 92,000",0,? 0,737,
1,1446,Andhra Pradesh,"Andhra Med Coll, Vizag",GENERAL MEDICINE,AIQ,OBC,"?30,000","? 60,823",0,?0,1030,
1,1447,Tamil Nadu,Tirunelveli Med Coll,DERMATOLOGY,AIQ,GEN,"?50,000","?54,025",2,"?40,00,000",1737,
1,1448,Maharashtra,"Pimpri Chinchwad, Pimpri",DERMATOLOGY,AIQ,OBC,"?1,57,100","? 93,559",1,"? 5,000,000",750,
1,1449,Rajasthan,"JLNMC, Ajmer",GENERAL MEDICINE,AIQ,GEN,"?14,093","?87,216",2,"? 15,000,000",1428,
1,1450,Haryana,"Fortis Memorial RI, Gurgaon",DNBNUCLEAR MEDICINE,DNB Post MBBS,GEN,"? 125,000","? 57,000",0,? 0,300,
1,1451,Punjab,"Govt Med Coll, Amritsar",GENERAL MEDICINE,AIQ,GEN,"?1,25,000","?76,000",2,"?20,00,000",951,
1,1452,Karnataka,"Manipal Hosp, Rustum Bagh, BLR",DNBRADIO DIAGNOSIS,DNB Post MBBS,GEN,"? 125,000","? 56,250",0,? 0,600,
1,1453,Rajasthan,"RNT, Udaipur",GENERAL MEDICINE,AIQ,EWS,"?14,093","?87,216",2,"? 15,000,000",2206,
1,1454,Uttar Pradesh,"MLN Med Coll, Allahabad",GENERAL MEDICINE,AIQ,GEN,"?24,000","?1,10,646",2,"?40,00,000",Info Not Available,
1,1455,Delhi,"MahajanImaging&Lab,Delhi(Joint)",DNBRADIO DIAGNOSIS,DNB Post MBBS,GEN,"? 125,000","? 80,000",0,? 0,0,
1,1456,Uttar Pradesh,"SN Med Coll, Agra",RADIO DIAGNOSIS,AIQ,OBC,"?24,000","?1,10,646",2,"?40,00,000",976,
1,1457,Maharashtra,"Ruby Hall Clinic, Pune",DNBRADIO DIAGNOSIS,DNB Post MBBS,GEN,"? 125,000","? 89,698",0,? 0,600,
1,1458,Kerala,"Govt Med Coll, Kozhikode",TBRD,AIQ,GEN,"?69,470","? 57,876",1,"?50,00,000",3025,
1,1459,Maharashtra,"Dr B Nanavati Hosp, Mumbai",DNBRADIO DIAGNOSIS,DNB Post MBBS,GEN,"? 125,000","? 86,630",0,? 0,348,
1,1460,Tamil Nadu,Thanjavur Med Coll,GENERAL MEDICINE,AIQ,OBC,"?50,000","?54,025",2,"?40,00,000",1466,
1,1461,Karnataka,"Kasturba Med Coll, Manipal",GENERAL MEDICINE,MNG,GEN,"?27,92,000","? 56,250",0,? 0,2032,
1,1464,Delhi,"Lady Hardinge, Delhi",GENERAL SURGERY,DU,GEN,"?16,200","?1,26,927",1,"? 2,000,000",877,
1,1465,Odisha,"SCB, Cuttack",ORTHOPAEDICS,AIQ,GEN,"?35,000","? 73,042",2,"?55,09,464",2106,
1,1466,Madhya Pradesh,"MGM Med Coll, Indore",DERMATOLOGY,AIQ,EWS,"?1,01,500","? 75,444",1,"?10,00,000",1300,
1,1467,Delhi,"MAMC, Delhi",ORTHOPAEDICS,AIQ,OBC,"?16,200","?1,32,336",1,"? 2,000,000",2800,
1,1468,Tamil Nadu,"Apollo Hosp, Greams Rd,Chennai",DNBRADIO DIAGNOSIS,DNB Post MBBS,GEN,"? 125,000","? 48,000",0,? 0,745,
1,1469,Maharashtra,"Govt Med Coll, Nanded",GENERAL MEDICINE,AIQ,GEN,"?1,57,100","? 93,559",1,"? 5,000,000",750,
1,1470,Maharashtra,"Jupiter Hospital, Thane",DNBRADIO DIAGNOSIS,DNB Post MBBS,GEN,"? 125,000","?92,470",0,? 0,350,
1,1471,Rajasthan,"Govt Med Coll, Kota",RADIO DIAGNOSIS,AIQ,EWS,"?14,093","?87,216",2,"? 15,000,000",2581,
1,1472,Maharashtra,"Seth GS, Mumbai",GENERAL MEDICINE,AIQ,SC,"?1,57,100","? 93,559",1,"? 5,000,000",2250,
1,1473,Andhra Pradesh,"Guntur Med Coll, Guntur",GENERAL MEDICINE,AIQ,OBC,"?30,000","? 60,823",0,?0,1170,
1,1474,Telangana,"Gandhi Med Coll, Secunderabad",DERMATOLOGY,AIQ,GEN,"?15,000","? 67,032",1,"? 2,000,000",1200,
1,1475,Telangana,"Kakatiya Med Coll, Warangal",GENERAL MEDICINE,AIQ,OBC,"?15,000","? 67,032",1,"? 2,000,000",1150,
1,1476,Maharashtra,"Govt Med Coll, Nagpur",GENERAL MEDICINE,AIQ,OBC,"?1,57,100","? 93,559",1,"? 5,000,000",1866,
1,1478,Maharashtra,"Topiwala, Mumbai",PAEDIATRICS,AIQ,GEN,"?1,57,100","? 93,559",1,"? 5,000,000",1300,
1,1479,West Bengal,"College of Med & SDH, Kolkata",GENERAL MEDICINE,AIQ,GEN,"?12,000","? 61,634",3,"?30,00,000",500,
1,1480,Delhi,"Lady Hardinge, Delhi",GENERAL SURGERY,AIQ,OBC,"?16,200","?1,26,927",1,"? 2,000,000",877,
1,1482,Jammu and Kashmir,"Sher-I-Kashmir, Srinagar",OBG,AIQ,GEN,"?11,000","? 80,000",0,?0,1200,
1,1483,Maharashtra,"Ruby Hall Clinic, Pune",DNBRADIO DIAGNOSIS,DNB Post MBBS,GEN,"? 125,000","? 89,698",0,? 0,600,
1,1484,Madhya Pradesh,"MGM Med Coll, Indore",RADIO DIAGNOSIS,AIQ,OBC,"?1,01,500","? 75,444",1,"?10,00,000",1300,
1,1485,Kerala,"Lisie Medical Inst, Kochi",DNBRADIO DIAGNOSIS,DNB Post MBBS,GEN,"? 125,000","? 57,876",0,? 0,750,
1,1486,Delhi,"Lady Hardinge, Delhi",GENERAL MEDICINE,DU,EWS,"?16,200","?1,26,927",1,"? 2,000,000",877,
1,1488,Bihar,"Patna Med Coll, Patna",GENERAL MEDICINE,AIQ,GEN,"?9,000","? 82,000",2,"?25,00,000",1748,
1,1489,Madhya Pradesh,"NSC Bose Med Coll, Jabalpur",GENERAL MEDICINE,AIQ,GEN,"?1,01,500","? 75,444",1,"?10,00,000",1150,
1,1490,Tamil Nadu,"Apollo Hosp, Greams Rd,Chennai",DNBRADIO DIAGNOSIS,DNB Post MBBS,GEN,"? 125,000","? 48,000",0,? 0,745,
1,1491,Andhra Pradesh,"Rangaraya Med Coll, Kakinada",GENERAL MEDICINE,AIQ,GEN,"?30,000","? 60,823",0,?0,1450,
1,1492,Kerala,"Medical College, Trivandrum",PAEDIATRICS,AIQ,GEN,"?69,470","? 57,876",1,"?50,00,000",2126,
1,1493,Uttar Pradesh,"JNMC (AMU), Aligarh",GENERAL MEDICINE,AIQ,OBC,"?54,700","?1,14,975",0,? 0,1269,
1,1494,Gujarat,"PDU Med Coll, Rajkot",RADIO DIAGNOSIS,AIQ,OBC,"?30,000","? 100,800",1,"?40,00,000",750,
1,1495,Telangana,"Osmania Med Coll, Hyderabad",DERMATOLOGY,AIQ,OBC,"?15,000","? 67,032",1,"? 2,000,000",4800,
1,1497,Odisha,"SCB, Cuttack",ORTHOPAEDICS,AIQ,GEN,"?35,000","? 73,042",2,"?55,09,464",2106,
1,1498,Kerala,"KIMS, Trivandrum",DNBRADIO DIAGNOSIS,DNB Post MBBS,GEN,"? 125,000","? 57,876",0,? 0,650,
1,1499,Karnataka,"Hassan IMS, Hassan",DERMATOLOGY,AIQ,GEN,"?1,23,400","? 56,250",1,"?50,00,000",Info Not Available,
1,1500,Delhi,"Aakash HC SS Hospital, Dwarka",DNBRADIO DIAGNOSIS,DNB Post MBBS,GEN,"? 125,000","? 80,000",0,? 0,200,
1,1501,Madhya Pradesh,"MGM Med Coll, Indore",GENERAL MEDICINE,AIQ,EWS,"?1,01,500","? 75,444",1,"?10,00,000",1300,
1,1502,Delhi,"UCMS, Delhi",PAEDIATRICS,AIQ,GEN,"?47,220","?1,32,336",1,"? 2,000,000",1000,
1,1503,Tamil Nadu,"Stanley Med Coll, Chennai",DERMATOLOGY,AIQ,OBC,"?50,000","?54,025",2,"?40,00,000",1661,
1,1504,Karnataka,"Mandya IMS, Mandya",GENERAL MEDICINE,AIQ,OBC,"?1,23,400","? 56,250",1,"?50,00,000",910,
1,1505,Kerala,"Govt Med Coll, Kozhikode",PAEDIATRICS,AIQ,OBC,"?69,470","? 57,876",1,"?50,00,000",3025,
1,1507,Goa,"Goa Med Coll, Panaji",DERMATOLOGY,AIQ,GEN,"?1,22,522","?80,000",1,"?50,00,000",1160,
1,1508,Odisha,"SCB, Cuttack",PAEDIATRICS,AIQ,GEN,"?35,000","? 73,042",2,"?55,09,464",2106,
1,1510,Delhi,"VMMC, Delhi",GENERAL MEDICINE,AIQ,SC,"?15,000","?1,20,965",1,"? 2,000,000",1550,
1,1511,Maharashtra,"Govt Med Coll, Nagpur",GENERAL MEDICINE,AIQ,SC,"?1,57,100","? 93,559",1,"? 5,000,000",1866,
1,1512,Delhi,"MAMC, Delhi",OPHTHALMOLOGY,AIQ,EWS,"?16,200","?1,32,336",1,"? 2,000,000",2800,
1,1513,Tamil Nadu,"Madras Med Coll, Chennai",DERMATOLOGY,AIQ,OBC,"?50,000","?54,025",2,"?40,00,000",7285,
1,1514,Delhi,"Dr B L Kapur Mem Hosp, Delhi",DNBRADIO DIAGNOSIS,DNB Post MBBS,GEN,"? 125,000","? 60,000",0,? 0,600,
1,1515,Delhi,"MAMC, Delhi",ENT,AIQ,GEN,"?16,200","?1,32,336",1,"? 2,000,000",2800,
1,1516,Himachal Pradesh,"RPG, Tanda",DERMATOLOGY,AIQ,GEN,"?24,000","?40,000",2,"?40,00,000",828,
1,1517,Uttar Pradesh,"JNMC (AMU), Aligarh",RADIO DIAGNOSIS,AMU,GEN,"?54,700","?1,14,975",0,? 0,1269,
1,1518,Maharashtra,"Jupiter Hospital, Thane",DNBRADIO DIAGNOSIS,DNB Post MBBS,GEN,"? 125,000","?92,470",0,? 0,350,
1,1519,Karnataka,"IGICH, Bangalore",PAEDIATRICS,AIQ,GEN,"?1,23,400","? 56,250",1,"?50,00,000",500,
1,1520,Delhi,"VMMC, Delhi",GENERAL MEDICINE,AIQ,SC,"?15,000","?1,20,965",1,"? 2,000,000",1550,
1,1521,Rajasthan,"JLNMC, Ajmer",GENERAL MEDICINE,AIQ,GEN,"?14,093","?87,216",2,"? 15,000,000",1428,
1,1522,Kerala,"Govt Med Coll, Kozhikode",GENERAL MEDICINE,AIQ,EWS,"?69,470","? 57,876",1,"?50,00,000",3025,
1,1523,Jammu and Kashmir,"Govt Med Coll, Srinagar",RADIO DIAGNOSIS,AIQ,EWS,"?32,500","? 63,240",0,?0,3120,
1,1524,Rajasthan,"Santokbha Durlabhji Mem,Jaipur",DNBRADIO DIAGNOSIS,DNB Post MBBS,GEN,"? 125,000","? 82,800",0,? 0,525,
1,1527,Maharashtra,"Lokmanya Tilak, Sion, Mumbai",PAEDIATRICS,AIQ,GEN,"?1,57,100","? 93,559",1,"? 5,000,000",1462,
1,1529,Andhra Pradesh,"Kurnool Med Coll, Kurnool",GENERAL MEDICINE,AIQ,OBC,"?30,000","? 60,823",0,?0,1150,
1,1530,Tamil Nadu,Govt Vellore Med Coll,DERMATOLOGY,AIQ,GEN,"?50,000","?54,025",2,"?40,00,000",2858,
1,1531,Odisha,"SCB, Cuttack",GENERAL MEDICINE,AIQ,OBC,"?35,000","? 73,042",2,"?55,09,464",2106,
1,1532,Tamil Nadu,"Madras Med Coll, Chennai",PAEDIATRICS,AIQ,OBC,"?50,000","?54,025",2,"?40,00,000",7285,
1,1533,Tamil Nadu,"KAPV Med Coll, Trichy",GENERAL MEDICINE,AIQ,GEN,"?50,000","?54,025",2,"?40,00,000",2500,
1,1534,Chandigarh,"GMC, Chandigarh",PSYCHIATRY,AIQ,GEN,"?34,500","?1,09,926",0,? 0,967,
1,1535,Telangana,"NIMS Hospital, Hyderabad",DNBNUCLEAR MEDICINE,DNB Post MBBS,GEN,"? 125,000","? 114,945",1,"? 2,000,000",1500,
1,1536,Delhi,"Lady Hardinge, Delhi",PAEDIATRICS,DU,GEN,"?16,200","?1,26,927",1,"? 2,000,000",877,
1,1537,Gujarat,"BJMC, Ahmedabad",PAEDIATRICS,AIQ,GEN,"?30,000","? 100,800",1,"?40,00,000",1557,
1,1538,Maharashtra,"MGIMS, Wardha",RADIO DIAGNOSIS,AIQ,EWS,"?1,57,100","? 93,559",1,"? 5,000,000",1000,
1,1539,Delhi,"UCMS, Delhi",PAEDIATRICS,AIQ,GEN,"?47,220","?1,32,336",1,"? 2,000,000",1000,
1,1540,Maharashtra,"Govt Med Coll, Nanded",DERMATOLOGY,AIQ,GEN,"?1,57,100","? 93,559",1,"? 5,000,000",750,
1,1541,Delhi,"MAMC, Delhi",OBG,DU,GEN,"?16,200","?1,32,336",1,"? 2,000,000",2800,
1,1542,Rajasthan,"SP Med Coll, Bikaner",GENERAL MEDICINE,AIQ,OBC,"?14,093","?87,216",2,"? 15,000,000",1570,
1,1543,Tamil Nadu,"Madras Med Coll, Chennai",GENERAL SURGERY,AIQ,GEN,"?50,000","?54,025",2,"?40,00,000",7285,
1,1545,West Bengal,"IPGMER, Kolkata",GENERAL SURGERY,AIQ,GEN,"?12,000","? 61,634",3,"?30,00,000",2300,
1,1546,Karnataka,"Mysore Med Coll, Mysore",DERMATOLOGY,AIQ,OBC,"?1,23,400","? 56,250",1,"?50,00,000",1050,
1,1547,Manipur,"RIMS, Imphal",GENERAL MEDICINE,AIQ,OBC,"?5,000","? 109,926",1,"?20,00,000",1074,
1,1548,Maharashtra,"Govt Med Coll, Latur",GENERAL MEDICINE,AIQ,GEN,"?1,57,100","? 93,559",1,"? 5,000,000",750,
1,1549,Andhra Pradesh,"SVIMS, Tirupati",NUCLEAR MEDICINE,AIQ,OBC,"?1,75,000","? 96,951",1,"?40,00,000",1257,
1,1550,West Bengal,"IPGMER, Kolkata",ORTHOPAEDICS,AIQ,GEN,"?12,000","? 61,634",3,"?30,00,000",2300,
1,1551,Karnataka,"Manipal Hosp, Rustum Bagh, BLR",DNBRADIO DIAGNOSIS,DNB Post MBBS,GEN,"? 125,000","? 56,250",0,? 0,600,
1,1552,Rajasthan,"Santokbha Durlabhji Mem,Jaipur",DNBGENERAL MEDICINE,DNB Post MBBS,GEN,"? 125,000","? 82,800",0,? 0,525,
1,1553,Maharashtra,"Jaslok Hospital, Mumbai",DNBGENERAL MEDICINE,DNB Post MBBS,GEN,"? 125,000","?86,629",0,? 0,361,
1,1554,Uttar Pradesh,"MLN Med Coll, Allahabad",GENERAL MEDICINE,AIQ,GEN,"?24,000","?1,10,646",2,"?40,00,000",Info Not Available,
1,1555,Karnataka,"Shimoga IMS, Shimoga",GENERAL MEDICINE,AIQ,EWS,"?1,23,400","? 56,250",1,"?50,00,000",950,
1,1556,West Bengal,"RG Kar Med Coll, Kolkata",DERMATOLOGY,AIQ,GEN,"?12,000","? 61,634",3,"?30,00,000",1663,
1,1557,Haryana,"Paras Hospital, Gurgaon",DNBRADIO DIAGNOSIS,DNB Post MBBS,GEN,"? 125,000","? 60,000",0,? 0,250,
1,1558,Maharashtra,"Jaslok Hospital, Mumbai",DNBGENERAL MEDICINE,DNB Post MBBS,GEN,"? 125,000","?86,629",0,? 0,361,
1,1559,Kerala,"KIMS, Trivandrum",DNBRADIO DIAGNOSIS,DNB Post MBBS,GEN,"? 125,000","? 57,876",0,? 0,650,
1,1560,Chandigarh,"GMC, Chandigarh",PAEDIATRICS,AIQ,OBC,"?34,500","?1,09,926",0,? 0,967,
1,1561,Telangana,"Osmania Med Coll, Hyderabad",GENERAL SURGERY,AIQ,GEN,"?15,000","? 67,032",1,"? 2,000,000",4800,
1,1562,Kerala,"Lakeshore Hospital, Kochi",DNBRADIO DIAGNOSIS,DNB Post MBBS,GEN,"? 125,000","? 57,876",0,? 0,470,
1,1563,Karnataka,"Bangalore Baptist, Bangalore",DNBRADIO DIAGNOSIS,DNB Post MBBS,GEN,"? 125,000","? 56,250",0,? 0,450,
1,1564,Karnataka,"Bangalore Med Coll, Bangalore",GENERAL MEDICINE,AIQ,SC,"?1,23,400","? 56,250",1,"?50,00,000",1993,
1,1565,Maharashtra,"Topiwala, Mumbai",GENERAL SURGERY,AIQ,GEN,"?1,57,100","? 93,559",1,"? 5,000,000",1300,
1,1567,Gujarat,"BJMC, Ahmedabad",GENERAL SURGERY,AIQ,GEN,"?30,000","? 100,800",1,"?40,00,000",1557,
1,1568,Karnataka,"Kasturba Med Coll, Manipal",RADIO DIAGNOSIS,MNG,GEN,"?33,98,000","? 56,250",0,? 0,2032,
1,1569,Maharashtra,"BJMC, Pune",GENERAL MEDICINE,AIQ,EWS,"?1,57,100","? 93,559",1,"? 5,000,000",1296,
1,1570,Kerala,"Medical College, Trivandrum",PAEDIATRICS,AIQ,OBC,"?69,470","? 57,876",1,"?50,00,000",2126,
1,1571,Maharashtra,"Jupiter Hospital, Thane",DNBRADIO DIAGNOSIS,DNB Post MBBS,GEN,"? 125,000","?92,470",0,? 0,350,
1,1572,Maharashtra,"Dr B Nanavati Hosp, Mumbai",DNBRADIO DIAGNOSIS,DNB Post MBBS,GEN,"? 125,000","? 86,630",0,? 0,348,
1,1574,Maharashtra,"Lokmanya Tilak, Sion, Mumbai",PAEDIATRICS,AIQ,GEN,"?1,57,100","? 93,559",1,"? 5,000,000",1462,
1,1575,Tamil Nadu,Chengalpattu Med Coll,GENERAL MEDICINE,AIQ,GEN,"?50,000","?54,025",2,"?40,00,000",700,
1,1576,Maharashtra,"Fortis Hosp, Mulund, Mumbai",DNBRADIO DIAGNOSIS,DNB Post MBBS,GEN,"? 125,000","? 86,750",0,? 0,440,
1,1577,Tamil Nadu,"Govt. Mohan Kumaramangalam, Salem",GENERAL MEDICINE,AIQ,GEN,"?50,000","?54,025",2,"?40,00,000",1642,
1,1578,Maharashtra,"SethVCGandhi Mun Gen Hos,Mumbai",DNBDERMATOLOGY,DNB Post MBBS,GEN,"? 125,000","? 80,757",0,?0,596,
1,1579,Delhi,"Lady Hardinge, Delhi",PAEDIATRICS,DU,GEN,"?16,200","?1,26,927",1,"? 2,000,000",877,
1,1580,Tamil Nadu,"Madurai Med Coll, Madurai",OBG,AIQ,GEN,"?50,000","?54,025",2,"?40,00,000",3518,
1,1581,Uttar Pradesh,"MLN Med Coll, Allahabad",GENERAL MEDICINE,AIQ,GEN,"?24,000","?1,10,646",2,"?40,00,000",Info Not Available,
1,1582,Jammu and Kashmir,"Govt Med Coll, Srinagar",OBG,AIQ,GEN,"?32,500","? 63,240",0,?0,3120,
1,1583,Punjab,"Govt Med Coll, Patiala",RADIO DIAGNOSIS,AIQ,OBC,"?1,25,000","?76,000",2,"?20,00,000",1130,
1,1584,Telangana,"Gandhi Med Coll, Secunderabad",OBG,AIQ,GEN,"?15,000","? 67,032",1,"? 2,000,000",1200,
1,1585,Delhi,"Lady Hardinge, Delhi",PSYCHIATRY,AIQ,GEN,"?16,200","?1,26,927",1,"? 2,000,000",877,
1,1586,Delhi,"Lady Hardinge, Delhi",DERMATOLOGY,DU,GEN,"?16,200","?1,26,927",1,"? 2,000,000",877,
1,1587,Rajasthan,"Santokbha Durlabhji Mem,Jaipur",DNBRADIO DIAGNOSIS,DNB Post MBBS,GEN,"? 125,000","? 82,800",0,? 0,525,
1,1588,Chandigarh,"GMC, Chandigarh",OBG,AIQ,GEN,"?34,500","?1,09,926",0,? 0,967,
1,1589,Maharashtra,"Dr B Nanavati Hosp, Mumbai",DNBRADIO DIAGNOSIS,DNB Post MBBS,GEN,"? 125,000","? 86,630",0,? 0,348,
1,1590,Andhra Pradesh,"Kurnool Med Coll, Kurnool",GENERAL MEDICINE,AIQ,OBC,"?30,000","? 60,823",0,?0,1150,
1,1591,Tamil Nadu,Chengalpattu Med Coll,GENERAL MEDICINE,AIQ,OBC,"?50,000","?54,025",2,"?40,00,000",700,
1,1592,Maharashtra,"MPGIMER, Nashik",GENERAL MEDICINE,AIQ,GEN,"?1,57,100","? 93,559",1,"? 5,000,000",560,
1,1593,Maharashtra,"Grant Med Coll, Mumbai",RADIO DIAGNOSIS,AIQ,SC,"?1,57,100","? 93,559",1,"? 5,000,000",2844,
1,1594,Bihar,"Patna Med Coll, Patna",GENERAL MEDICINE,AIQ,OBC,"?9,000","? 82,000",2,"?25,00,000",1748,
1,1595,Andhra Pradesh,"Govt Siddhartha, Vijaywada",GENERAL MEDICINE,AIQ,GEN,"?30,000","? 60,823",0,?0,707,
1,1596,West Bengal,Calcutta National Med Coll,DERMATOLOGY,AIQ,OBC,"?12,000","? 61,634",3,"?30,00,000",1470,
1,1597,Maharashtra,"Seth GS, Mumbai",PAEDIATRICS,AIQ,GEN,"?1,57,100","? 93,559",1,"? 5,000,000",2250,
1,1599,Gujarat,"Medical College, Baroda",OBG,AIQ,GEN,"?30,000","? 100,800",1,"?40,00,000",1250,
1,1600,Telangana,"ESIC Med Coll,Sanath Nagar",DERMATOLOGY,AIQ,GEN,"?2,50,000","? 130,653",2,"?10,00,000",690,
1,1601,Karnataka,"Bangalore Med Coll, Bangalore",OBG,AIQ,GEN,"?1,23,400","? 56,250",1,"?50,00,000",1993,
1,1602,Karnataka,"NarayanaHrudyalaya,Bommasandra",DNBRADIO DIAGNOSIS,DNB Post MBBS,GEN,"? 125,000","? 56,250",0,? 0,2000,
1,1603,Tamil Nadu,Tirunelveli Med Coll,DERMATOLOGY,AIQ,OBC,"?50,000","?54,025",2,"?40,00,000",1737,
1,1604,Uttar Pradesh,"GSVM Med Coll, Kanpur",RADIO DIAGNOSIS,AIQ,OBC,"?24,000","?1,10,646",2,"?40,00,000",2083,
1,1605,Tamil Nadu,"Arvind Eye Hosp, Coimbatore",DNBOPHTHALMOLOGY,DNB Post MBBS,GEN,"? 125,000","? 48,000",0,? 0,450,
1,1606,Karnataka,"Bangalore Med Coll, Bangalore",DERMATOLOGY,AIQ,EWS,"?1,23,400","? 56,250",1,"?50,00,000",1993,
1,1607,Tamil Nadu,Govt Vellore Med Coll,GENERAL MEDICINE,AIQ,GEN,"?50,000","?54,025",2,"?40,00,000",2858,
1,1608,Delhi,"Dr B L Kapur Mem Hosp, Delhi",DNBRADIO DIAGNOSIS,DNB Post MBBS,GEN,"? 125,000","? 60,000",0,? 0,600,
1,1609,Andhra Pradesh,"Guntur Med Coll, Guntur",DERMATOLOGY,AIQ,GEN,"?30,000","? 60,823",0,?0,1170,
1,1610,Telangana,"Gandhi Med Coll, Secunderabad",GENERAL SURGERY,AIQ,GEN,"?15,000","? 67,032",1,"? 2,000,000",1200,
1,1611,Tamil Nadu,"Madurai Med Coll, Madurai",GENERAL SURGERY,AIQ,GEN,"?50,000","?54,025",2,"?40,00,000",3518,
1,1612,Maharashtra,"Govt Med Coll, Jalgaon",GENERAL MEDICINE,AIQ,GEN,"?1,57,100","? 93,559",1,"? 5,000,000",441,
1,1613,Madhya Pradesh,"NSC Bose Med Coll, Jabalpur",GENERAL MEDICINE,AIQ,GEN,"?1,01,500","? 75,444",1,"?10,00,000",1150,
1,1614,Madhya Pradesh,"Gandhi Med Coll, Bhopal",GENERAL MEDICINE,AIQ,EWS,"?1,01,500","? 75,444",1,"?10,00,000",1135,
1,1616,Uttar Pradesh,"JNMC (AMU), Aligarh",DERMATOLOGY,AIQ,OBC,"?54,700","?1,14,975",0,? 0,1269,
1,1617,Assam,"Assam Med Coll, Dibrugarh",RADIO DIAGNOSIS,AIQ,GEN,"?27,300","?55,200",2,"?20,00,000",1365,
1,1618,Telangana,"ESIC Med Coll,Sanath Nagar",RADIO DIAGNOSIS,AIQ,SC,"?2,50,000","? 130,653",2,"?10,00,000",690,
1,1619,Kerala,"Govt Med Coll, Kottayam",PAEDIATRICS,AIQ,GEN,"?69,470","? 57,876",1,"?50,00,000",2094,
1,1622,Uttar Pradesh,"Shaik-ul-Hind, Saharanpur",DERMATOLOGY,AIQ,GEN,"?24,000","?1,10,646",2,"?40,00,000",500,
1,1623,Delhi,"Holy Family Hospital, Delhi",DNBGENERAL MEDICINE,DNB Post MBBS,GEN,"? 125,000","? 82,150",0,? 0,345,
1,1624,Uttar Pradesh,"Max Super Spec Hospital, Noida",DNBRADIO DIAGNOSIS,DNB Post MBBS,GEN,"? 125,000","? 60,000",0,? 0,504,
1,1625,Gujarat,"BJMC, Ahmedabad",GENERAL MEDICINE,AIQ,OBC,"?30,000","? 100,800",1,"?40,00,000",1557,
1,1626,West Bengal,Burdwan Medical College,GENERAL MEDICINE,AIQ,GEN,"?12,000","? 61,634",3,"?30,00,000",1099,
1,1627,Telangana,"Kakatiya Med Coll, Warangal",GENERAL MEDICINE,AIQ,EWS,"?15,000","? 67,032",1,"? 2,000,000",1150,
1,1629,Maharashtra,"Deenanath Mangeshkar, Pune",DNBGENERAL MEDICINE,DNB Post MBBS,GEN,"? 125,000","? 89,698",0,? 0,876,
1,1631,Maharashtra,"Govt Med Coll, Latur",RADIO DIAGNOSIS,AIQ,OBC,"?1,57,100","? 93,559",1,"? 5,000,000",750,
1,1632,Uttar Pradesh,"JNMC (AMU), Aligarh",RADIO DIAGNOSIS,AMU,GEN,"?54,700","?1,14,975",0,? 0,1269,
1,1634,Karnataka,"Shimoga IMS, Shimoga",GENERAL MEDICINE,AIQ,OBC,"?1,23,400","? 56,250",1,"?50,00,000",950,
1,1635,Maharashtra,"GovtMedColl,ChhatrapatiSambhajiNgr",DERMATOLOGY,AIQ,EWS,"?1,57,100","? 93,559",1,"? 5,000,000",1177,
1,1636,Karnataka,"Bangalore Med Coll, Bangalore",RADIO DIAGNOSIS,AIQ,SC,"?1,23,400","? 56,250",1,"?50,00,000",1993,
1,1637,Delhi,"Lady Hardinge, Delhi",RADIO DIAGNOSIS,DU,OBC,"?16,200","?1,26,927",1,"? 2,000,000",877,
1,1638,Telangana,"Kakatiya Med Coll, Warangal",GENERAL MEDICINE,AIQ,EWS,"?15,000","? 67,032",1,"? 2,000,000",1150,
1,1639,Delhi,"Lady Hardinge, Delhi",GENERAL SURGERY,DU,GEN,"?16,200","?1,26,927",1,"? 2,000,000",877,
1,1640,Maharashtra,"Deenanath Mangeshkar, Pune",DNBGENERAL MEDICINE,DNB Post MBBS,GEN,"? 125,000","? 89,698",0,? 0,876,
1,1641,Maharashtra,"Fortis Hosp, Mulund, Mumbai",DNBRADIO DIAGNOSIS,DNB Post MBBS,GEN,"? 125,000","? 86,750",0,? 0,440,
1,1642,Rajasthan,"SP Med Coll, Bikaner",GENERAL MEDICINE,AIQ,OBC,"?14,093","?87,216",2,"? 15,000,000",1570,
1,1643,Maharashtra,"Jehangir Hospital, Pune",DNBRADIO DIAGNOSIS,DNB Post MBBS,GEN,"? 125,000","?87,000",0,? 0,335,
1,1644,Delhi,"MAMC, Delhi",PAEDIATRICS,DU,GEN,"?16,200","?1,32,336",1,"? 2,000,000",2800,
1,1646,Punjab,"Govt Med Coll, Amritsar",GENERAL MEDICINE,AIQ,EWS,"?1,25,000","?76,000",2,"?20,00,000",951,
1,1647,Delhi,"ABVIMS (Dr RML Hosp), Delhi",ORTHOPAEDICS,AIQ,GEN,"? 51,000","? 136,008",1,"? 2,000,000",1626,
1,1648,Punjab,"Govt Med Coll, Patiala",OBG,AIQ,GEN,"?1,25,000","?76,000",2,"?20,00,000",1130,
1,1650,Tamil Nadu,Chengalpattu Med Coll,DERMATOLOGY,AIQ,GEN,"?50,000","?54,025",2,"?40,00,000",700,
1,1651,Rajasthan,"SMS, Jaipur",GENERAL SURGERY,AIQ,GEN,"?14,093","?87,216",2,"? 10,000,000",5702,
1,1652,Maharashtra,"Seth GS, Mumbai",PAEDIATRICS,AIQ,GEN,"?1,57,100","? 93,559",1,"? 5,000,000",2250,
1,1653,Delhi,"UCMS, Delhi",DERMATOLOGY,DU,GEN,"?47,220","?1,32,336",1,"? 2,000,000",1000,
1,1655,Maharashtra,"GovtMedColl,ChhatrapatiSambhajiNgr",GENERAL MEDICINE,AIQ,EWS,"?1,57,100","? 93,559",1,"? 5,000,000",1177,
1,1656,Chandigarh,"GMC, Chandigarh",OPHTHALMOLOGY,AIQ,GEN,"?34,500","?1,09,926",0,? 0,967,
1,1658,Uttar Pradesh,"KGMU, Lucknow",GENERAL MEDICINE,AIQ,OBC,"?54,700","? 126,725",2,"?40,00,000",4500,
1,1659,Delhi,"Lady Hardinge, Delhi",GENERAL SURGERY,DU,GEN,"?16,200","?1,26,927",1,"? 2,000,000",877,
1,1660,Maharashtra,"Saifee Hospital, Mumbai",DNBRADIO DIAGNOSIS,DNB Post MBBS,GEN,"? 125,000","? 89,700",0,? 0,257,
1,1661,Maharashtra,"Grant Med Coll, Mumbai",GENERAL SURGERY,AIQ,OBC,"?1,57,100","? 93,559",1,"? 5,000,000",2844,
1,1662,Telangana,"Kakatiya Med Coll, Warangal",GENERAL MEDICINE,AIQ,OBC,"?15,000","? 67,032",1,"? 2,000,000",1150,
1,1663,Rajasthan,"SMS, Jaipur",GENERAL SURGERY,AIQ,GEN,"?14,093","?87,216",2,"? 10,000,000",5702,
1,1664,Rajasthan,"SMS, Jaipur",ORTHOPAEDICS,AIQ,GEN,"?14,093","?87,216",2,"? 10,000,000",5702,
1,1665,Telangana,"ESIC Med Coll,Sanath Nagar",DERMATOLOGY,AIQ,OBC,"?2,50,000","? 130,653",2,"?10,00,000",690,
1,1666,Gujarat,"BJMC, Ahmedabad",RADIO DIAGNOSIS,AIQ,SC,"?30,000","? 100,800",1,"?40,00,000",1557,
1,1668,Himachal Pradesh,"IGMC, Shimla",GENERAL MEDICINE,AIQ,GEN,"?24,000","?40,000",2,"?40,00,000",1031,
1,1669,Rajasthan,"Govt Med Coll, Kota",GENERAL MEDICINE,AIQ,GEN,"?14,093","?87,216",2,"? 15,000,000",2581,
1,1670,Delhi,"MAMC, Delhi",RADIO DIAGNOSIS,DU,EWS,"?16,200","?1,32,336",1,"? 2,000,000",2800,
1,1671,Rajasthan,"Manipal Hospital, Jaipur",DNBRADIO DIAGNOSIS,DNB Post MBBS,GEN,"? 125,000","?84,400",0,? 0,225,
1,1672,Telangana,"NIMS, Hyderabad",GENERAL MEDICINE,AIQ,ST,"?72,000","? 116,844",1,"? 2,000,000",1498,
1,1673,Tamil Nadu,Chengalpattu Med Coll,DERMATOLOGY,AIQ,OBC,"?50,000","?54,025",2,"?40,00,000",700,
1,1674,Karnataka,"NarayanaHrudyalaya,Bommasandra",DNBRADIO DIAGNOSIS,DNB Post MBBS,GEN,"? 125,000","? 56,250",0,? 0,2000,
1,1675,Karnataka,"Bangalore Baptist, Bangalore",DNBRADIO DIAGNOSIS,DNB Post MBBS,GEN,"? 125,000","? 56,250",0,? 0,450,
1,1676,Delhi,"MAMC, Delhi",GENERAL MEDICINE,DU,OBC,"?16,200","?1,32,336",1,"? 2,000,000",2800,
1,1677,Rajasthan,"SP Med Coll, Bikaner",GENERAL MEDICINE,AIQ,OBC,"?14,093","?87,216",2,"? 15,000,000",1570,
1,1678,Tamil Nadu,"Madurai Med Coll, Madurai",PAEDIATRICS,AIQ,GEN,"?50,000","?54,025",2,"?40,00,000",3518,
1,1679,Maharashtra,"GovtMedColl,ChhatrapatiSambhajiNgr",GENERAL MEDICINE,AIQ,OBC,"?1,57,100","? 93,559",1,"? 5,000,000",1177,
1,1680,Andhra Pradesh,"Andhra Med Coll, Vizag",PAEDIATRICS,AIQ,GEN,"?30,000","? 60,823",0,?0,1030,
1,1681,Pondicherry,"IGMC & RI, Pondicherry",GENERAL MEDICINE,AIQ,GEN,"?1,10,000","? 43,000",0,? 0,750,
1,1682,Maharashtra,"KJ Somaiya MedColl Hosp,Mumbai",DNBDERMATOLOGY,DNB Post MBBS,GEN,"? 125,000","? 86,629",0,? 0,520,
1,1683,Maharashtra,"GovtMedColl,ChhatrapatiSambhajiNgr",GENERAL MEDICINE,AIQ,OBC,"?1,57,100","? 93,559",1,"? 5,000,000",1177,
1,1684,West Bengal,Burdwan Medical College,GENERAL MEDICINE,AIQ,GEN,"?12,000","? 61,634",3,"?30,00,000",1099,
1,1687,Delhi,"Lady Hardinge, Delhi",GENERAL SURGERY,AIQ,EWS,"?16,200","?1,26,927",1,"? 2,000,000",877,
1,1688,Delhi,"MAMC, Delhi",GENERAL MEDICINE,DU,OBC,"?16,200","?1,32,336",1,"? 2,000,000",2800,
1,1689,Delhi,"Dr Baba Saheb Ambedkar, Delhi",DNBGENERAL MEDICINE,DNB Post MBBS,GEN,"? 125,000","? 126,927",1,"?20,00,000",500,
1,1690,West Bengal,"IPGMER, Kolkata",TBRD,AIQ,GEN,"?12,000","? 61,634",3,"?30,00,000",2300,
1,1691,Kerala,"Govt Med Coll, Kottayam",PAEDIATRICS,AIQ,GEN,"?69,470","? 57,876",1,"?50,00,000",2094,
1,1692,Uttarakhand,"Doon Med Coll, Dehradun",GENERAL MEDICINE,AIQ,GEN,"?60,000","?71,257",2,"?2,50,00,000",750,
1,1693,Delhi,"MAMC, Delhi",PAEDIATRICS,AIQ,EWS,"?16,200","?1,32,336",1,"? 2,000,000",2800,
1,1694,Maharashtra,"Deenanath Mangeshkar, Pune",DNBGENERAL MEDICINE,DNB Post MBBS,GEN,"? 125,000","? 89,698",0,? 0,876,
1,1695,Tamil Nadu,"Govt. Mohan Kumaramangalam, Salem",GENERAL MEDICINE,AIQ,GEN,"?50,000","?54,025",2,"?40,00,000",1642,
1,1696,Odisha,"SCB, Cuttack",OBG,AIQ,GEN,"?35,000","? 73,042",2,"?55,09,464",2106,
1,1697,Andhra Pradesh,"Andhra Med Coll, Vizag",DERMATOLOGY,AIQ,GEN,"?30,000","? 60,823",0,?0,1030,
1,1698,Uttar Pradesh,"KGMU, Lucknow",GENERAL MEDICINE,AIQ,OBC,"?54,700","? 126,725",2,"?40,00,000",4500,
1,1700,Andhra Pradesh,"Andhra Med Coll, Vizag",DERMATOLOGY,AIQ,GEN,"?30,000","? 60,823",0,?0,1030,
1,1701,West Bengal,"Nilratan Sircar, Kolkata",DERMATOLOGY,AIQ,GEN,"?12,000","? 61,634",3,"?30,00,000",1920,
1,1702,Delhi,"St Stephen's Hospital, Delhi",DNBGENERAL MEDICINE,DNB Post MBBS,GEN,"? 125,000","? 58,000",0,? 0,595,
1,1703,Tamil Nadu,"Madras Med Coll, Chennai",PATHOLOGY,AIQ,GEN,"?50,000","?54,025",2,"?40,00,000",7285,
1,1704,Andhra Pradesh,"Andhra Med Coll, Vizag",DERMATOLOGY,AIQ,GEN,"?30,000","? 60,823",0,?0,1030,
1,1705,Uttar Pradesh,"Medanta Hosp, Sushanth Golf, Lucknow",DNBRADIO DIAGNOSIS,DNB Post MBBS,GEN,"? 125,000","? 65,000",0,? 0,900,
1,1706,Maharashtra,"Deenanath Mangeshkar, Pune",DNBGENERAL MEDICINE,DNB Post MBBS,GEN,"? 125,000","? 89,698",0,? 0,876,
1,1707,Karnataka,"Manipal Hosp, Rustum Bagh, BLR",DNBRADIO DIAGNOSIS,DNB Post MBBS,GEN,"? 125,000","? 56,250",0,? 0,600,
1,1708,Delhi,"MAMC, Delhi",PAEDIATRICS,AIQ,OBC,"?16,200","?1,32,336",1,"? 2,000,000",2800,
1,1711,Karnataka,"Manipal Hosp, Rustum Bagh, BLR",DNBRADIO DIAGNOSIS,DNB Post MBBS,GEN,"? 125,000","? 56,250",0,? 0,600,
1,1715,Maharashtra,"BJMC, Pune",ORTHOPAEDICS,AIQ,GEN,"?1,57,100","? 93,559",1,"? 5,000,000",1296,
1,1716,Uttar Pradesh,"IMS(BHU), Varanasi",RADIO DIAGNOSIS,BHU,GEN,"?48,226","?1,12,054",0,? 0,2424,
1,1718,Madhya Pradesh,"MGM Med Coll, Indore",RADIO DIAGNOSIS,AIQ,OBC,"?1,01,500","? 75,444",1,"?10,00,000",1300,
1,1719,Maharashtra,"Grant Med Coll, Mumbai",GENERAL SURGERY,AIQ,EWS,"?1,57,100","? 93,559",1,"? 5,000,000",2844,
1,1720,Tamil Nadu,"Madurai Med Coll, Madurai",RADIO DIAGNOSIS,AIQ,EWS,"?50,000","?54,025",2,"?40,00,000",3518,
1,1721,Karnataka,"Bangalore Baptist, Bangalore",DNBRADIO DIAGNOSIS,DNB Post MBBS,GEN,"? 125,000","? 56,250",0,? 0,450,
1,1722,Uttar Pradesh,"LLRM Med Coll, Meerut",OBG,AIQ,GEN,"?24,000","?1,10,646",2,"?40,00,000",1090,
1,1723,Maharashtra,"Topiwala, Mumbai",PSYCHIATRY,AIQ,GEN,"?1,57,100","? 93,559",1,"? 5,000,000",1300,
1,1724,Delhi,"ABVIMS (Dr RML Hosp), Delhi",ORTHOPAEDICS,AIQ,GEN,"? 51,000","? 136,008",1,"? 2,000,000",1626,
1,1726,Delhi,"MahajanImaging&Lab,Delhi(Joint)",DNBRADIO DIAGNOSIS,DNB Post MBBS,GEN,"? 125,000","? 80,000",0,? 0,0,
1,1727,Odisha,"VIMSAR, Burla",GENERAL MEDICINE,AIQ,EWS,"?35,000","? 73,042",2,"?55,09,464",1071,
1,1728,Tamil Nadu,"Madras Med Coll, Chennai",OBG,AIQ,OBC,"?50,000","?54,025",2,"?40,00,000",7285,
1,1730,Gujarat,"Medical College, Baroda",PAEDIATRICS,AIQ,GEN,"?30,000","? 100,800",1,"?40,00,000",1250,
1,1731,Madhya Pradesh,"NSC Bose Med Coll, Jabalpur",RADIO DIAGNOSIS,AIQ,OBC,"?1,01,500","? 75,444",1,"?10,00,000",1150,
1,1732,Delhi,"St Stephen's Hospital, Delhi",DNBGENERAL MEDICINE,DNB Post MBBS,GEN,"? 125,000","? 58,000",0,? 0,595,
1,1734,Tamil Nadu,"Apollo Hosp, Greams Rd,Chennai",DNBNUCLEAR MEDICINE,DNB Post MBBS,GEN,"? 125,000","? 48,000",0,? 0,745,
1,1736,Maharashtra,"Poona Hospital & RC, Pune",DNBGENERAL MEDICINE,DNB Post MBBS,GEN,"? 125,000","? 94,200",0,? 0,300,
1,1737,Maharashtra,"MPGIMER, Nashik",GENERAL MEDICINE,AIQ,GEN,"?1,57,100","? 93,559",1,"? 5,000,000",560,
1,1738,Kerala,"Baby Memorial, Kozhikode",DNBGENERAL MEDICINE,DNB Post MBBS,GEN,"? 125,000","? 57,876",0,? 0,600,
1,1740,Maharashtra,"GovtMedColl,ChhatrapatiSambhajiNgr",GENERAL MEDICINE,AIQ,OBC,"?1,57,100","? 93,559",1,"? 5,000,000",1177,
1,1741,Haryana,"Fortis Escorts Hosp, Faridabad",DNBRADIO DIAGNOSIS,DNB Post MBBS,GEN,"? 125,000","? 71,100",0,? 0,210,
1,1742,Telangana,"Krishna IMS, Secunderabad",DNBRADIO DIAGNOSIS,DNB Post MBBS,GEN,"? 125,000","?67,032",0,? 0,675,
1,1743,Bihar,"Darbhanga, Lehriasarai",RADIO DIAGNOSIS,AIQ,GEN,"?9,000","? 82,000",2,"?25,00,000",1030,
1,1745,Karnataka,"Shimoga IMS, Shimoga",GENERAL MEDICINE,AIQ,OBC,"?1,23,400","? 56,250",1,"?50,00,000",950,
1,1747,Delhi,"UCMS, Delhi",ORTHOPAEDICS,AIQ,GEN,"?47,220","?1,32,336",1,"? 2,000,000",1000,
1,1749,Madhya Pradesh,"Gandhi Med Coll, Bhopal",GENERAL MEDICINE,AIQ,EWS,"?1,01,500","? 75,444",1,"?10,00,000",1135,
1,1750,Delhi,"MAMC, Delhi",OPHTHALMOLOGY,DU,GEN,"?16,200","?1,32,336",1,"? 2,000,000",2800,
1,1751,Maharashtra,"Seth GS, Mumbai",PAEDIATRICS,AIQ,GEN,"?1,57,100","? 93,559",1,"? 5,000,000",2250,
1,1753,Telangana,"Gandhi Med Coll, Secunderabad",DERMATOLOGY,AIQ,OBC,"?15,000","? 67,032",1,"? 2,000,000",1200,
1,1754,Tamil Nadu,"Sri RamakrishnaHosp,Coimbatore",DNBRADIO DIAGNOSIS,DNB Post MBBS,GEN,"? 125,000","? 48,000",0,? 0,1009,
1,1755,Andhra Pradesh,"SV Med Coll, Tirupati",GENERAL MEDICINE,AIQ,EWS,"?30,000","? 60,823",0,?0,940,
1,1756,Haryana,"ESIC Med Coll, Faridabad",GENERAL MEDICINE,AIQ,OBC,"?2,50,000","?1,15,853",2,"?10,00,000",625,
1,1757,Karnataka,"NarayanaHrudyalaya,Bommasandra",DNBNUCLEAR MEDICINE,DNB Post MBBS,GEN,"? 125,000","? 56,250",0,? 0,2000,
1,1758,Andhra Pradesh,"Rajiv Gandhi IMS, Kadapa",RADIO DIAGNOSIS,AIQ,GEN,"?30,000","? 60,823",0,?0,715,
1,1759,Himachal Pradesh,"IGMC, Shimla",GENERAL MEDICINE,AIQ,GEN,"?24,000","?40,000",2,"?40,00,000",1031,
1,1760,Tamil Nadu,"Govt. Mohan Kumaramangalam, Salem",GENERAL MEDICINE,AIQ,OBC,"?50,000","?54,025",2,"?40,00,000",1642,
1,1761,Madhya Pradesh,"MGM Med Coll, Indore",GENERAL MEDICINE,AIQ,OBC,"?1,01,500","? 75,444",1,"?10,00,000",1300,
1,1763,Odisha,"SCB, Cuttack",OBG,AIQ,GEN,"?35,000","? 73,042",2,"?55,09,464",2106,
1,1764,Delhi,"Lady Hardinge, Delhi",OBG,AIQ,EWS,"?16,200","?1,26,927",1,"? 2,000,000",877,
1,1767,Telangana,"Govt Med Coll, Nizamabad",RADIO DIAGNOSIS,AIQ,OBC,"?15,000","? 67,032",1,"? 2,000,000",500,
1,1768,Uttar Pradesh,"LLRM Med Coll, Meerut",GENERAL MEDICINE,AIQ,GEN,"?24,000","?1,10,646",2,"?40,00,000",1090,
1,1769,Andhra Pradesh,"Rangaraya Med Coll, Kakinada",GENERAL MEDICINE,AIQ,GEN,"?30,000","? 60,823",0,?0,1450,
1,1770,Andhra Pradesh,"Govt Med Coll, Ananthapuram",RADIO DIAGNOSIS,AIQ,EWS,"?30,000","? 60,823",0,?0,500,
1,1771,Haryana,"Pt BD Sharma, Rohtak",PAEDIATRICS,AIQ,GEN,"?1,25,000","?1,04,346",0,?0,2080,
1,1772,Uttar Pradesh,"Max Super Spec Hospital, Noida",DNBRADIO DIAGNOSIS,DNB Post MBBS,GEN,"? 125,000","? 60,000",0,? 0,504,
1,1773,Gujarat,"GMERS MedColl Hosp,Gandhinagar",DNBDERMATOLOGY,DNB Post MBBS,GEN,"? 125,000","? 100,800",0,? 0,980,
1,1774,Rajasthan,"SP Med Coll, Bikaner",GENERAL MEDICINE,AIQ,EWS,"?14,093","?87,216",2,"? 15,000,000",1570,
1,1775,Chandigarh,"GMC, Chandigarh",ORTHOPAEDICS,AIQ,GEN,"?34,500","?1,09,926",0,? 0,967,
1,1776,Tamil Nadu,"ESI PGIMSR, KK Nagar, Chennai",GENERAL MEDICINE,AIQ,EWS,"?2,50,000","?1,15,506",2,"?10,00,000",470,
1,1777,Maharashtra,"Topiwala, Mumbai",GENERAL SURGERY,AIQ,GEN,"?1,57,100","? 93,559",1,"? 5,000,000",1300,
1,1778,Karnataka,"ESI, Bangalore",GENERAL MEDICINE,AIQ,OBC,"?2,50,000","?1,14,016",2,"?10,00,000",530,
1,1780,Tamil Nadu,Govt Vellore Med Coll,GENERAL MEDICINE,AIQ,GEN,"?50,000","?54,025",2,"?40,00,000",2858,
1,1781,Delhi,"ABVIMS (Dr RML Hosp), Delhi",GENERAL MEDICINE,IP,EWS,"? 51,000","? 136,008",1,"? 2,000,000",1626,
1,1783,Jharkhand,"Rajendra IMS, Ranchi",GENERAL MEDICINE,AIQ,GEN,"? 1,550","?1,00,770",3,"?30,00,000",1754,
1,1784,Chandigarh,"GMC, Chandigarh",GENERAL SURGERY,AIQ,GEN,"?34,500","?1,09,926",0,? 0,967,
1,1785,Delhi,"VMMC, Delhi",OBG,AIQ,OBC,"?15,000","?1,20,965",1,"? 2,000,000",1550,
1,1786,Kerala,"Govt Med Coll, Thrissur",PAEDIATRICS,AIQ,GEN,"?69,470","? 57,876",1,"?50,00,000",1400,
1,1787,Kerala,"TD Med Coll, Allepey",PAEDIATRICS,AIQ,GEN,"?69,470","? 57,876",1,"?50,00,000",1050,
1,1788,Odisha,"SCB, Cuttack",GENERAL MEDICINE,AIQ,OBC,"?35,000","? 73,042",2,"?55,09,464",2106,
1,1789,Maharashtra,"BJMC, Pune",GENERAL MEDICINE,AIQ,OBC,"?1,57,100","? 93,559",1,"? 5,000,000",1296,
1,1790,Delhi,"MahajanImaging&Lab,Delhi(Joint)",DNBRADIO DIAGNOSIS,DNB Post MBBS,GEN,"? 125,000","? 80,000",0,? 0,0,
1,1791,Tamil Nadu,"Madras Med Coll, Chennai",OBG,AIQ,OBC,"?50,000","?54,025",2,"?40,00,000",7285,
1,1792,Madhya Pradesh,"MGM Med Coll, Indore",GENERAL MEDICINE,AIQ,OBC,"?1,01,500","? 75,444",1,"?10,00,000",1300,
1,1793,Tamil Nadu,"Apollo Hosp, Greams Rd,Chennai",DNBNUCLEAR MEDICINE,DNB Post MBBS,GEN,"? 125,000","? 48,000",0,? 0,745,
1,1794,Gujarat,"BJMC, Ahmedabad",DERMATOLOGY,AIQ,OBC,"?30,000","? 100,800",1,"?40,00,000",1557,
1,1796,West Bengal,"Apollo Gleneagles, Kolkata",DNBGENERAL MEDICINE,DNB Post MBBS,GEN,"? 125,000","?61,634",0,? 0,750,
1,1797,Tripura,"Agartala Med Coll, Agartala",RADIO DIAGNOSIS,AIQ,GEN,"?1,50,000","? 55,200",1,"?50,00,000",580,
1,1798,Uttar Pradesh,"LLRM Med Coll, Meerut",GENERAL MEDICINE,AIQ,GEN,"?24,000","?1,10,646",2,"?40,00,000",1090,
1,1799,Maharashtra,"BJMC, Pune",PAEDIATRICS,AIQ,GEN,"?1,57,100","? 93,559",1,"? 5,000,000",1296,
1,1800,Assam,"Assam Med Coll, Dibrugarh",GENERAL MEDICINE,AIQ,GEN,"?27,300","?55,200",2,"?20,00,000",1365,
1,1801,Andhra Pradesh,"Guntur Med Coll, Guntur",DERMATOLOGY,AIQ,GEN,"?30,000","? 60,823",0,?0,1170,
1,1802,Tamil Nadu,"Madras Med Coll, Chennai",RADIO DIAGNOSIS,AIQ,SC,"?50,000","?54,025",2,"?40,00,000",7285,
1,1803,Andhra Pradesh,"SV Med Coll, Tirupati",GENERAL MEDICINE,AIQ,OBC,"?30,000","? 60,823",0,?0,940,
1,1804,Gujarat,"BJMC, Ahmedabad",GENERAL SURGERY,AIQ,GEN,"?30,000","? 100,800",1,"?40,00,000",1557,
1,1807,Rajasthan,"Govt Med Coll, Kota",GENERAL MEDICINE,AIQ,GEN,"?14,093","?87,216",2,"? 15,000,000",2581,
1,1808,Maharashtra,"Seth GS, Mumbai",ORTHOPAEDICS,AIQ,OBC,"?1,57,100","? 93,559",1,"? 5,000,000",2250,
1,1809,Chhattisgarh,"Pt JNM Med Coll, Raipur",DERMATOLOGY,AIQ,GEN,"?20,000","? 67,500",2,"?50,00,000",1246,
1,1811,Kerala,"Medical College, Trivandrum",ORTHOPAEDICS,AIQ,GEN,"?69,470","? 57,876",1,"?50,00,000",2126,
1,1812,Tamil Nadu,"Madras Med Coll, Chennai",PAEDIATRICS,AIQ,OBC,"?50,000","?54,025",2,"?40,00,000",7285,
1,1814,Gujarat,"BJMC, Ahmedabad",GENERAL MEDICINE,AIQ,OBC,"?30,000","? 100,800",1,"?40,00,000",1557,
1,1815,Odisha,"SCB, Cuttack",GENERAL MEDICINE,AIQ,OBC,"?35,000","? 73,042",2,"?55,09,464",2106,
1,1816,Tamil Nadu,"KAPV Med Coll, Trichy",GENERAL MEDICINE,AIQ,OBC,"?50,000","?54,025",2,"?40,00,000",2500,
1,1817,Karnataka,"Aster CMI Hospital, Bangalore",DNBRADIO DIAGNOSIS,DNB Post MBBS,GEN,"? 125,000","? 56,250",0,? 0,509,
1,1819,Haryana,"Paras Hospital, Gurgaon",DNBRADIO DIAGNOSIS,DNB Post MBBS,GEN,"? 125,000","? 60,000",0,? 0,250,
1,1820,Telangana,"Osmania Med Coll, Hyderabad",PAEDIATRICS,AIQ,GEN,"?15,000","? 67,032",1,"? 2,000,000",4800,
1,1821,Karnataka,"VIMS, Bellary",GENERAL MEDICINE,AIQ,OBC,"?1,23,400","? 56,250",1,"?50,00,000",1295,
1,1822,Kerala,"Medical College, Trivandrum",PAEDIATRICS,AIQ,OBC,"?69,470","? 57,876",1,"?50,00,000",2126,
1,1823,Maharashtra,"Topiwala, Mumbai",PAEDIATRICS,AIQ,GEN,"?1,57,100","? 93,559",1,"? 5,000,000",1300,
1,1824,Assam,"Gauhati Med Coll, Guwahati",OBG,AIQ,GEN,"?27,300","?55,200",2,"?20,00,000",2185,
1,1825,Karnataka,"Mandya IMS, Mandya",GENERAL MEDICINE,AIQ,OBC,"?1,23,400","? 56,250",1,"?50,00,000",910,
1,1827,Maharashtra,"Ruby Hall Clinic, Pune",DNBGENERAL MEDICINE,DNB Post MBBS,GEN,"? 125,000","? 89,698",0,? 0,600,
1,1829,Gujarat,"Govt Med Coll, Surat",GENERAL SURGERY,AIQ,GEN,"?30,000","? 100,800",1,"?40,00,000",1150,
1,1830,Gujarat,"BJMC, Ahmedabad",GENERAL SURGERY,AIQ,GEN,"?30,000","? 100,800",1,"?40,00,000",1557,
1,1831,Delhi,"MAMC, Delhi",GENERAL SURGERY,DU,OBC,"?16,200","?1,32,336",1,"? 2,000,000",2800,
1,1832,Maharashtra,"Poona Hospital & RC, Pune",DNBGENERAL MEDICINE,DNB Post MBBS,GEN,"? 125,000","? 94,200",0,? 0,300,
1,1834,Madhya Pradesh,"Govt Med Coll, Datia",GENERAL MEDICINE,AIQ,GEN,"?1,01,500","? 75,444",1,"?10,00,000",540,
1,1835,Andhra Pradesh,"SV Med Coll, Tirupati",GENERAL MEDICINE,AIQ,OBC,"?30,000","? 60,823",0,?0,940,
1,1836,Karnataka,"Mysore Med Coll, Mysore",OBG,AIQ,GEN,"?1,23,400","? 56,250",1,"?50,00,000",1050,
1,1837,Karnataka,"ESIC Med Coll,Gulbarga",GENERAL MEDICINE,AIQ,GEN,"?2,50,000","?1,14,016",2,"?10,00,000",480,
1,1839,Delhi,"MAMC, Delhi",PAEDIATRICS,AIQ,OBC,"?16,200","?1,32,336",1,"? 2,000,000",2800,
1,1840,Telangana,"Osmania Med Coll, Hyderabad",PAEDIATRICS,AIQ,GEN,"?15,000","? 67,032",1,"? 2,000,000",4800,
1,1841,Madhya Pradesh,"Gandhi Med Coll, Bhopal",PAEDIATRICS,AIQ,GEN,"?1,01,500","? 75,444",1,"?10,00,000",1135,
1,1842,Andhra Pradesh,"Rajiv Gandhi IMS, Srikakulam",RADIO DIAGNOSIS,AIQ,GEN,"?30,000","? 60,823",0,?0,532,
1,1843,Haryana,"Pt BD Sharma, Rohtak",OBG,AIQ,GEN,"?1,25,000","?1,04,346",0,?0,2080,
1,1844,Maharashtra,"Seth GS, Mumbai",OBG,AIQ,GEN,"?1,57,100","? 93,559",1,"? 5,000,000",2250,
1,1845,Chhattisgarh,"Pt JNM Med Coll, Raipur",GENERAL MEDICINE,AIQ,GEN,"?20,000","? 67,500",2,"?50,00,000",1246,
1,1847,Tamil Nadu,"Madras Med Coll, Chennai",PAEDIATRICS,AIQ,OBC,"?50,000","?54,025",2,"?40,00,000",7285,
1,1848,Haryana,"Asian IMS, Faridabad",DNBRADIO DIAGNOSIS,DNB Post MBBS,GEN,"? 125,000","? 58,100",0,? 0,425,
1,1849,Maharashtra,"HurkisondasNurrotumdas, Mumbai",DNBNUCLEAR MEDICINE,DNB Post MBBS,GEN,"? 125,000","? 94,000",0,? 0,360,
1,1850,Madhya Pradesh,"Govt Med Coll, Ratlam",GENERAL MEDICINE,AIQ,GEN,"?1,01,500","? 75,444",1,"?10,00,000",300,
1,1851,Tamil Nadu,"Govt Med Coll, Omandurar",GENERAL MEDICINE,AIQ,OBC,"?50,000","?54,025",2,"?40,00,000",Info Not Available,
1,1852,Uttar Pradesh,"KGMU, Lucknow",PAEDIATRICS,AIQ,GEN,"?54,700","? 126,725",2,"?40,00,000",4500,
1,1853,Uttar Pradesh,"KGMU, Lucknow",PAEDIATRICS,AIQ,GEN,"?54,700","? 126,725",2,"?40,00,000",4500,
1,1854,Karnataka,"Bangalore Med Coll, Bangalore",PAEDIATRICS,AIQ,GEN,"?1,23,400","? 56,250",1,"?50,00,000",1993,
1,1855,Delhi,"VMMC, Delhi",GENERAL MEDICINE,AIQ,ST,"?15,000","?1,20,965",1,"? 2,000,000",1550,
1,1856,Maharashtra,"Apollo Hospital, Navi Mumbai",DNBRADIO DIAGNOSIS,DNB Post MBBS,GEN,"? 125,000","? 89,000",0,? 0,473,
1,1858,Maharashtra,"Lokmanya Tilak, Sion, Mumbai",ORTHOPAEDICS,AIQ,GEN,"?1,57,100","? 93,559",1,"? 5,000,000",1462,
1,1859,Rajasthan,"JLNMC, Ajmer",GENERAL MEDICINE,AIQ,EWS,"?14,093","?87,216",2,"? 15,000,000",1428,
1,1860,Karnataka,"SGITO (Sanjay Gan), Bangalore",ORTHOPAEDICS,AIQ,GEN,"?1,23,400","? 56,250",1,"?50,00,000",180,
1,1861,Jammu and Kashmir,"Govt Med Coll, Srinagar",GENERAL MEDICINE,AIQ,GEN,"?32,500","? 63,240",0,?0,3120,
1,1862,Gujarat,"BJMC, Ahmedabad",GENERAL SURGERY,AIQ,OBC,"?30,000","? 100,800",1,"?40,00,000",1557,
1,1863,Delhi,"Hindu Rao Hospital, Delhi",DNBGENERAL MEDICINE,DNB Post MBBS,OBC,"? 125,000","? 139,680",1,"?20,00,000",980,
1,1864,Andhra Pradesh,"Guntur Med Coll, Guntur",GENERAL MEDICINE,AIQ,EWS,"?30,000","? 60,823",0,?0,1170,
1,1865,Uttar Pradesh,"MLN Med Coll, Allahabad",GENERAL MEDICINE,AIQ,GEN,"?24,000","?1,10,646",2,"?40,00,000",Info Not Available,
1,1866,Maharashtra,"Govt Med Coll, Akola",DERMATOLOGY,AIQ,OBC,"?1,57,100","? 93,559",1,"? 5,000,000",1050,
1,1868,Gujarat,"Govt Med Coll, Surat",RADIO DIAGNOSIS,AIQ,OBC,"?30,000","? 100,800",1,"?40,00,000",1150,
1,1869,Karnataka,"Koppal Inst of MS, Koppal",GENERAL MEDICINE,AIQ,GEN,"?1,23,400","? 56,250",1,"?50,00,000",Info Not Available,
1,1870,Maharashtra,"BJMC, Pune",GENERAL MEDICINE,AIQ,OBC,"?1,57,100","? 93,559",1,"? 5,000,000",1296,
1,1871,Telangana,"NIMS, Hyderabad",EMERGENCY MEDICINE,AIQ,GEN,"?72,000","? 116,844",1,"? 2,000,000",1498,
1,1872,Uttar Pradesh,"Dr RML IMS, Lucknow",GENERAL MEDICINE,AIQ,OBC,"?35,000","? 126,726",2,"?40,00,000",1368,
1,1873,Maharashtra,"Govt Med Coll, Nagpur",GENERAL SURGERY,AIQ,GEN,"?1,57,100","? 93,559",1,"? 5,000,000",1866,
1,1874,West Bengal,"ESI, Joka, Kolkata",PAEDIATRICS,AIQ,GEN,"?2,50,000","?1,00,980",2,"?10,00,000",470,
1,1875,Maharashtra,"VMMC, Solapur",GENERAL MEDICINE,AIQ,EWS,"?1,57,100","? 93,559",1,"? 5,000,000",763,
1,1876,Maharashtra,"Govt Med Coll, Nagpur",PAEDIATRICS,AIQ,GEN,"?1,57,100","? 93,559",1,"? 5,000,000",1866,
1,1878,Telangana,"Osmania Med Coll, Hyderabad",GENERAL SURGERY,AIQ,GEN,"?15,000","? 67,032",1,"? 2,000,000",4800,
1,1880,Andhra Pradesh,"SV Med Coll, Tirupati",DERMATOLOGY,AIQ,GEN,"?30,000","? 60,823",0,?0,940,
1,1881,Tamil Nadu,"GKNM Hospital, Coimbatore",DNBRADIO DIAGNOSIS,DNB Post MBBS,GEN,"? 125,000","? 49,440",0,? 0,750,
1,1882,Kerala,"Rajagiri Hospital, Ernakulam",DNBRADIO DIAGNOSIS,DNB Post MBBS,GEN,"? 125,000","? 57,876",0,? 0,572,
1,1883,Kerala,"Rajagiri Hospital, Ernakulam",DNBRADIO DIAGNOSIS,DNB Post MBBS,GEN,"? 125,000","? 57,876",0,? 0,572,
1,1884,Maharashtra,"Lokmanya Tilak, Sion, Mumbai",ORTHOPAEDICS,AIQ,GEN,"?1,57,100","? 93,559",1,"? 5,000,000",1462,
1,1885,Maharashtra,"DrHedgewarRugnalaya,Aurangabad",DNBRADIO DIAGNOSIS,DNB Post MBBS,GEN,"? 125,000","?81,000",0,? 0,500,
1,1887,Tamil Nadu,Govt Theni Med Coll,GENERAL MEDICINE,AIQ,GEN,"?50,000","?54,025",2,"?40,00,000",940,
1,1888,Uttar Pradesh,"IMS(BHU), Varanasi",GENERAL MEDICINE,BHU,GEN,"?48,226","?1,12,054",0,? 0,2424,
1,1889,Madhya Pradesh,"Gandhi Med Coll, Bhopal",GENERAL MEDICINE,AIQ,OBC,"?1,01,500","? 75,444",1,"?10,00,000",1135,
1,1890,Delhi,"ABVIMS (Dr RML Hosp), Delhi",PAEDIATRICS,AIQ,OBC,"? 51,000","? 136,008",1,"? 2,000,000",1626,
1,1891,Maharashtra,"Seth GS, Mumbai",OBG,AIQ,GEN,"?1,57,100","? 93,559",1,"? 5,000,000",2250,
1,1892,Tamil Nadu,"Apollo Spec Hosp, MountRd,CHN",DNBRADIO DIAGNOSIS,DNB Post MBBS,GEN,"? 125,000","?48,000",0,? 0,290,
1,1893,Telangana,"Gandhi Med Coll, Secunderabad",GENERAL SURGERY,AIQ,GEN,"?15,000","? 67,032",1,"? 2,000,000",1200,
1,1894,Odisha,"SCB, Cuttack",PAEDIATRICS,AIQ,GEN,"?35,000","? 73,042",2,"?55,09,464",2106,
1,1895,Uttar Pradesh,"BRD Med Coll, Gorakhpur",RADIO DIAGNOSIS,AIQ,OBC,"?24,000","?1,10,646",2,"?40,00,000",1050,
1,1896,Tamil Nadu,Govt Thoothukudi Med Coll,GENERAL MEDICINE,AIQ,GEN,"?50,000","?54,025",2,"?40,00,000",1212,
1,1897,Delhi,"VMMC, Delhi",GENERAL MEDICINE,IP,EWS,"?15,000","?1,20,965",1,"? 2,000,000",1550,
1,1898,Karnataka,"NarayanaHrudyalaya,Bommasandra",DNBGENERAL MEDICINE,DNB Post MBBS,GEN,"? 125,000","? 56,250",0,? 0,2000,
1,1899,Tamil Nadu,"Kanyakumari Med Coll, Asaripallam",GENERAL MEDICINE,AIQ,GEN,"?50,000","?54,025",2,"?40,00,000",840,
1,1901,Haryana,"Pt BD Sharma, Rohtak",PAEDIATRICS,AIQ,GEN,"?1,25,000","?1,04,346",0,?0,2080,
1,1902,Andhra Pradesh,"Guntur Med Coll, Guntur",GENERAL MEDICINE,AIQ,OBC,"?30,000","? 60,823",0,?0,1170,
1,1903,Telangana,"ESIC Med Coll,Sanath Nagar",GENERAL SURGERY,AIQ,GEN,"?2,50,000","? 130,653",2,"?10,00,000",690,
1,1904,Delhi,"Hindu Rao Hospital, Delhi",DNBDERMATOLOGY,DNB Post MBBS,GEN,"? 125,000","? 139,680",1,"?20,00,000",980,
1,1905,Madhya Pradesh,"MGM Med Coll, Indore",DERMATOLOGY,AIQ,OBC,"?1,01,500","? 75,444",1,"?10,00,000",1300,
1,1906,Karnataka,"KIMS, Hubli",PAEDIATRICS,AIQ,GEN,"?1,23,400","? 56,250",1,"?50,00,000",1200,
1,1907,Madhya Pradesh,"MGM Med Coll, Indore",GENERAL MEDICINE,AIQ,OBC,"?1,01,500","? 75,444",1,"?10,00,000",1300,
1,1908,Maharashtra,"Ruby Hall Clinic, Pune",DNBNUCLEAR MEDICINE,DNB Post MBBS,GEN,"? 125,000","? 89,698",0,? 0,600,
1,1909,Kerala,"Medical College, Trivandrum",GENERAL MEDICINE,AIQ,EWS,"?69,470","? 57,876",1,"?50,00,000",2126,
1,1911,Andhra Pradesh,"ACSR Medical College, Nellore",GENERAL MEDICINE,AIQ,GEN,"?30,000","? 60,823",0,?0,355,
1,1913,Maharashtra,"HurkisondasNurrotumdas, Mumbai",DNBGENERAL MEDICINE,DNB Post MBBS,GEN,"? 125,000","? 94,000",0,? 0,360,
1,1915,Andhra Pradesh,"Andhra Med Coll, Vizag",DERMATOLOGY,AIQ,OBC,"?30,000","? 60,823",0,?0,1030,
1,1916,Rajasthan,"SMS, Jaipur",GENERAL SURGERY,AIQ,GEN,"?14,093","?87,216",2,"? 10,000,000",5702,
1,1917,Rajasthan,"Govt Med Coll, Kota",GENERAL MEDICINE,AIQ,GEN,"?14,093","?87,216",2,"? 15,000,000",2581,
1,1918,Karnataka,"Hassan IMS, Hassan",GENERAL MEDICINE,AIQ,OBC,"?1,23,400","? 56,250",1,"?50,00,000",Info Not Available,
1,1919,Uttar Pradesh,"SN Med Coll, Agra",GENERAL MEDICINE,AIQ,GEN,"?24,000","?1,10,646",2,"?40,00,000",976,
1,1920,Maharashtra,"Poona Hospital & RC, Pune",DNBGENERAL MEDICINE,DNB Post MBBS,GEN,"? 125,000","? 94,200",0,? 0,300,
1,1921,West Bengal,"Apollo Gleneagles, Kolkata",DNBRADIO DIAGNOSIS,DNB Post MBBS,GEN,"? 125,000","?61,634",0,? 0,750,
1,1922,Uttar Pradesh,"MLN Med Coll, Allahabad",GENERAL MEDICINE,AIQ,GEN,"?24,000","?1,10,646",2,"?40,00,000",Info Not Available,
1,1923,Uttar Pradesh,"YatharthSS, Sec 1,GreatrNoida",DNBRADIO DIAGNOSIS,DNB Post MBBS,GEN,"? 125,000","? 80,000",0,? 0,450,
1,1925,Punjab,"Govt Med Coll, Patiala",OBG,AIQ,GEN,"?1,25,000","?76,000",2,"?20,00,000",1130,
1,1926,Jharkhand,"Rajendra IMS, Ranchi",RADIO DIAGNOSIS,AIQ,OBC,"? 1,550","?1,00,770",3,"?30,00,000",1754,
1,1928,Jharkhand,"CIP, Ranchi",PSYCHIATRY,AIQ,GEN,"? 3,000","? 100,706",0,? 0,643,
1,1929,Maharashtra,"Apollo Hospital, Navi Mumbai",DNBRADIO DIAGNOSIS,DNB Post MBBS,GEN,"? 125,000","? 89,000",0,? 0,473,
1,1930,Maharashtra,"BARC Hosp, Mumbai",DNBRADIO DIAGNOSIS,DNB Post MBBS,GEN,"? 125,000","? 96,000",0,? 0,390,
1,1931,Telangana,"Osmania Med Coll, Hyderabad",PAEDIATRICS,AIQ,GEN,"?15,000","? 67,032",1,"? 2,000,000",4800,
1,1932,Maharashtra,"Indira Gandhi MedColl, Nagpur",GENERAL MEDICINE,AIQ,EWS,"?1,57,100","? 93,559",1,"? 5,000,000",822,
1,1934,Andhra Pradesh,"SV Med Coll, Tirupati",GENERAL MEDICINE,AIQ,OBC,"?30,000","? 60,823",0,?0,940,
1,1935,Maharashtra,"Pimpri Chinchwad, Pimpri",GENERAL MEDICINE,AIQ,OBC,"?1,57,100","? 93,559",1,"? 5,000,000",750,
1,1936,Madhya Pradesh,"Gandhi Med Coll, Bhopal",GENERAL MEDICINE,AIQ,OBC,"?1,01,500","? 75,444",1,"?10,00,000",1135,
1,1939,Uttar Pradesh,"IMS(BHU), Varanasi",OBG,AIQ,GEN,"?48,226","?1,12,054",0,? 0,2424,
1,1940,Tamil Nadu,Govt Villupuram Med Coll,GENERAL MEDICINE,AIQ,GEN,"?50,000","?54,025",2,"?40,00,000",670,
1,1942,Telangana,"Krishna IMS, Secunderabad",DNBGENERAL MEDICINE,DNB Post MBBS,GEN,"? 125,000","?67,032",0,? 0,675,
1,1943,Karnataka,"Bangalore Med Coll, Bangalore",OBG,AIQ,OBC,"?1,23,400","? 56,250",1,"?50,00,000",1993,
1,1944,Karnataka,"IGICH, Bangalore",PAEDIATRICS,AIQ,OBC,"?1,23,400","? 56,250",1,"?50,00,000",500,
1,1946,Delhi,"ESI, Basaidarpur, Delhi",GENERAL MEDICINE,IP,GEN,"?2,50,000","?1,30,846",2,"?10,00,000",600,
1,1947,Uttar Pradesh,"GSVM Med Coll, Kanpur",GENERAL MEDICINE,AIQ,OBC,"?24,000","?1,10,646",2,"?40,00,000",2083,
1,1948,Delhi,"Max SS Hosp,ShalimarBagh,Delhi",DNBRADIO DIAGNOSIS,DNB Post MBBS,GEN,"? 125,000","? 60,000",0,? 0,402,
1,1950,Maharashtra,"Seth GS, Mumbai",OBG,AIQ,GEN,"?1,57,100","? 93,559",1,"? 5,000,000",2250,
1,1951,Tamil Nadu,"ESI PGIMSR, KK Nagar, Chennai",GENERAL MEDICINE,AIQ,OBC,"?2,50,000","?1,15,506",2,"?10,00,000",470,
1,1952,Tamil Nadu,"Madras Med Coll, Chennai",OBG,AIQ,OBC,"?50,000","?54,025",2,"?40,00,000",7285,
1,1953,Maharashtra,"Govt Med Coll, Chandrapur",DERMATOLOGY,AIQ,OBC,"?1,57,100","? 93,559",1,"? 5,000,000",650,
1,1954,Delhi,"Shri Balaji Action Med, Delhi",DNBRADIO DIAGNOSIS,DNB Post MBBS,GEN,"? 125,000","? 72,000",0,? 0,275,
1,1955,Uttar Pradesh,"KGMU, Lucknow",PAEDIATRICS,AIQ,GEN,"?54,700","? 126,725",2,"?40,00,000",4500,
1,1956,Maharashtra,"Jehangir Hospital, Pune",DNBRADIO DIAGNOSIS,DNB Post MBBS,GEN,"? 125,000","?87,000",0,? 0,335,
1,1961,Bihar,"Nalanda Med Coll, Patna",RADIO DIAGNOSIS,AIQ,EWS,"?9,000","? 82,000",2,"?25,00,000",750,
1,1962,Maharashtra,"SRTT, Ambajogai",GENERAL MEDICINE,AIQ,GEN,"?1,57,100","? 93,559",1,"? 5,000,000",518,
1,1963,Goa,"Goa Med Coll, Panaji",GENERAL MEDICINE,AIQ,EWS,"?1,22,522","?80,000",1,"?50,00,000",1160,
1,1965,Tamil Nadu,Govt Villupuram Med Coll,GENERAL MEDICINE,AIQ,GEN,"?50,000","?54,025",2,"?40,00,000",670,
1,1966,West Bengal,"IPGMER, Kolkata",GENERAL MEDICINE,AIQ,OBC,"?12,000","? 61,634",3,"?30,00,000",2300,
1,1967,Jammu and Kashmir,"Govt Med Coll, Jammu",RADIO DIAGNOSIS,AIQ,OBC,"?25,000","? 63,240",0,?0,2663,
1,1968,Rajasthan,"Govt Med Coll, Kota",GENERAL MEDICINE,AIQ,GEN,"?14,093","?87,216",2,"? 15,000,000",2581,
1,1969,Kerala,"Medical Trust Hospital, Kochi",DNBRADIO DIAGNOSIS,DNB Post MBBS,GEN,"? 125,000","? 57,876",0,? 0,575,
1,1970,Kerala,"Govt Med Coll, Kottayam",GENERAL SURGERY,AIQ,GEN,"?69,470","? 57,876",1,"?50,00,000",2094,
1,1971,Tamil Nadu,"Madras Med Coll, Chennai",PAEDIATRICS,AIQ,OBC,"?50,000","?54,025",2,"?40,00,000",7285,
1,1972,Odisha,"SCB, Cuttack",PAEDIATRICS,AIQ,GEN,"?35,000","? 73,042",2,"?55,09,464",2106,
1,1973,Kerala,"Medical Trust Hospital, Kochi",DNBDERMATOLOGY,DNB Post MBBS,GEN,"? 125,000","? 57,876",0,? 0,575,
1,1974,Maharashtra,"Indira Gandhi MedColl, Nagpur",ORTHOPAEDICS,AIQ,GEN,"?1,57,100","? 93,559",1,"? 5,000,000",822,
1,1976,Jharkhand,"CIP, Ranchi",PSYCHIATRY,AIQ,GEN,"? 3,000","? 100,706",0,? 0,643,
1,1977,Kerala,"Medical College, Trivandrum",PAEDIATRICS,AIQ,OBC,"?69,470","? 57,876",1,"?50,00,000",2126,
1,1978,Uttar Pradesh,"LLRM Med Coll, Meerut",GENERAL MEDICINE,AIQ,GEN,"?24,000","?1,10,646",2,"?40,00,000",1090,
1,1979,Delhi,"VMMC, Delhi",OPHTHALMOLOGY,AIQ,GEN,"?15,000","?1,20,965",1,"? 2,000,000",1550,
1,1980,Karnataka,"Apollo Hosp, Bannerghatta, BLR",DNBRADIO DIAGNOSIS,DNB Post MBBS,GEN,"? 125,000","? 56,250",0,? 0,350,
1,1981,Maharashtra,"Seth GS, Mumbai",OBG,AIQ,GEN,"?1,57,100","? 93,559",1,"? 5,000,000",2250,
1,1982,Odisha,"MKCG, Berhampur",GENERAL MEDICINE,AIQ,OBC,"?35,000","? 73,042",2,"?55,09,464",1140,
1,1983,Maharashtra,"Grant Med Coll, Mumbai",GENERAL SURGERY,AIQ,OBC,"?1,57,100","? 93,559",1,"? 5,000,000",2844,
1,1984,Tamil Nadu,"Stanley Med Coll, Chennai",GENERAL SURGERY,AIQ,GEN,"?50,000","?54,025",2,"?40,00,000",1661,
1,1985,Delhi,"UCMS, Delhi",GENERAL MEDICINE,DU,OBC,"?47,220","?1,32,336",1,"? 2,000,000",1000,
1,1986,Telangana,"Osmania Med Coll, Hyderabad",OBG,AIQ,GEN,"?15,000","? 67,032",1,"? 2,000,000",4800,
1,1987,Delhi,"Max SS Hosp, Patparganj,Delhi",DNBRADIO DIAGNOSIS,DNB Post MBBS,GEN,"? 125,000","? 60,000",0,? 0,402,
1,1988,Telangana,"ESIC Med Coll,Sanath Nagar",GENERAL SURGERY,AIQ,GEN,"?2,50,000","? 130,653",2,"?10,00,000",690,
1,1989,Maharashtra,"Apollo Hospital, Navi Mumbai",DNBRADIO DIAGNOSIS,DNB Post MBBS,GEN,"? 125,000","? 89,000",0,? 0,473,
1,1990,Uttar Pradesh,"KGMU, Lucknow",PAEDIATRICS,AIQ,GEN,"?54,700","? 126,725",2,"?40,00,000",4500,
1,1991,Maharashtra,"VMMC, Solapur",DERMATOLOGY,AIQ,EWS,"?1,57,100","? 93,559",1,"? 5,000,000",763,
1,1992,Uttar Pradesh,"KGMU, Lucknow",GENERAL SURGERY,AIQ,GEN,"?54,700","? 126,725",2,"?40,00,000",4500,
1,1994,Maharashtra,"Seth GS, Mumbai",OBG,AIQ,GEN,"?1,57,100","? 93,559",1,"? 5,000,000",2250,
1,1995,Delhi,"UCMS, Delhi",ORTHOPAEDICS,AIQ,GEN,"?47,220","?1,32,336",1,"? 2,000,000",1000,
1,1997,Delhi,"Sir Ganga Ram Hospital, Delhi",DNBNUCLEAR MEDICINE,DNB Post MBBS,GEN,"? 125,000","? 92,000",0,? 0,737,
1,1998,Delhi,"Max SS Hosp, Patparganj,Delhi",DNBRADIO DIAGNOSIS,DNB Post MBBS,GEN,"? 125,000","? 60,000",0,? 0,402,
1,1999,Gujarat,"Govt Med Coll, Surat",RADIO DIAGNOSIS,AIQ,OBC,"?30,000","? 100,800",1,"?40,00,000",1150,
1,2000,Andhra Pradesh,"SV Med Coll, Tirupati",DERMATOLOGY,AIQ,GEN,"?30,000","? 60,823",0,?0,940,
1,2001,Haryana,"Pt BD Sharma, Rohtak",DERMATOLOGY,AIQ,OBC,"?1,25,000","?1,04,346",0,?0,2080,
1,2002,Tamil Nadu,"Kanyakumari Med Coll, Asaripallam",GENERAL MEDICINE,AIQ,GEN,"?50,000","?54,025",2,"?40,00,000",840,
1,2003,Maharashtra,"Tata Memorial, Mumbai",RADIATION ONCOLOGY,AIQ,GEN,"?1,05,500","? 105,840",1,"?25,00,000",614,
1,2005,Rajasthan,"JLNMC, Ajmer",DERMATOLOGY,AIQ,OBC,"?14,093","?87,216",2,"? 15,000,000",1428,
1,2006,Rajasthan,"SMS, Jaipur",OBG,AIQ,GEN,"?14,093","?87,216",2,"? 15,000,000",5702,
1,2007,Maharashtra,"Poona Hospital & RC, Pune",DNBGENERAL MEDICINE,DNB Post MBBS,GEN,"? 125,000","? 94,200",0,? 0,300,
1,2008,Andhra Pradesh,"Govt Med Coll, Ananthapuram",RADIO DIAGNOSIS,AIQ,OBC,"?30,000","? 60,823",0,?0,500,
1,2009,Uttar Pradesh,"BRD Med Coll, Gorakhpur",GENERAL MEDICINE,AIQ,GEN,"?24,000","?1,10,646",2,"?40,00,000",1050,
1,2010,Andhra Pradesh,"Kurnool Med Coll, Kurnool",GENERAL MEDICINE,AIQ,OBC,"?30,000","? 60,823",0,?0,1150,
1,2011,Chandigarh,"GMC, Chandigarh",ORTHOPAEDICS,AIQ,GEN,"?34,500","?1,09,926",0,? 0,967,
1,2012,Kerala,"Govt Med Coll, Kottayam",PAEDIATRICS,AIQ,OBC,"?69,470","? 57,876",1,"?50,00,000",2094,
1,2013,Tamil Nadu,"ESI PGIMSR, KK Nagar, Chennai",GENERAL MEDICINE,AIQ,OBC,"?2,50,000","?1,15,506",2,"?10,00,000",470,
1,2014,Maharashtra,"Sri Bhausaheb, Dhule",DERMATOLOGY,AIQ,OBC,"?1,57,100","? 93,559",1,"? 5,000,000",545,
1,2015,Uttar Pradesh,"LLRM Med Coll, Meerut",GENERAL MEDICINE,AIQ,GEN,"?24,000","?1,10,646",2,"?40,00,000",1090,
1,2016,Rajasthan,"Govt Med Coll, Kota",GENERAL MEDICINE,AIQ,GEN,"?14,093","?87,216",2,"? 15,000,000",2581,
1,2019,Kerala,"Govt Med Coll, Kozhikode",GENERAL SURGERY,AIQ,OBC,"?69,470","? 57,876",1,"?50,00,000",3025,
1,2020,Andhra Pradesh,"Rajiv Gandhi IMS, Ongole",RADIO DIAGNOSIS,AIQ,GEN,"?30,000","? 60,823",0,?0,500,
1,2021,Maharashtra,"Govt Med Coll, Nagpur",GENERAL SURGERY,AIQ,GEN,"?1,57,100","? 93,559",1,"? 5,000,000",1866,
1,2022,Delhi,"VMMC, Delhi",GENERAL SURGERY,IP,GEN,"?15,000","?1,20,965",1,"? 2,000,000",1550,
1,2025,Andhra Pradesh,"Rajiv Gandhi IMS, Srikakulam",RADIO DIAGNOSIS,AIQ,OBC,"?30,000","? 60,823",0,?0,532,
1,2026,Delhi,"Deen Dayal Upadhyay, Delhi",DNBGENERAL MEDICINE,DNB Post MBBS,GEN,"? 125,000","? 126,927",1,"?20,00,000",640,
1,2029,West Bengal,"Govt. Med College, Kolkata",PAEDIATRICS,AIQ,GEN,"?12,000","? 61,634",3,"?30,00,000",2668,
1,2030,Delhi,"MAMC, Delhi",PAEDIATRICS,AIQ,EWS,"?16,200","?1,32,336",1,"? 2,000,000",2800,
1,2031,Maharashtra,"Saifee Hospital, Mumbai",DNBRADIO DIAGNOSIS,DNB Post MBBS,GEN,"? 125,000","? 89,700",0,? 0,257,
1,2032,Maharashtra,"Indira Gandhi MedColl, Nagpur",GENERAL MEDICINE,AIQ,OBC,"?1,57,100","? 93,559",1,"? 5,000,000",822,
1,2033,Rajasthan,"Govt Med Coll, Kota",GENERAL MEDICINE,AIQ,GEN,"?14,093","?87,216",2,"? 15,000,000",2581,
1,2035,Andhra Pradesh,"Kurnool Med Coll, Kurnool",GENERAL MEDICINE,AIQ,OBC,"?30,000","? 60,823",0,?0,1150,
1,2036,West Bengal,"Govt. Med College, Kolkata",GENERAL SURGERY,AIQ,GEN,"?12,000","? 61,634",3,"?30,00,000",2668,
1,2038,Telangana,"Gandhi Med Coll, Secunderabad",OBG,AIQ,EWS,"?15,000","? 67,032",1,"? 2,000,000",1200,
1,2039,Uttar Pradesh,"Medanta Hosp, Sushanth Golf, Lucknow",DNBRADIO DIAGNOSIS,DNB Post MBBS,GEN,"? 125,000","? 65,000",0,? 0,900,
1,2041,Maharashtra,"Breach Candy Hospital, Mumbai",DNBGENERAL MEDICINE,DNB Post MBBS,GEN,"? 125,000","?89,489",0,? 0,213,
1,2042,Bihar,"Patna Med Coll, Patna",GENERAL MEDICINE,AIQ,OBC,"?9,000","? 82,000",2,"?25,00,000",1748,
1,2043,Delhi,"Dr Baba Saheb Ambedkar, Delhi",DNBDERMATOLOGY,DNB Post MBBS,GEN,"? 125,000","? 126,927",1,"?20,00,000",500,
1,2044,Andhra Pradesh,"Rajiv Gandhi IMS, Ongole",RADIO DIAGNOSIS,AIQ,OBC,"?30,000","? 60,823",0,?0,500,
1,2045,Maharashtra,"PGIMS, Navi Mumbai",GENERAL MEDICINE,AIQ,OBC,"?1,57,100","? 93,559",1,"? 5,000,000",580,
1,2047,Uttar Pradesh,"KGMU, Lucknow",PAEDIATRICS,AIQ,GEN,"?54,700","? 126,725",2,"?40,00,000",4500,
1,2048,Rajasthan,"SP Med Coll, Bikaner",DERMATOLOGY,AIQ,OBC,"?14,093","?87,216",2,"? 15,000,000",1570,
1,2049,Telangana,"Kakatiya Med Coll, Warangal",DERMATOLOGY,AIQ,GEN,"?15,000","? 67,032",1,"? 2,000,000",1150,
1,2052,Telangana,"Govt Med Coll, Nizamabad",GENERAL MEDICINE,AIQ,GEN,"?15,000","? 67,032",1,"? 2,000,000",500,
1,2053,Uttar Pradesh,"IMS(BHU), Varanasi",ENT,AIQ,GEN,"?48,226","?1,12,054",0,? 0,2424,
1,2054,Odisha,"SUM Ultimate, Bhubaneswar,Odisha",DNBRADIO DIAGNOSIS,DNB Post MBBS,GEN,"? 125,000","?70,000",0,? 0,350,
1,2055,West Bengal,Midnapore Medical College,GENERAL MEDICINE,AIQ,GEN,"?12,000","? 61,634",3,"?30,00,000",1051,
1,2056,Kerala,"Govt Med Coll, Kozhikode",OBG,AIQ,GEN,"?69,470","? 57,876",1,"?50,00,000",3025,
1,2057,Punjab,"Govt Med Coll, Patiala",GENERAL MEDICINE,AIQ,EWS,"?1,25,000","?76,000",2,"?20,00,000",1130,
1,2058,Rajasthan,"SMS, Jaipur",GENERAL SURGERY,AIQ,GEN,"?14,093","?87,216",2,"? 10,000,000",5702,
1,2059,Telangana,"Apollo Hosp,Jubilee Hills,Hyd",DNBRADIO DIAGNOSIS,DNB Post MBBS,GEN,"? 125,000","?67,032",0,? 0,550,
1,2060,Rajasthan,"Jhalawar Med Coll, Jhalawar",GENERAL MEDICINE,AIQ,GEN,"?89,489","?87,216",2,"? 15,000,000",Info Not Available,
1,2061,West Bengal,"IPGMER, Kolkata",GENERAL SURGERY,AIQ,GEN,"?12,000","? 61,634",3,"?30,00,000",2300,
1,2062,Andhra Pradesh,"Guntur Med Coll, Guntur",GENERAL MEDICINE,AIQ,OBC,"?30,000","? 60,823",0,?0,1170,
1,2063,Jammu and Kashmir,"Govt Med Coll, Srinagar",DERMATOLOGY,AIQ,OBC,"?32,500","? 63,240",0,?0,3120,
1,2065,Andhra Pradesh,"Andhra Med Coll, Vizag",GENERAL SURGERY,AIQ,GEN,"?30,000","? 60,823",0,?0,1030,
1,2066,Gujarat,"BJMC, Ahmedabad",PAEDIATRICS,AIQ,GEN,"?30,000","? 100,800",1,"?40,00,000",1557,
1,2067,Delhi,"Shri Balaji Action Med, Delhi",DNBRADIO DIAGNOSIS,DNB Post MBBS,GEN,"? 125,000","? 72,000",0,? 0,275,
1,2068,Odisha,"SCB, Cuttack",OBG,AIQ,GEN,"?35,000","? 73,042",2,"?55,09,464",2106,
1,2069,Maharashtra,"Hiranandani Hosp(Fortis), Vashi",DNBRADIO DIAGNOSIS,DNB Post MBBS,GEN,"? 125,000","?50,000",0,? 0,150,
1,2070,Chandigarh,"GMC, Chandigarh",GENERAL SURGERY,AIQ,GEN,"?34,500","?1,09,926",0,? 0,967,
1,2071,Tamil Nadu,"Stanley Med Coll, Chennai",GENERAL SURGERY,AIQ,GEN,"?50,000","?54,025",2,"?40,00,000",1661,
1,2072,Tamil Nadu,"Madras Med Coll, Chennai",PAEDIATRICS,AIQ,OBC,"?50,000","?54,025",2,"?40,00,000",7285,
1,2073,Tamil Nadu,"GKNM Hospital, Coimbatore",DNBRADIO DIAGNOSIS,DNB Post MBBS,GEN,"? 125,000","? 49,440",0,? 0,750,
1,2076,Delhi,"Lady Hardinge, Delhi",ORTHOPAEDICS,AIQ,GEN,"?16,200","?1,26,927",1,"? 2,000,000",877,
1,2077,Kerala,"Medical Trust Hospital, Kochi",DNBRADIO DIAGNOSIS,DNB Post MBBS,GEN,"? 125,000","? 57,876",0,? 0,575,
1,2078,Delhi,"VMMC, Delhi",GENERAL SURGERY,IP,GEN,"?15,000","?1,20,965",1,"? 2,000,000",1550,
1,2079,Uttar Pradesh,"IMS(BHU), Varanasi",PSYCHIATRY,AIQ,GEN,"?48,226","?1,12,054",0,? 0,2424,
1,2080,Karnataka,"NarayanaHrudyalaya,Bommasandra",DNBGENERAL MEDICINE,DNB Post MBBS,GEN,"? 125,000","? 56,250",0,? 0,2000,
1,2082,Tamil Nadu,"Stanley Med Coll, Chennai",GENERAL SURGERY,AIQ,GEN,"?50,000","?54,025",2,"?40,00,000",1661,
1,2083,Maharashtra,"VMMC, Solapur",GENERAL MEDICINE,AIQ,OBC,"?1,57,100","? 93,559",1,"? 5,000,000",763,
1,2084,Andhra Pradesh,"SV Med Coll, Tirupati",GENERAL MEDICINE,AIQ,EWS,"?30,000","? 60,823",0,?0,940,
1,2085,West Bengal,Midnapore Medical College,GENERAL MEDICINE,AIQ,GEN,"?12,000","? 61,634",3,"?30,00,000",1051,
1,2086,Maharashtra,"Sadhu Vaswani Missions, Pune",DNBRADIO DIAGNOSIS,DNB Post MBBS,GEN,"? 125,000","? 90,000",0,? 0,430,
1,2087,West Bengal,"IPGMER, Kolkata",RADIO DIAGNOSIS,AIQ,OBC,"?12,000","? 61,634",3,"?30,00,000",2300,
1,2089,Karnataka,"Aster CMI Hospital, Bangalore",DNBRADIO DIAGNOSIS,DNB Post MBBS,GEN,"? 125,000","? 56,250",0,? 0,509,
1,2090,Rajasthan,"SMS, Jaipur",PAEDIATRICS,AIQ,GEN,"?14,093","?87,216",2,"? 10,000,000",5702,
1,2091,Uttar Pradesh,"JNMC (AMU), Aligarh",GENERAL MEDICINE,AMU,GEN,"?54,700","?1,14,975",0,? 0,1269,
1,2093,Odisha,"PGIMER&CapitalHosp,Bhubaneswar",OBG,AIQ,GEN,"?35,000","? 73,042",2,"?55,09,464",760,
1,2094,Gujarat,"SAL Hosp & Med Inst, Ahmedabad",DNBGENERAL MEDICINE,DNB Post MBBS,GEN,"? 125,000","? 81,000",0,? 0,230,
1,2095,Maharashtra,"MPGIMER, Nashik",GENERAL MEDICINE,AIQ,EWS,"?1,57,100","? 93,559",1,"? 5,000,000",560,
1,2096,Gujarat,"BJMC, Ahmedabad",GENERAL MEDICINE,AIQ,OBC,"?30,000","? 100,800",1,"?40,00,000",1557,
1,2097,Tamil Nadu,"Billroth Hospital, Chennai",DNBRADIO DIAGNOSIS,DNB Post MBBS,GEN,"? 125,000","? 50,923",0,? 0,350,
1,2098,Delhi,"Lady Hardinge, Delhi",OBG,DU,GEN,"?16,200","?1,26,927",1,"? 2,000,000",877,
1,2099,Telangana,"Krishna IMS, Secunderabad",DNBRADIO DIAGNOSIS,DNB Post MBBS,GEN,"? 125,000","?67,032",0,? 0,675,
1,2100,Karnataka,"Kasturba Med Coll, Manipal",DERMATOLOGY,MNG,GEN,"?28,70,000","? 56,250",0,? 0,2032,
1,2101,Tamil Nadu,Govt Thoothukudi Med Coll,GENERAL MEDICINE,AIQ,GEN,"?50,000","?54,025",2,"?40,00,000",1212,
1,2102,Gujarat,"BJMC, Ahmedabad",GENERAL MEDICINE,AIQ,OBC,"?30,000","? 100,800",1,"?40,00,000",1557,
1,2103,Gujarat,"BJMC, Ahmedabad",PAEDIATRICS,AIQ,GEN,"?30,000","? 100,800",1,"?40,00,000",1557,
1,2105,Tamil Nadu,"GKNM Hospital, Coimbatore",DNBRADIO DIAGNOSIS,DNB Post MBBS,GEN,"? 125,000","? 49,440",0,? 0,750,
1,2106,Jammu and Kashmir,"Govt Med Coll, Srinagar",OBG,AIQ,GEN,"?32,500","? 63,240",0,?0,3120,
1,2107,Kerala,"Baby Memorial, Kozhikode",DNBGENERAL MEDICINE,DNB Post MBBS,GEN,"? 125,000","? 57,876",0,? 0,600,
1,2108,Odisha,"MKCG, Berhampur",ORTHOPAEDICS,AIQ,GEN,"?35,000","? 73,042",2,"?55,09,464",1140,
1,2111,Delhi,"VMMC, Delhi",PSYCHIATRY,IP,GEN,"?15,000","?1,20,965",1,"? 2,000,000",1550,
1,2112,Kerala,"Medical Trust Hospital, Kochi",DNBRADIO DIAGNOSIS,DNB Post MBBS,GEN,"? 125,000","? 57,876",0,? 0,575,
1,2113,Maharashtra,"Indira Gandhi MedColl, Nagpur",GENERAL MEDICINE,AIQ,OBC,"?1,57,100","? 93,559",1,"? 5,000,000",822,
1,2114,Jammu and Kashmir,"Govt Med Coll, Srinagar",GENERAL MEDICINE,AIQ,GEN,"?32,500","? 63,240",0,?0,3120,
1,2115,Haryana,"Asian IMS, Faridabad",DNBRADIO DIAGNOSIS,DNB Post MBBS,GEN,"? 125,000","? 58,100",0,? 0,425,
1,2116,Maharashtra,"Seth GS, Mumbai",OBG,AIQ,OBC,"?1,57,100","? 93,559",1,"? 5,000,000",2250,
1,2117,Karnataka,"KIMS, Hubli",DERMATOLOGY,AIQ,OBC,"?1,23,400","? 56,250",1,"?50,00,000",1200,
1,2119,Karnataka,Karwar Inst of Med Sciences,GENERAL MEDICINE,AIQ,GEN,"?1,23,400","? 56,250",1,"?50,00,000",650,
1,2121,Uttar Pradesh,"JNMC (AMU), Aligarh",GENERAL MEDICINE,AMU,GEN,"?54,700","?1,14,975",0,? 0,1269,
1,2122,Delhi,"VMMC, Delhi",PAEDIATRICS,IP,GEN,"?15,000","?1,20,965",1,"? 2,000,000",1550,
1,2123,Madhya Pradesh,"Gandhi Med Coll, Bhopal",GENERAL MEDICINE,AIQ,OBC,"?1,01,500","? 75,444",1,"?10,00,000",1135,
1,2125,Chandigarh,"GMC, Chandigarh",ANAESTHESIOLOGY,AIQ,GEN,"?34,500","?1,09,926",0,? 0,967,
1,2126,Andhra Pradesh,"Govt Siddhartha, Vijaywada",DERMATOLOGY,AIQ,GEN,"?30,000","? 60,823",0,?0,707,
1,2127,Maharashtra,"Govt Med Coll, Miraj",GENERAL MEDICINE,AIQ,EWS,"?1,57,100","? 93,559",1,"? 5,000,000",725,
1,2128,Tamil Nadu,Govt Dharmapuri Med Coll,GENERAL MEDICINE,AIQ,GEN,"?50,000","?54,025",2,"?40,00,000",Info Not Available,
1,2129,Delhi,"Deen Dayal Upadhyay, Delhi",DNBGENERAL MEDICINE,DNB Post MBBS,GEN,"? 125,000","? 126,927",1,"?20,00,000",640,
1,2130,Karnataka,"Shimoga IMS, Shimoga",DERMATOLOGY,AIQ,EWS,"?1,23,400","? 56,250",1,"?50,00,000",950,
1,2131,Maharashtra,"Govt Med Coll, Latur",GENERAL MEDICINE,AIQ,EWS,"?1,57,100","? 93,559",1,"? 5,000,000",750,
1,2132,Delhi,"VMMC, Delhi",OBG,AIQ,OBC,"?15,000","?1,20,965",1,"? 2,000,000",1550,
1,2133,Maharashtra,"Govt Med Coll, Nanded",GENERAL MEDICINE,AIQ,EWS,"?1,57,100","? 93,559",1,"? 5,000,000",750,
1,2134,Maharashtra,"HurkisondasNurrotumdas, Mumbai",DNBNUCLEAR MEDICINE,DNB Post MBBS,GEN,"? 125,000","? 94,000",0,? 0,360,
1,2135,Maharashtra,"MGIMS, Wardha",GENERAL MEDICINE,AIQ,EWS,"?1,57,100","? 93,559",1,"? 5,000,000",1000,
1,2136,Telangana,"Govt Med Coll, Nizamabad",GENERAL MEDICINE,AIQ,EWS,"?15,000","? 67,032",1,"? 2,000,000",500,
1,2137,Kerala,"Medical College, Trivandrum",GENERAL SURGERY,AIQ,GEN,"?69,470","? 57,876",1,"?50,00,000",2126,
1,2138,Kerala,"Govt Med Coll, Kottayam",GENERAL SURGERY,AIQ,GEN,"?69,470","? 57,876",1,"?50,00,000",2094,
1,2139,Tamil Nadu,"Stanley Med Coll, Chennai",PAEDIATRICS,AIQ,GEN,"?50,000","?54,025",2,"?40,00,000",1661,
1,2140,Delhi,"ESI, Basaidarpur, Delhi",PAEDIATRICS,AIQ,GEN,"?2,50,000","?1,30,846",2,"?10,00,000",600,
1,2142,Punjab,"Govt Med Coll, Patiala",DERMATOLOGY,AIQ,OBC,"?1,25,000","?76,000",2,"?20,00,000",1130,
1,2143,Delhi,"VMMC, Delhi",ANAESTHESIOLOGY,AIQ,GEN,"?15,000","?1,20,965",1,"? 2,000,000",1550,
1,2144,Maharashtra,"Breach Candy Hospital, Mumbai",DNBGENERAL MEDICINE,DNB Post MBBS,GEN,"? 125,000","?89,489",0,? 0,213,
1,2145,Andhra Pradesh,"Rajiv Gandhi IMS, Kadapa",RADIO DIAGNOSIS,AIQ,OBC,"?30,000","? 60,823",0,?0,715,
1,2146,Delhi,"VMMC, Delhi",GENERAL SURGERY,IP,GEN,"?15,000","?1,20,965",1,"? 2,000,000",1550,
1,2147,Delhi,"VMMC, Delhi",ANAESTHESIOLOGY,AIQ,GEN,"?15,000","?1,20,965",1,"? 2,000,000",1550,
1,2148,Haryana,"Fortis Memorial RI, Gurgaon",DNBNUCLEAR MEDICINE,DNB Post MBBS,GEN,"? 125,000","? 57,000",0,? 0,300,
1,2149,Uttar Pradesh,"Govt IMS, Greater Noida",DNBRADIO DIAGNOSIS,DNB Post MBBS,GEN,"? 125,000","? 110,646",0,?0,500,
1,2150,Uttar Pradesh,"LLRM Med Coll, Meerut",GENERAL MEDICINE,AIQ,OBC,"?24,000","?1,10,646",2,"?40,00,000",1090,
1,2151,Uttar Pradesh,"Apollomedics SS Hosp, Lucknow",DNBRADIO DIAGNOSIS,DNB Post MBBS,GEN,"? 125,000","? 80,000",0,? 0,300,
1,2153,Gujarat,"Medical College, Baroda",GENERAL MEDICINE,AIQ,OBC,"?30,000","? 100,800",1,"?40,00,000",1250,
1,2154,Delhi,"MAMC, Delhi",PAEDIATRICS,DU,GEN,"?16,200","?1,32,336",1,"? 2,000,000",2800,
1,2155,Madhya Pradesh,"Bombay Hospital, Indore",DNBRADIO DIAGNOSIS,DNB Post MBBS,GEN,"? 125,000","? 75,444",0,? 0,350,
1,2156,Haryana,"Pt BD Sharma, Rohtak",GENERAL SURGERY,AIQ,GEN,"?1,25,000","?1,04,346",0,?0,2080,
1,2157,Uttar Pradesh,"Dr RML IMS, Lucknow",PAEDIATRICS,AIQ,GEN,"?35,000","? 126,726",2,"?40,00,000",1368,
1,2158,Gujarat,"Govt Med Coll, Surat",GENERAL SURGERY,AIQ,GEN,"?30,000","? 100,800",1,"?40,00,000",1150,
1,2159,Andhra Pradesh,"Rangaraya Med Coll, Kakinada",GENERAL MEDICINE,AIQ,EWS,"?30,000","? 60,823",0,?0,1450,
1,2160,Delhi,"Lady Hardinge, Delhi",ORTHOPAEDICS,AIQ,GEN,"?16,200","?1,26,927",1,"? 2,000,000",877,
1,2161,Rajasthan,"Eternal HeartCare Cent, Jaipur",DNBRADIO DIAGNOSIS,DNB Post MBBS,GEN,"? 125,000","? 64,584",0,? 0,225,
1,2162,Delhi,"VMMC, Delhi",ORTHOPAEDICS,AIQ,EWS,"?15,000","?1,20,965",1,"? 2,000,000",1550,
1,2163,Bihar,"Nalanda Med Coll, Patna",GENERAL MEDICINE,AIQ,GEN,"?9,000","? 82,000",2,"?25,00,000",750,
1,2164,Telangana,"NIMS Hospital, Hyderabad",DNBNUCLEAR MEDICINE,DNB Post MBBS,OBC,"? 125,000","? 114,945",1,"? 2,000,000",1500,
1,2165,Karnataka,"Chamrajanagar IMS, Karnataka",GENERAL MEDICINE,AIQ,GEN,"?1,23,400","? 56,250",1,"?50,00,000",750,
1,2166,Telangana,"Yashoda Hosp,SPRd,Secunderabad",DNBRADIO DIAGNOSIS,DNB Post MBBS,GEN,"? 125,000","? 67,032",0,? 0,1026,
1,2167,Bihar,"Darbhanga, Lehriasarai",RADIO DIAGNOSIS,AIQ,OBC,"?9,000","? 82,000",2,"?25,00,000",1030,
1,2168,Maharashtra,"Hiranandani Hosp(Fortis), Vashi",DNBRADIO DIAGNOSIS,DNB Post MBBS,GEN,"? 125,000","?50,000",0,? 0,150,
1,2169,Delhi,"Max SS Hosp,ShalimarBagh,Delhi",DNBRADIO DIAGNOSIS,DNB Post MBBS,GEN,"? 125,000","? 60,000",0,? 0,402,
1,2170,Himachal Pradesh,"IGMC, Shimla",RADIO DIAGNOSIS,AIQ,OBC,"?24,000","?40,000",2,"?40,00,000",1031,
1,2171,Andhra Pradesh,"Govt Siddhartha, Vijaywada",GENERAL MEDICINE,AIQ,GEN,"?30,000","? 60,823",0,?0,707,
1,2172,Maharashtra,"Govt Med Coll, Nanded",GENERAL MEDICINE,AIQ,OBC,"?1,57,100","? 93,559",1,"? 5,000,000",750,
1,2173,Maharashtra,"Ruby Hall Clinic, Pune",DNBNUCLEAR MEDICINE,DNB Post MBBS,GEN,"? 125,000","? 89,698",0,? 0,600,
1,2174,Kerala,"Govt Med Coll, Kottayam",PAEDIATRICS,AIQ,OBC,"?69,470","? 57,876",1,"?50,00,000",2094,
1,2175,Andhra Pradesh,"Rajiv Gandhi IMS, Kadapa",GENERAL MEDICINE,AIQ,GEN,"?30,000","? 60,823",0,?0,715,
1,2176,Karnataka,"Mysore Med Coll, Mysore",GENERAL SURGERY,AIQ,GEN,"?1,23,400","? 56,250",1,"?50,00,000",1050,
1,2177,Madhya Pradesh,"Choithram Hospital, Indore",DNBRADIO DIAGNOSIS,DNB Post MBBS,GEN,"? 125,000","? 75,444",0,? 0,350,
1,2178,Kerala,"Govt Med Coll, Kozhikode",OBG,AIQ,GEN,"?69,470","? 57,876",1,"?50,00,000",3025,
1,2180,Maharashtra,"GovtMedColl,ChhatrapatiSambhajiNgr",OBG,AIQ,GEN,"?1,57,100","? 93,559",1,"? 5,000,000",1177,
1,2181,Karnataka,"Manipal Hosp, Whitefield",DNBRADIO DIAGNOSIS,DNB Post MBBS,GEN,"? 125,000","?56,250",0,? 0,162,
1,2182,Delhi,"Sir Ganga Ram Hospital, Delhi",DNBPLASTIC SURGERY 6 YRS,DNB Post MBBS,GEN,"? 125,000","? 92,000",0,? 0,737,
1,2183,Delhi,"MaxSmart SS(SaketCityH),Delhi",DNBGENERAL MEDICINE,DNB Post MBBS,GEN,"? 125,000","?60,000",0,? 0,250,
1,2184,Gujarat,"BJMC, Ahmedabad",GENERAL MEDICINE,AIQ,SC,"?30,000","? 100,800",1,"?40,00,000",1557,
1,2185,Odisha,"MKCG, Berhampur",RADIO DIAGNOSIS,AIQ,OBC,"?35,000","? 73,042",2,"?55,09,464",1140,
1,2186,Maharashtra,"Poona Hospital & RC, Pune",DNBGENERAL MEDICINE,DNB Post MBBS,GEN,"? 125,000","? 94,200",0,? 0,300,
1,2187,West Bengal,"Apollo Gleneagles, Kolkata",DNBGENERAL MEDICINE,DNB Post MBBS,GEN,"? 125,000","?61,634",0,? 0,750,
1,2188,Andhra Pradesh,"Rajiv Gandhi IMS, Ongole",GENERAL MEDICINE,AIQ,GEN,"?30,000","? 60,823",0,?0,500,
1,2189,Tamil Nadu,"Kanyakumari Med Coll, Asaripallam",GENERAL MEDICINE,AIQ,OBC,"?50,000","?54,025",2,"?40,00,000",840,
1,2190,Himachal Pradesh,"RPG, Tanda",GENERAL MEDICINE,AIQ,GEN,"?24,000","?40,000",2,"?40,00,000",828,
1,2191,Chandigarh,"GMC, Chandigarh",GENERAL SURGERY,AIQ,GEN,"?34,500","?1,09,926",0,? 0,967,
1,2193,Gujarat,"GMERS MedColl Hosp,Himmatnagar",DNBDERMATOLOGY,DNB Post MBBS,GEN,"? 125,000","? 100,800",0,? 0,750,
1,2194,Tamil Nadu,"Stanley Med Coll, Chennai",PAEDIATRICS,AIQ,GEN,"?50,000","?54,025",2,"?40,00,000",1661,
1,2195,Maharashtra,"Apollo Hospital, Navi Mumbai",DNBRADIO DIAGNOSIS,DNB Post MBBS,GEN,"? 125,000","? 89,000",0,? 0,473,
1,2196,West Bengal,"IPGMER, Kolkata",ORTHOPAEDICS,AIQ,GEN,"?12,000","? 61,634",3,"?30,00,000",2300,
1,2197,Assam,"Assam Med Coll, Dibrugarh",GENERAL MEDICINE,AIQ,GEN,"?27,300","?55,200",2,"?20,00,000",1365,
1,2199,West Bengal,Bankura Sammilani Med Coll,DERMATOLOGY,AIQ,GEN,"?12,000","? 61,634",3,"?30,00,000",1441,
1,2200,Tamil Nadu,"SRMC & RI, Chennai",GENERAL MEDICINE,MNG,GEN,"?32,00,000","? 48,000",0,? 0,1800,
1,2201,Delhi,"Lady Hardinge, Delhi",PAEDIATRICS,AIQ,OBC,"?16,200","?1,26,927",1,"? 2,000,000",877,
1,2202,Uttar Pradesh,"MLN Med Coll, Allahabad",GENERAL MEDICINE,AIQ,OBC,"?24,000","?1,10,646",2,"?40,00,000",Info Not Available,
1,2204,Uttar Pradesh,"KGMU, Lucknow",OBG,AIQ,GEN,"?54,700","? 126,725",2,"?40,00,000",4500,
1,2205,Tamil Nadu,"Stanley Med Coll, Chennai",PAEDIATRICS,AIQ,GEN,"?50,000","?54,025",2,"?40,00,000",1661,
1,2206,Chhattisgarh,"Pt JNM Med Coll, Raipur",GENERAL MEDICINE,AIQ,GEN,"?20,000","? 67,500",2,"?50,00,000",1246,
1,2207,Telangana,"Kakatiya Med Coll, Warangal",GENERAL MEDICINE,AIQ,OBC,"?15,000","? 67,032",1,"? 2,000,000",1150,
1,2208,Haryana,"ESIC Med Coll, Faridabad",OBG,AIQ,GEN,"?2,50,000","?1,15,853",2,"?10,00,000",625,
1,2209,Delhi,"MAMC, Delhi",PAEDIATRICS,AIQ,OBC,"?16,200","?1,32,336",1,"? 2,000,000",2800,
1,2210,Maharashtra,"HBT & RN Cooper, Mumbai",GENERAL SURGERY,AIQ,GEN,"?1,57,100","? 93,559",1,"? 5,000,000",940,
1,2211,Gujarat,"Medical College, Baroda",OBG,AIQ,GEN,"?30,000","? 100,800",1,"?40,00,000",1250,
1,2212,Karnataka,"KIMS, Hubli",PAEDIATRICS,AIQ,GEN,"?1,23,400","? 56,250",1,"?50,00,000",1200,
1,2213,Delhi,"Holy Family Hospital, Delhi",DNBGENERAL MEDICINE,DNB Post MBBS,GEN,"? 125,000","? 82,150",0,? 0,345,
1,2214,Maharashtra,"BARC Hosp, Mumbai",DNBGENERAL MEDICINE,DNB Post MBBS,GEN,"? 125,000","? 96,000",0,? 0,390,
1,2216,Punjab,"Govt Med Coll, Patiala",PAEDIATRICS,AIQ,GEN,"?1,25,000","?76,000",2,"?20,00,000",1130,
1,2218,Rajasthan,"Jhalawar Med Coll, Jhalawar",GENERAL MEDICINE,AIQ,GEN,"?89,489","?87,216",2,"? 15,000,000",Info Not Available,
1,2219,Maharashtra,"MGIMS, Wardha",GENERAL MEDICINE,AIQ,OBC,"?1,57,100","? 93,559",1,"? 5,000,000",1000,
1,2220,Telangana,"AIG Hospital, Hyderabad",DNBNUCLEAR MEDICINE,DNB Post MBBS,GEN,"? 125,000","? 67,032",0,? 0,720,
1,2221,Maharashtra,"Indira Gandhi MedColl, Nagpur",GENERAL SURGERY,AIQ,GEN,"?1,57,100","? 93,559",1,"? 5,000,000",822,
1,2222,Gujarat,"MP Shah, Jamnagar",PAEDIATRICS,AIQ,GEN,"?30,000","? 100,800",1,"?40,00,000",1250,
1,2224,Andhra Pradesh,"Rangaraya Med Coll, Kakinada",GENERAL MEDICINE,AIQ,OBC,"?30,000","? 60,823",0,?0,1450,
1,2225,Maharashtra,"Grant Med Coll, Mumbai",ORTHOPAEDICS,AIQ,GEN,"?1,57,100","? 93,559",1,"? 5,000,000",2844,
1,2226,Tamil Nadu,"Madras Med Coll, Chennai",TBRD,AIQ,GEN,"?50,000","?54,025",2,"?40,00,000",7285,
1,2228,Maharashtra,"Holy Family Hospital, Mumbai",DNBRADIO DIAGNOSIS,DNB Post MBBS,GEN,"? 125,000","? 85,000",0,? 0,268,
1,2229,Uttar Pradesh,"SN Med Coll, Agra",GENERAL MEDICINE,AIQ,GEN,"?24,000","?1,10,646",2,"?40,00,000",976,
1,2230,Andhra Pradesh,"Rangaraya Med Coll, Kakinada",GENERAL MEDICINE,AIQ,OBC,"?30,000","? 60,823",0,?0,1450,
1,2231,Assam,"Assam Med Coll, Dibrugarh",GENERAL MEDICINE,AIQ,GEN,"?27,300","?55,200",2,"?20,00,000",1365,
1,2232,Madhya Pradesh,"Bundelkhand Med Coll, Sagar",GENERAL MEDICINE,AIQ,GEN,"?1,01,500","? 75,444",1,"?10,00,000",750,
1,2233,Rajasthan,"RNT, Udaipur",GENERAL MEDICINE,AIQ,OBC,"?14,093","?87,216",2,"? 15,000,000",2206,
1,2234,Tamil Nadu,"GKNM Hospital, Coimbatore",DNBRADIO DIAGNOSIS,DNB Post MBBS,GEN,"? 125,000","? 49,440",0,? 0,750,
1,2235,Delhi,"Rajiv Gandhi Cancer Inst,Delhi",DNBNUCLEAR MEDICINE,DNB Post MBBS,GEN,"? 125,000","? 73,000",0,? 0,498,
1,2237,Bihar,"Patna Med Coll, Patna",GENERAL MEDICINE,AIQ,EWS,"?9,000","? 82,000",2,"?25,00,000",1748,
1,2238,Maharashtra,"Seth GS, Mumbai",RADIO DIAGNOSIS,AIQ,SC,"?1,57,100","? 93,559",1,"? 5,000,000",2250,
1,2239,Maharashtra,"Pimpri Chinchwad, Pimpri",GENERAL SURGERY,AIQ,GEN,"?1,57,100","? 93,559",1,"? 5,000,000",750,
1,2240,Uttar Pradesh,"SN Med Coll, Agra",GENERAL MEDICINE,AIQ,GEN,"?24,000","?1,10,646",2,"?40,00,000",976,
1,2241,Haryana,"Metro Heart Inst, Faridabad",DNBRADIO DIAGNOSIS,DNB Post MBBS,GEN,"? 125,000","? 90,208",0,? 0,400,
1,2242,Maharashtra,"Jupiter Lifeline Hosp, Pune",DNBRADIO DIAGNOSIS,DNB Post MBBS,GEN,"? 125,000","? 86,000",0,? 0,350,
1,2243,Gujarat,"PDU Med Coll, Rajkot",GENERAL MEDICINE,AIQ,EWS,"?30,000","? 100,800",1,"?40,00,000",750,
1,2244,Delhi,"VMMC, Delhi",ENT,AIQ,GEN,"?15,000","?1,20,965",1,"? 2,000,000",1550,
1,2245,Karnataka,"Bidar IMS, Bidar",GENERAL MEDICINE,AIQ,GEN,"?1,23,400","? 56,250",1,"?50,00,000",500,
1,2247,Tamil Nadu,"Kovai MedicalCentre,Coimbatore",DNBGENERAL MEDICINE,DNB Post MBBS,GEN,"? 125,000","? 48,000",0,? 0,1650,
1,2249,Gujarat,"BJMC, Ahmedabad",PAEDIATRICS,AIQ,GEN,"?30,000","? 100,800",1,"?40,00,000",1557,
1,2250,Uttar Pradesh,"KGMU, Lucknow",OBG,AIQ,GEN,"?54,700","? 126,725",2,"?40,00,000",4500,
1,2251,Assam,"Gauhati Med Coll, Guwahati",RADIO DIAGNOSIS,AIQ,OBC,"?27,300","?55,200",2,"?20,00,000",2185,
1,2252,Chandigarh,"Govt MultSpec Hosp, Chandigarh",DNBRADIO DIAGNOSIS,DNB Post MBBS,OBC,"? 125,000","? 109,926",0,? 0,500,
1,2253,Delhi,"MAMC, Delhi",OPHTHALMOLOGY,DU,GEN,"?16,200","?1,32,336",1,"? 2,000,000",2800,
1,2254,Uttar Pradesh,"Yatharth SS, Omega 1,GreatrNoida",DNBRADIO DIAGNOSIS,DNB Post MBBS,GEN,"? 125,000","? 80,000",0,? 0,400,
1,2255,Maharashtra,"Sri Bhausaheb, Dhule",GENERAL MEDICINE,AIQ,EWS,"?1,57,100","? 93,559",1,"? 5,000,000",545,
1,2256,Delhi,"Lady Hardinge, Delhi",OBG,AIQ,OBC,"?16,200","?1,26,927",1,"? 2,000,000",877,
1,2257,Maharashtra,"Govt Med Coll, Miraj",GENERAL MEDICINE,AIQ,OBC,"?1,57,100","? 93,559",1,"? 5,000,000",725,
1,2259,Delhi,"ABVIMS (Dr RML Hosp), Delhi",PAEDIATRICS,IP,GEN,"? 51,000","? 136,008",1,"? 2,000,000",1626,
1,2260,Jharkhand,"CIP, Ranchi",PSYCHIATRY,AIQ,GEN,"? 3,000","? 100,706",0,? 0,643,
1,2261,Delhi,"VMMC, Delhi",ORTHOPAEDICS,IP,GEN,"?15,000","?1,20,965",1,"? 2,000,000",1550,
1,2262,Rajasthan,"SNMC, Jodhpur",OBG,AIQ,GEN,"?14,093","?87,216",2,"? 15,000,000",3101,
1,2263,Rajasthan,"SMS, Jaipur",PAEDIATRICS,AIQ,GEN,"?14,093","?87,216",2,"? 10,000,000",5702,
1,2264,Maharashtra,"MGIMS, Wardha",GENERAL MEDICINE,AIQ,OBC,"?1,57,100","? 93,559",1,"? 5,000,000",1000,
1,2265,Andhra Pradesh,"Rajiv Gandhi IMS, Kadapa",GENERAL MEDICINE,AIQ,GEN,"?30,000","? 60,823",0,?0,715,
1,2266,Bihar,"IGIMS, Patna",DERMATOLOGY,AIQ,EWS,"?1,60,000","?1,22,878",0,? 0,1170,
1,2267,Tamil Nadu,"Madras Med Coll, Chennai",PAEDIATRICS,AIQ,OBC,"?50,000","?54,025",2,"?40,00,000",7285,
1,2268,Gujarat,"Govt Med Coll, Surat",GENERAL SURGERY,AIQ,GEN,"?30,000","? 100,800",1,"?40,00,000",1150,
1,2269,Madhya Pradesh,"Bundelkhand Med Coll, Sagar",GENERAL MEDICINE,AIQ,GEN,"?1,01,500","? 75,444",1,"?10,00,000",750,
1,2270,Telangana,"Osmania Med Coll, Hyderabad",TBRD,AIQ,GEN,"?15,000","? 67,032",1,"? 2,000,000",4800,
1,2271,Telangana,"Osmania Med Coll, Hyderabad",ENT,AIQ,GEN,"?15,000","? 67,032",1,"? 2,000,000",4800,
1,2272,Maharashtra,"Govt Med Coll, Latur",GENERAL MEDICINE,AIQ,OBC,"?1,57,100","? 93,559",1,"? 5,000,000",750,
1,2273,Odisha,"MKCG, Berhampur",OBG,AIQ,GEN,"?35,000","? 73,042",2,"?55,09,464",1140,
1,2274,Uttar Pradesh,"SN Med Coll, Agra",GENERAL MEDICINE,AIQ,GEN,"?24,000","?1,10,646",2,"?40,00,000",976,
1,2275,Uttar Pradesh,"Yashoda SS Hosp, Ghaziabad",DNBRADIO DIAGNOSIS,DNB Post MBBS,GEN,"? 125,000","? 62,000",0,? 0,300,
1,2276,Jammu and Kashmir,"Govt Med Coll, Jammu",PAEDIATRICS,AIQ,GEN,"?25,000","? 63,240",0,?0,2663,
1,2277,Kerala,"Govt Med Coll, Kozhikode",OBG,AIQ,GEN,"?69,470","? 57,876",1,"?50,00,000",3025,
1,2278,Tamil Nadu,Govt Sivagangai Med Coll,GENERAL MEDICINE,AIQ,GEN,"?50,000","?54,025",2,"?40,00,000",Info Not Available,
1,2279,Odisha,"SCB, Cuttack",PAEDIATRICS,AIQ,GEN,"?35,000","? 73,042",2,"?55,09,464",2106,
1,2280,Karnataka,"ESIC Med Coll,Gulbarga",GENERAL MEDICINE,AIQ,GEN,"?2,50,000","?1,14,016",2,"?10,00,000",480,
1,2283,Delhi,"ABVIMS (Dr RML Hosp), Delhi",OPHTHALMOLOGY,AIQ,GEN,"? 51,000","? 136,008",1,"? 2,000,000",1626,
1,2284,Jammu and Kashmir,"Govt Med Coll, Srinagar",RADIO DIAGNOSIS,AIQ,OBC,"?32,500","? 63,240",0,?0,3120,
1,2285,Jharkhand,"CIP, Ranchi",PSYCHIATRY,AIQ,GEN,"? 3,000","? 100,706",0,? 0,643,
1,2286,Tamil Nadu,"Kovai MedicalCentre,Coimbatore",DNBGENERAL MEDICINE,DNB Post MBBS,GEN,"? 125,000","? 48,000",0,? 0,1650,
1,2287,Rajasthan,"SP Med Coll, Bikaner",GENERAL MEDICINE,AIQ,OBC,"?14,093","?87,216",2,"? 15,000,000",1570,
1,2290,Telangana,"Osmania Med Coll, Hyderabad",PAEDIATRICS,AIQ,GEN,"?15,000","? 67,032",1,"? 2,000,000",4800,
1,2291,Tamil Nadu,"Stanley Med Coll, Chennai",GENERAL SURGERY,AIQ,OBC,"?50,000","?54,025",2,"?40,00,000",1661,
1,2293,Maharashtra,"Poona Hospital & RC, Pune",DNBGENERAL MEDICINE,DNB Post MBBS,GEN,"? 125,000","? 94,200",0,? 0,300,
1,2294,Rajasthan,"SMS, Jaipur",ORTHOPAEDICS,AIQ,GEN,"?14,093","?87,216",2,"? 10,000,000",5702,
1,2295,Uttar Pradesh,"Dr RML IMS, Lucknow",GENERAL SURGERY,AIQ,GEN,"?35,000","? 126,726",2,"?40,00,000",1368,
1,2296,Delhi,"ABVIMS (Dr RML Hosp), Delhi",GENERAL SURGERY,IP,GEN,"? 51,000","? 136,008",1,"? 2,000,000",1626,
1,2298,Delhi,"MAMC, Delhi",PAEDIATRICS,DU,GEN,"?16,200","?1,32,336",1,"? 2,000,000",2800,
1,2299,Delhi,"VMMC, Delhi",RADIO DIAGNOSIS,IP,SC,"?15,000","?1,20,965",1,"? 2,000,000",1550,
1,2302,Tamil Nadu,Govt Dharmapuri Med Coll,GENERAL MEDICINE,AIQ,GEN,"?50,000","?54,025",2,"?40,00,000",Info Not Available,
1,2303,Kerala,"Govt Med Coll, Kozhikode",TBRD,AIQ,GEN,"?69,470","? 57,876",1,"?50,00,000",3025,
1,2304,Haryana,"Pt BD Sharma, Rohtak",ORTHOPAEDICS,AIQ,GEN,"?1,25,000","?1,04,346",0,?0,2080,
1,2305,Maharashtra,"Holy Family Hospital, Mumbai",DNBRADIO DIAGNOSIS,DNB Post MBBS,GEN,"? 125,000","? 85,000",0,? 0,268,
1,2306,Maharashtra,"Sadhu Vaswani Missions, Pune",DNBGENERAL MEDICINE,DNB Post MBBS,GEN,"? 125,000","? 90,000",0,? 0,430,
1,2307,Jharkhand,"CIP, Ranchi",PSYCHIATRY,AIQ,GEN,"? 3,000","? 100,706",0,? 0,643,
1,2308,Maharashtra,"Topiwala, Mumbai",ORTHOPAEDICS,AIQ,GEN,"?1,57,100","? 93,559",1,"? 5,000,000",1300,
1,2309,Rajasthan,"SNMC, Jodhpur",GENERAL MEDICINE,AIQ,OBC,"?14,093","?87,216",2,"? 15,000,000",3101,
1,2310,Madhya Pradesh,"MGM Med Coll, Indore",ORTHOPAEDICS,AIQ,GEN,"?1,01,500","? 75,444",1,"?10,00,000",1300,
1,2311,Kerala,"Govt Med Coll, Kozhikode",OBG,AIQ,GEN,"?69,470","? 57,876",1,"?50,00,000",3025,
1,2312,Delhi,"VMMC, Delhi",PAEDIATRICS,AIQ,OBC,"?15,000","?1,20,965",1,"? 2,000,000",1550,
1,2313,Kerala,"Medical College, Trivandrum",GENERAL SURGERY,AIQ,GEN,"?69,470","? 57,876",1,"?50,00,000",2126,
1,2314,Uttar Pradesh,"IMS(BHU), Varanasi",GENERAL SURGERY,AIQ,OBC,"?48,226","?1,12,054",0,? 0,2424,
1,2315,Kerala,"TD Med Coll, Allepey",PAEDIATRICS,AIQ,OBC,"?69,470","? 57,876",1,"?50,00,000",1050,
1,2317,Maharashtra,"VMMC, Solapur",GENERAL MEDICINE,AIQ,OBC,"?1,57,100","? 93,559",1,"? 5,000,000",763,
1,2318,Maharashtra,"MPGIMER, Nashik",RADIO DIAGNOSIS,AIQ,EWS,"?1,57,100","? 93,559",1,"? 5,000,000",560,
1,2319,Karnataka,"Bangalore Med Coll, Bangalore",ORTHOPAEDICS,AIQ,GEN,"?1,23,400","? 56,250",1,"?50,00,000",1993,
1,2320,Gujarat,"Govt Med Coll, Surat",ORTHOPAEDICS,AIQ,GEN,"?30,000","? 100,800",1,"?40,00,000",1150,
1,2322,Delhi,"VMMC, Delhi",OBG,IP,GEN,"?15,000","?1,20,965",1,"? 2,000,000",1550,
1,2323,Karnataka,"Chamrajanagar IMS, Karnataka",GENERAL MEDICINE,AIQ,OBC,"?1,23,400","? 56,250",1,"?50,00,000",750,
1,2325,Rajasthan,"SP Med Coll, Bikaner",GENERAL MEDICINE,AIQ,SC,"?14,093","?87,216",2,"? 15,000,000",1570,
1,2327,Maharashtra,"Breach Candy Hospital, Mumbai",DNBGENERAL MEDICINE,DNB Post MBBS,GEN,"? 125,000","?89,489",0,? 0,213,
1,2328,West Bengal,"Govt. Med College, Kolkata",PAEDIATRICS,AIQ,GEN,"?12,000","? 61,634",3,"?30,00,000",2668,
1,2330,Telangana,"Osmania Med Coll, Hyderabad",GENERAL SURGERY,AIQ,GEN,"?15,000","? 67,032",1,"? 2,000,000",4800,
1,2331,Tamil Nadu,"SankaraNethralaya, Pycrofts,CHN",DNBOPHTHALMOLOGY,DNB Post MBBS,GEN,"? 125,000","? 48,000",0,? 0,86,
1,2332,Rajasthan,"SMS, Jaipur",PAEDIATRICS,AIQ,GEN,"?14,093","?87,216",2,"? 10,000,000",5702,
1,2334,Karnataka,"Mysore Med Coll, Mysore",PAEDIATRICS,AIQ,GEN,"?1,23,400","? 56,250",1,"?50,00,000",1050,
1,2336,Rajasthan,"SMS, Jaipur",GENERAL SURGERY,AIQ,GEN,"?14,093","?87,216",2,"? 10,000,000",5702,
1,2337,Maharashtra,"Seth GS, Mumbai",OPHTHALMOLOGY,AIQ,GEN,"?1,57,100","? 93,559",1,"? 5,000,000",2250,
1,2338,Tamil Nadu,"Madras Med Coll, Chennai",GENERAL SURGERY,AIQ,GEN,"?50,000","?54,025",2,"?40,00,000",7285,
1,2339,Uttar Pradesh,"MLB Med Coll, Jhansi",GENERAL MEDICINE,AIQ,GEN,"?24,000","?1,10,646",2,"?40,00,000",700,
1,2340,Delhi,Human Care Med Trust Dwarka,DNBRADIO DIAGNOSIS,DNB Post MBBS,GEN,"? 125,000","? 57,000",0,? 0,380,
1,2341,Tamil Nadu,"MIOT Hospital, Chennai",DNBRADIO DIAGNOSIS,DNB Post MBBS,GEN,"? 125,000","?60,000",0,? 0,920,
1,2342,Delhi,"UCMS, Delhi",OPHTHALMOLOGY,AIQ,GEN,"?47,220","?1,32,336",1,"? 2,000,000",1000,
1,2343,Rajasthan,"Govt Med Coll, Kota",GENERAL MEDICINE,AIQ,EWS,"?14,093","?87,216",2,"? 15,000,000",2581,
1,2345,Kerala,"Medical Trust Hospital, Kochi",DNBRADIO DIAGNOSIS,DNB Post MBBS,GEN,"? 125,000","? 57,876",0,? 0,575,
1,2346,Goa,"Goa Med Coll, Panaji",ANAESTHESIOLOGY,AIQ,GEN,"?1,22,522","?80,000",1,"?50,00,000",1160,
1,2347,Andhra Pradesh,"SVIMS, Tirupati",GENERAL MEDICINE,AIQ,OBC,"?1,75,000","? 96,951",1,"?40,00,000",1257,
1,2348,Telangana,"Rajiv Gandhi IMS, Adilabad",GENERAL MEDICINE,AIQ,GEN,"?15,000","? 67,032",1,"? 2,000,000",Info Not Available,
1,2349,Maharashtra,"Seth GS, Mumbai",PAEDIATRICS,AIQ,OBC,"?1,57,100","? 93,559",1,"? 5,000,000",2250,
1,2350,Delhi,"Holy Family Hospital, Delhi",DNBGENERAL MEDICINE,DNB Post MBBS,GEN,"? 125,000","? 82,150",0,? 0,345,
1,2352,Uttar Pradesh,"Max Super Speciality Hosp, Lucknow",DNBRADIO DIAGNOSIS,DNB Post MBBS,GEN,"? 125,000","?60,000",0,? 0,299,
1,2354,Manipur,"RIMS, Imphal",RADIO DIAGNOSIS,AIQ,OBC,"?5,000","? 109,926",1,"?20,00,000",1074,
1,2355,Karnataka,"Manipal Hosp, Rustum Bagh, BLR",DNBGENERAL MEDICINE,DNB Post MBBS,GEN,"? 125,000","? 56,250",0,? 0,600,
1,2356,Chhattisgarh,"Pt JNM Med Coll, Raipur",GENERAL MEDICINE,AIQ,GEN,"?20,000","? 67,500",2,"?50,00,000",1246,
1,2357,Maharashtra,"MPGIMER, Nashik",GENERAL MEDICINE,AIQ,OBC,"?1,57,100","? 93,559",1,"? 5,000,000",560,
1,2359,Uttar Pradesh,"JNMC (AMU), Aligarh",GENERAL SURGERY,AIQ,GEN,"?54,700","?1,14,975",0,? 0,1269,
1,2360,Maharashtra,"Grant Med Coll, Mumbai",RADIO DIAGNOSIS,AIQ,ST,"?1,57,100","? 93,559",1,"? 5,000,000",2844,
1,2361,Jharkhand,"CIP, Ranchi",PSYCHIATRY,AIQ,GEN,"? 3,000","? 100,706",0,? 0,643,
1,2362,Andhra Pradesh,"Rangaraya Med Coll, Kakinada",GENERAL MEDICINE,AIQ,OBC,"?30,000","? 60,823",0,?0,1450,
1,2363,Andhra Pradesh,"ACSR Medical College, Nellore",GENERAL MEDICINE,AIQ,GEN,"?30,000","? 60,823",0,?0,355,
1,2364,Himachal Pradesh,"IGMC, Shimla",GENERAL MEDICINE,AIQ,OBC,"?24,000","?40,000",2,"?40,00,000",1031,
1,2368,Telangana,"AIG Hospital, Hyderabad",DNBRADIO DIAGNOSIS,DNB Post MBBS,GEN,"? 125,000","? 67,032",0,? 0,720,
1,2370,Tamil Nadu,"Madurai Med Coll, Madurai",PAEDIATRICS,AIQ,GEN,"?50,000","?54,025",2,"?40,00,000",3518,
1,2371,Kerala,"Govt Med Coll, Kozhikode",TBRD,AIQ,GEN,"?69,470","? 57,876",1,"?50,00,000",3025,
1,2372,Assam,"Silchar Med Coll, Silchar",GENERAL MEDICINE,AIQ,GEN,"?25,900","?55,200",2,"?20,00,000",1256,
1,2373,Haryana,"Pt BD Sharma, Rohtak",OBG,AIQ,GEN,"?1,25,000","?1,04,346",0,?0,2080,
1,2374,Andhra Pradesh,"Rajiv Gandhi IMS, Kadapa",GENERAL MEDICINE,AIQ,GEN,"?30,000","? 60,823",0,?0,715,
1,2375,Madhya Pradesh,"Gandhi Med Coll, Bhopal",GENERAL MEDICINE,AIQ,OBC,"?1,01,500","? 75,444",1,"?10,00,000",1135,
1,2377,Telangana,"Yashoda Hosp,SPRd,Secunderabad",DNBRADIO DIAGNOSIS,DNB Post MBBS,GEN,"? 125,000","? 67,032",0,? 0,1026,
1,2378,Maharashtra,"MGM NewBombay Hosp,Navi Mumbai",DNBRADIO DIAGNOSIS,DNB Post MBBS,GEN,"? 125,000","? 89,698",0,? 0,400,
1,2380,Telangana,"Osmania Med Coll, Hyderabad",PAEDIATRICS,AIQ,GEN,"?15,000","? 67,032",1,"? 2,000,000",4800,
1,2381,Bihar,"Nalanda Med Coll, Patna",GENERAL MEDICINE,AIQ,GEN,"?9,000","? 82,000",2,"?25,00,000",750,
1,2382,Delhi,"ESI, Basaidarpur, Delhi",DERMATOLOGY,IP,GEN,"?2,50,000","?1,30,846",2,"?10,00,000",600,
1,2383,Maharashtra,"Ashoka Medicover Hosp, Nashik",DNBRADIO DIAGNOSIS,DNB Post MBBS,GEN,"? 125,000","?86,000",0,? 0,225,
1,2384,Maharashtra,"Jehangir Hospital, Pune",DNBGENERAL MEDICINE,DNB Post MBBS,GEN,"? 125,000","?87,000",0,? 0,335,
1,2386,Haryana,"Pt BD Sharma, Rohtak",GENERAL SURGERY,AIQ,GEN,"?1,25,000","?1,04,346",0,?0,2080,
1,2387,Odisha,"VIMSAR, Burla",GENERAL MEDICINE,AIQ,OBC,"?35,000","? 73,042",2,"?55,09,464",1071,
1,2388,Maharashtra,"KJ Somaiya MedColl Hosp,Mumbai",DNBGENERAL MEDICINE,DNB Post MBBS,GEN,"? 125,000","? 86,629",0,? 0,520,
1,2389,Tamil Nadu,"Madras Med Coll, Chennai",PSYCHIATRY,AIQ,GEN,"?50,000","?54,025",2,"?40,00,000",7285,
1,2390,Telangana,"Yashoda Hosp,SPRd,Secunderabad",DNBRADIO DIAGNOSIS,DNB Post MBBS,GEN,"? 125,000","? 67,032",0,? 0,1026,
1,2391,Maharashtra,"Topiwala, Mumbai",PAEDIATRICS,AIQ,GEN,"?1,57,100","? 93,559",1,"? 5,000,000",1300,
1,2393,Haryana,"Pt BD Sharma, Rohtak",ORTHOPAEDICS,AIQ,GEN,"?1,25,000","?1,04,346",0,?0,2080,
1,2394,Rajasthan,"Govt Med Coll, Bharatpur",GENERAL MEDICINE,AIQ,GEN,"?89,489","?87,216",2,"? 15,000,000",Info Not Available,
1,2395,Telangana,"Osmania Med Coll, Hyderabad",GENERAL SURGERY,AIQ,GEN,"?15,000","? 67,032",1,"? 2,000,000",4800,
1,2396,Rajasthan,"Eternal HeartCare Cent, Jaipur",DNBRADIO DIAGNOSIS,DNB Post MBBS,GEN,"? 125,000","? 64,584",0,? 0,225,
1,2397,Uttar Pradesh,"LLRM Med Coll, Meerut",GENERAL MEDICINE,AIQ,EWS,"?24,000","?1,10,646",2,"?40,00,000",1090,
1,2399,Gujarat,"Medical College, Baroda",GENERAL MEDICINE,AIQ,OBC,"?30,000","? 100,800",1,"?40,00,000",1250,
1,2400,Maharashtra,"Grant Med Coll, Mumbai",OBG,AIQ,GEN,"?1,57,100","? 93,559",1,"? 5,000,000",2844,
1,2401,Bihar,"Darbhanga, Lehriasarai",GENERAL MEDICINE,AIQ,GEN,"?9,000","? 82,000",2,"?25,00,000",1030,
1,2402,Gujarat,"MP Shah, Jamnagar",PAEDIATRICS,AIQ,GEN,"?30,000","? 100,800",1,"?40,00,000",1250,
1,2403,Gujarat,"SAL Hosp & Med Inst, Ahmedabad",DNBGENERAL MEDICINE,DNB Post MBBS,GEN,"? 125,000","? 81,000",0,? 0,230,
1,2404,Punjab,"Govt Med Coll, Amritsar",GENERAL MEDICINE,AIQ,EWS,"?1,25,000","?76,000",2,"?20,00,000",951,
1,2407,Maharashtra,"Grant Med Coll, Mumbai",PSYCHIATRY,AIQ,GEN,"?1,57,100","? 93,559",1,"? 5,000,000",2844,
1,2408,Odisha,"MKCG, Berhampur",PAEDIATRICS,AIQ,GEN,"?35,000","? 73,042",2,"?55,09,464",1140,
1,2409,Himachal Pradesh,"IGMC, Shimla",RADIO DIAGNOSIS,AIQ,OBC,"?24,000","?40,000",2,"?40,00,000",1031,
1,2411,Maharashtra,"Grant Med Coll, Mumbai",OBG,AIQ,GEN,"?1,57,100","? 93,559",1,"? 5,000,000",2844,
1,2412,Delhi,"VMMC, Delhi",ORTHOPAEDICS,AIQ,SC,"?15,000","?1,20,965",1,"? 2,000,000",1550,
1,2413,Rajasthan,"Santokbha Durlabhji Mem,Jaipur",DNBGENERAL MEDICINE,DNB Post MBBS,GEN,"? 125,000","? 82,800",0,? 0,525,
1,2414,Karnataka,"KIMS, Hubli",OBG,AIQ,GEN,"?1,23,400","? 56,250",1,"?50,00,000",1200,
1,2415,Telangana,"Rajiv Gandhi IMS, Adilabad",DERMATOLOGY,AIQ,GEN,"?15,000","? 67,032",1,"? 2,000,000",Info Not Available,
1,2416,Maharashtra,"Lilavati Hospital, Mumbai",DNBNUCLEAR MEDICINE,DNB Post MBBS,GEN,"? 125,000","? 86,630",0,? 0,330,
1,2417,West Bengal,"Govt. Med College, Kolkata",OBG,AIQ,GEN,"?12,000","? 61,634",3,"?30,00,000",2668,
1,2418,Delhi,"ABVIMS (Dr RML Hosp), Delhi",ORTHOPAEDICS,AIQ,OBC,"? 51,000","? 136,008",1,"? 2,000,000",1626,
1,2419,Maharashtra,"Govt Med Coll, Nagpur",PAEDIATRICS,AIQ,GEN,"?1,57,100","? 93,559",1,"? 5,000,000",1866,
1,2420,Tamil Nadu,Govt Thoothukudi Med Coll,GENERAL MEDICINE,AIQ,OBC,"?50,000","?54,025",2,"?40,00,000",1212,
1,2421,Uttar Pradesh,"IMS(BHU), Varanasi",ORTHOPAEDICS,AIQ,GEN,"?48,226","?1,12,054",0,? 0,2424,
1,2422,Uttar Pradesh,"IMS(BHU), Varanasi",PAEDIATRICS,AIQ,OBC,"?48,226","?1,12,054",0,? 0,2424,
1,2425,Karnataka,"Koppal Inst of MS, Koppal",GENERAL MEDICINE,AIQ,OBC,"?1,23,400","? 56,250",1,"?50,00,000",Info Not Available,
1,2427,Maharashtra,"BJMC, Pune",OBG,AIQ,GEN,"?1,57,100","? 93,559",1,"? 5,000,000",1296,
1,2428,Rajasthan,"Jhalawar Med Coll, Jhalawar",GENERAL MEDICINE,AIQ,EWS,"?89,489","?87,216",2,"? 15,000,000",Info Not Available,
1,2429,Gujarat,"Shalby Hosp, SG Highway, Ahm",DNBRADIO DIAGNOSIS,DNB Post MBBS,GEN,"? 125,000","? 100,800",0,? 0,200,
1,2430,Karnataka,"KIMS, Hubli",PAEDIATRICS,AIQ,GEN,"?1,23,400","? 56,250",1,"?50,00,000",1200,
1,2431,Telangana,"Continental Hosp, Hyderabad",DNBRADIO DIAGNOSIS,DNB Post MBBS,GEN,"? 125,000","?67,032",0,? 0,587,
1,2432,Karnataka,"Aster CMI Hospital, Bangalore",DNBRADIO DIAGNOSIS,DNB Post MBBS,GEN,"? 125,000","? 56,250",0,? 0,509,
1,2433,Uttar Pradesh,"GSVM Med Coll, Kanpur",GENERAL MEDICINE,AIQ,OBC,"?24,000","?1,10,646",2,"?40,00,000",2083,
1,2434,Andhra Pradesh,"Apollo Hospital, Vizag",DNBRADIO DIAGNOSIS,DNB Post MBBS,GEN,"? 125,000","? 60,823",0,? 0,250,
1,2435,Telangana,"Osmania Med Coll, Hyderabad",PAEDIATRICS,AIQ,GEN,"?15,000","? 67,032",1,"? 2,000,000",4800,
1,2436,Telangana,"Gandhi Med Coll, Secunderabad",GENERAL SURGERY,AIQ,GEN,"?15,000","? 67,032",1,"? 2,000,000",1200,
1,2437,Odisha,"MKCG, Berhampur",GENERAL MEDICINE,AIQ,OBC,"?35,000","? 73,042",2,"?55,09,464",1140,
1,2438,Kerala,"Lourdes Hospital, Kochi",DNBRADIO DIAGNOSIS,DNB Post MBBS,GEN,"? 125,000","? 57,876",0,? 0,600,
1,2439,Karnataka,"Mysore Med Coll, Mysore",PAEDIATRICS,AIQ,GEN,"?1,23,400","? 56,250",1,"?50,00,000",1050,
1,2440,Delhi,"ABVIMS (Dr RML Hosp), Delhi",DERMATOLOGY,IP,EWS,"? 51,000","? 136,008",1,"? 2,000,000",1626,
1,2441,Maharashtra,"MGM NewBombay Hosp,Navi Mumbai",DNBRADIO DIAGNOSIS,DNB Post MBBS,GEN,"? 125,000","? 89,698",0,? 0,400,
1,2442,Chandigarh,"GMC, Chandigarh",ORTHOPAEDICS,AIQ,GEN,"?34,500","?1,09,926",0,? 0,967,
1,2444,Delhi,"Holy Family Hospital, Delhi",DNBGENERAL MEDICINE,DNB Post MBBS,GEN,"? 125,000","? 82,150",0,? 0,345,
1,2448,Tamil Nadu,"MIOT Hospital, Chennai",DNBRADIO DIAGNOSIS,DNB Post MBBS,GEN,"? 125,000","?60,000",0,? 0,920,
1,2449,Maharashtra,"Grant Med Coll, Mumbai",OBG,AIQ,GEN,"?1,57,100","? 93,559",1,"? 5,000,000",2844,
1,2450,Rajasthan,"SMS, Jaipur",GENERAL SURGERY,AIQ,GEN,"?14,093","?87,216",2,"? 10,000,000",5702,
1,2451,Odisha,"MKCG, Berhampur",PAEDIATRICS,AIQ,GEN,"?35,000","? 73,042",2,"?55,09,464",1140,
1,2453,Kerala,"Medical College, Trivandrum",ORTHOPAEDICS,AIQ,GEN,"?69,470","? 57,876",1,"?50,00,000",2126,
1,2454,Rajasthan,"Govt Med Coll, Bharatpur",GENERAL MEDICINE,AIQ,GEN,"?89,489","?87,216",2,"? 15,000,000",Info Not Available,
1,2455,Madhya Pradesh,"Gajra Raja Med Coll, Gwalior",GENERAL MEDICINE,AIQ,EWS,"?1,01,500","? 75,444",1,"?10,00,000",1100,
1,2456,Tamil Nadu,"Madras Med Coll, Chennai",GENERAL SURGERY,AIQ,GEN,"?50,000","?54,025",2,"?40,00,000",7285,
1,2457,Telangana,"AIG Hospital, Hyderabad",DNBRADIO DIAGNOSIS,DNB Post MBBS,GEN,"? 125,000","? 67,032",0,? 0,720,
1,2458,Delhi,"MAMC, Delhi",RADIO DIAGNOSIS,DU,SC,"?16,200","?1,32,336",1,"? 2,000,000",2800,
1,2459,Bihar,"Nalanda Med Coll, Patna",GENERAL MEDICINE,AIQ,GEN,"?9,000","? 82,000",2,"?25,00,000",750,
1,2460,Uttar Pradesh,"JNMC (AMU), Aligarh",GENERAL MEDICINE,AMU,GEN,"?54,700","?1,14,975",0,? 0,1269,
1,2461,Uttar Pradesh,"JNMC (AMU), Aligarh",GENERAL MEDICINE,AMU,GEN,"?54,700","?1,14,975",0,? 0,1269,
1,2462,Maharashtra,"Sahyadri SS Hosp, Karve Road",DNBRADIO DIAGNOSIS,DNB Post MBBS,GEN,"? 125,000","? 89,000",0,? 0,225,
1,2463,Uttar Pradesh,"KGMU, Lucknow",GENERAL SURGERY,AIQ,GEN,"?54,700","? 126,725",2,"?40,00,000",4500,
1,2465,Uttar Pradesh,"JNMC (AMU), Aligarh",PAEDIATRICS,AIQ,GEN,"?54,700","?1,14,975",0,? 0,1269,
1,2466,Andhra Pradesh,"Rajiv Gandhi IMS, Srikakulam",GENERAL MEDICINE,AIQ,GEN,"?30,000","? 60,823",0,?0,532,
1,2467,Tamil Nadu,"Madurai Med Coll, Madurai",GENERAL SURGERY,AIQ,GEN,"?50,000","?54,025",2,"?40,00,000",3518,
1,2468,Andhra Pradesh,"Rajiv Gandhi IMS, Kadapa",GENERAL MEDICINE,AIQ,OBC,"?30,000","? 60,823",0,?0,715,
1,2469,Kerala,"Govt Med Coll, Thrissur",PAEDIATRICS,AIQ,OBC,"?69,470","? 57,876",1,"?50,00,000",1400,
1,2470,Tamil Nadu,"Billroth Hospital, Chennai",DNBRADIO DIAGNOSIS,DNB Post MBBS,GEN,"? 125,000","? 50,923",0,? 0,350,
1,2471,Uttar Pradesh,"Auton. State Med Coll, Ayodhya",GENERAL MEDICINE,AIQ,GEN,"?24,000","?1,10,646",2,"?40,00,000",300,
1,2472,Goa,"Goa Med Coll, Panaji",GENERAL SURGERY,AIQ,GEN,"?1,22,522","?80,000",1,"?50,00,000",1160,
1,2473,Maharashtra,"Seth GS, Mumbai",PSYCHIATRY,AIQ,GEN,"?1,57,100","? 93,559",1,"? 5,000,000",2250,
1,2475,Rajasthan,"SMS, Jaipur",PAEDIATRICS,AIQ,GEN,"?14,093","?87,216",2,"? 10,000,000",5702,
1,2476,Gujarat,"Govt Med Coll, Surat",GENERAL SURGERY,AIQ,GEN,"?30,000","? 100,800",1,"?40,00,000",1150,
1,2477,Chandigarh,"Govt MultSpec Hosp, Chandigarh",DNBDERMATOLOGY,DNB Post MBBS,GEN,"? 125,000","? 109,926",0,? 0,500,
1,2478,Telangana,"Gandhi Med Coll, Secunderabad",ORTHOPAEDICS,AIQ,GEN,"?15,000","? 67,032",1,"? 2,000,000",1200,
1,2479,Uttarakhand,"Govt Med Coll, Haldwani",GENERAL MEDICINE,AIQ,GEN,"?60,000","?71,257",2,"?2,50,00,000",600,
1,2480,Karnataka,"IGICH, Bangalore",PAEDIATRICS,AIQ,OBC,"?1,23,400","? 56,250",1,"?50,00,000",500,
1,2481,Maharashtra,"GovtMedColl,ChhatrapatiSambhajiNgr",OBG,AIQ,GEN,"?1,57,100","? 93,559",1,"? 5,000,000",1177,
1,2482,Rajasthan,"Rukmani Birla Hospital, Jaipur",DNBRADIO DIAGNOSIS,DNB Post MBBS,GEN,"? 125,000","?76,176",0,? 0,230,
1,2483,Delhi,"Lady Hardinge, Delhi",PAEDIATRICS,DU,GEN,"?16,200","?1,26,927",1,"? 2,000,000",877,
1,2484,Karnataka,"Bangalore Baptist, Bangalore",DNBGENERAL MEDICINE,DNB Post MBBS,GEN,"? 125,000","? 56,250",0,? 0,450,
1,2485,Telangana,"Osmania Med Coll, Hyderabad",PAEDIATRICS,AIQ,GEN,"?15,000","? 67,032",1,"? 2,000,000",4800,
1,2486,Karnataka,"NarayanaHrudyalaya,Bommasandra",DNBGENERAL MEDICINE,DNB Post MBBS,GEN,"? 125,000","? 56,250",0,? 0,2000,
1,2487,Telangana,"NIMS, Hyderabad",EMERGENCY MEDICINE,AIQ,GEN,"?72,000","? 116,844",1,"? 2,000,000",1498,
1,2488,Telangana,"Osmania Med Coll, Hyderabad",PAEDIATRICS,AIQ,GEN,"?15,000","? 67,032",1,"? 2,000,000",4800,
1,2490,Karnataka,"Kasturba Med Coll, Manipal",RADIO DIAGNOSIS,MNG,GEN,"?33,98,000","? 56,250",0,? 0,2032,
1,2491,Chandigarh,"GMC, Chandigarh",OBG,AIQ,OBC,"?34,500","?1,09,926",0,? 0,967,
1,2492,Karnataka,"Bangalore Baptist, Bangalore",DNBGENERAL MEDICINE,DNB Post MBBS,GEN,"? 125,000","? 56,250",0,? 0,450,
1,2495,West Bengal,"BR Singh Hospital, Kolkata",DNBGENERAL MEDICINE,DNB Post MBBS,GEN,"? 125,000","? 108,564",0,? 0,525,
1,2496,Karnataka,"Kasturba Med Coll, Manipal",GENERAL MEDICINE,MNG,GEN,"?27,92,000","? 56,250",0,? 0,2032,
1,2497,Tamil Nadu,Govt Thoothukudi Med Coll,GENERAL MEDICINE,AIQ,OBC,"?50,000","?54,025",2,"?40,00,000",1212,
1,2503,Chandigarh,"Govt MultSpec Hosp, Chandigarh",DNBGENERAL MEDICINE,DNB Post MBBS,GEN,"? 125,000","? 109,926",0,? 0,500,
1,2504,West Bengal,"IPGMER, Kolkata",RADIO DIAGNOSIS,AIQ,SC,"?12,000","? 61,634",3,"?30,00,000",2300,
1,2505,Andhra Pradesh,"Govt Siddhartha, Vijaywada",GENERAL MEDICINE,AIQ,OBC,"?30,000","? 60,823",0,?0,707,
1,2506,Chhattisgarh,"CIMS, Bilaspur",DERMATOLOGY,AIQ,GEN,"?20,000","? 67,500",2,"?50,00,000",550,
1,2507,Uttar Pradesh,"IMS(BHU), Varanasi",GENERAL SURGERY,AIQ,EWS,"?48,226","?1,12,054",0,? 0,2424,
1,2508,Kerala,"Baby Memorial, Kozhikode",DNBGENERAL MEDICINE,DNB Post MBBS,GEN,"? 125,000","? 57,876",0,? 0,600,
1,2509,Maharashtra,"Lokmanya Tilak, Sion, Mumbai",PSYCHIATRY,AIQ,GEN,"?1,57,100","? 93,559",1,"? 5,000,000",1462,
1,2510,Tamil Nadu,"Stanley Med Coll, Chennai",GENERAL SURGERY,AIQ,EWS,"?50,000","?54,025",2,"?40,00,000",1661,
1,2511,Jammu and Kashmir,"Govt Med Coll, Srinagar",GENERAL MEDICINE,AIQ,GEN,"?32,500","? 63,240",0,?0,3120,
1,2512,Jammu and Kashmir,"Govt Med Coll, Jammu",PAEDIATRICS,AIQ,GEN,"?25,000","? 63,240",0,?0,2663,
1,2514,Rajasthan,"SMS, Jaipur",OBG,AIQ,GEN,"?14,093","?87,216",2,"? 15,000,000",5702,
1,2515,Jammu and Kashmir,"Govt Med Coll, Srinagar",RADIO DIAGNOSIS,AIQ,OBC,"?32,500","? 63,240",0,?0,3120,
1,2516,Tamil Nadu,"Rajah Muthiah, Annamalainagar",GENERAL MEDICINE,AIQ,GEN,"?50,000","?54,025",2,"?40,00,000",1400,
1,2517,Maharashtra,"Sahyadri SS Hosp, Karve Road",DNBRADIO DIAGNOSIS,DNB Post MBBS,GEN,"? 125,000","? 89,000",0,? 0,225,
1,2518,Delhi,"UCMS, Delhi",RADIO DIAGNOSIS,DU,OBC,"?47,220","?1,32,336",1,"? 2,000,000",1000,
1,2519,Andhra Pradesh,"Rajiv Gandhi IMS, Srikakulam",DERMATOLOGY,AIQ,GEN,"?30,000","? 60,823",0,?0,532,
1,2520,Telangana,"Apollo Hosp,Jubilee Hills,Hyd",DNBRADIO DIAGNOSIS,DNB Post MBBS,GEN,"? 125,000","?67,032",0,? 0,550,
1,2521,Tamil Nadu,"MIOT Hospital, Chennai",DNBRADIO DIAGNOSIS,DNB Post MBBS,GEN,"? 125,000","?60,000",0,? 0,920,
1,2523,Jharkhand,"Tata Main Hospital, Jamshedpur",DNBGENERAL MEDICINE,DNB Post MBBS,GEN,"? 125,000","? 52,000",0,? 0,983,
1,2524,Himachal Pradesh,"IGMC, Shimla",RADIO DIAGNOSIS,AIQ,EWS,"?24,000","?40,000",2,"?40,00,000",1031,
1,2525,Telangana,"Govt Med Coll, Siddipet",DERMATOLOGY,AIQ,GEN,"?15,000","? 67,032",1,"? 2,000,000",780,
1,2526,Gujarat,"Medical College, Baroda",ORTHOPAEDICS,AIQ,GEN,"?30,000","? 100,800",1,"?40,00,000",1250,
1,2527,Gujarat,"Shalby Hosp, SG Highway, Ahm",DNBRADIO DIAGNOSIS,DNB Post MBBS,GEN,"? 125,000","? 100,800",0,? 0,200,
1,2528,Telangana,"AIG Hospital, Hyderabad",DNBRADIO DIAGNOSIS,DNB Post MBBS,GEN,"? 125,000","? 67,032",0,? 0,720,
1,2530,West Bengal,"Govt. Med College, Kolkata",PAEDIATRICS,AIQ,GEN,"?12,000","? 61,634",3,"?30,00,000",2668,
1,2531,Rajasthan,"Govt Med Coll, Kota",GENERAL MEDICINE,AIQ,OBC,"?14,093","?87,216",2,"? 15,000,000",2581,
1,2532,Delhi,"Lady Hardinge, Delhi",PAEDIATRICS,AIQ,OBC,"?16,200","?1,26,927",1,"? 2,000,000",877,
1,2533,Assam,"Assam Med Coll, Dibrugarh",RADIO DIAGNOSIS,AIQ,GEN,"?27,300","?55,200",2,"?20,00,000",1365,
1,2534,Maharashtra,"Wockhardt Hosp, Central Mumbai",DNBRADIO DIAGNOSIS,DNB Post MBBS,GEN,"? 125,000","?92,000",0,? 0,320,
1,2535,Maharashtra,"Topiwala, Mumbai",GENERAL SURGERY,AIQ,EWS,"?1,57,100","? 93,559",1,"? 5,000,000",1300,
1,2536,Rajasthan,"SMS, Jaipur",PAEDIATRICS,AIQ,GEN,"?14,093","?87,216",2,"? 10,000,000",5702,
1,2537,Kerala,"Polakulath Narayanan, Kochi",DNBRADIO DIAGNOSIS,DNB Post MBBS,GEN,"? 125,000","? 57,876",0,? 0,205,
1,2538,Tamil Nadu,"Madras Med Coll, Chennai",OBG,AIQ,OBC,"?50,000","?54,025",2,"?40,00,000",7285,
1,2539,Uttar Pradesh,"GSVM Med Coll, Kanpur",GENERAL MEDICINE,AIQ,OBC,"?24,000","?1,10,646",2,"?40,00,000",2083,
1,2540,Kerala,"Medical College, Trivandrum",GENERAL SURGERY,AIQ,GEN,"?69,470","? 57,876",1,"?50,00,000",2126,
1,2542,Rajasthan,"Govt Med Coll, Bharatpur",GENERAL MEDICINE,AIQ,GEN,"?89,489","?87,216",2,"? 15,000,000",Info Not Available,
1,2543,Chhattisgarh,"Pt JNM Med Coll, Raipur",GENERAL MEDICINE,AIQ,EWS,"?20,000","? 67,500",2,"?50,00,000",1246,
1,2545,Jammu and Kashmir,"Govt Med Coll, Srinagar",RADIO DIAGNOSIS,AIQ,OBC,"?32,500","? 63,240",0,?0,3120,
1,2546,Uttar Pradesh,"IMS(BHU), Varanasi",PAEDIATRICS,AIQ,EWS,"?48,226","?1,12,054",0,? 0,2424,
1,2549,Uttarakhand,"Govt Med Coll, Haldwani",GENERAL MEDICINE,AIQ,GEN,"?60,000","?71,257",2,"?2,50,00,000",600,
1,2550,Karnataka,"ESI, Bangalore",PAEDIATRICS,AIQ,GEN,"?2,50,000","?1,14,016",2,"?10,00,000",530,
1,2552,Uttar Pradesh,"IMS(BHU), Varanasi",GENERAL MEDICINE,BHU,GEN,"?48,226","?1,12,054",0,? 0,2424,
1,2553,Karnataka,"IGICH, Bangalore",PAEDIATRICS,AIQ,OBC,"?1,23,400","? 56,250",1,"?50,00,000",500,
1,2554,Delhi,"VMMC, Delhi",OBG,IP,GEN,"?15,000","?1,20,965",1,"? 2,000,000",1550,
1,2555,Odisha,"VIMSAR, Burla",PAEDIATRICS,AIQ,GEN,"?35,000","? 73,042",2,"?55,09,464",1071,
1,2556,Maharashtra,"Seth GS, Mumbai",GENERAL SURGERY,AIQ,EWS,"?1,57,100","? 93,559",1,"? 5,000,000",2250,
1,2557,Goa,"Goa Med Coll, Panaji",GENERAL MEDICINE,AIQ,OBC,"?1,22,522","?80,000",1,"?50,00,000",1160,
1,2559,West Bengal,"RN Tagore (Cardiac), Kolkata",DNBRADIO DIAGNOSIS,DNB Post MBBS,GEN,"? 125,000","? 61,634",0,? 0,681,
1,2560,Telangana,"Osmania Med Coll, Hyderabad",PAEDIATRICS,AIQ,GEN,"?15,000","? 67,032",1,"? 2,000,000",4800,
1,2561,Karnataka,"Bangalore Baptist, Bangalore",DNBGENERAL MEDICINE,DNB Post MBBS,GEN,"? 125,000","? 56,250",0,? 0,450,
1,2562,Tamil Nadu,Govt Vellore Med Coll,GENERAL MEDICINE,AIQ,OBC,"?50,000","?54,025",2,"?40,00,000",2858,
1,2563,Karnataka,"Bangalore Med Coll, Bangalore",PAEDIATRICS,AIQ,OBC,"?1,23,400","? 56,250",1,"?50,00,000",1993,
1,2564,Delhi,"Indraprastha Apollo Hosp,Delhi",DNBGENERAL MEDICINE,DNB Post MBBS,GEN,"? 125,000","? 64,500",0,? 0,750,
1,2565,Punjab,"Govt Med Coll, Amritsar",OBG,AIQ,GEN,"?1,25,000","?76,000",2,"?20,00,000",951,
1,2566,Karnataka,"Aster CMI Hospital, Bangalore",DNBRADIO DIAGNOSIS,DNB Post MBBS,GEN,"? 125,000","? 56,250",0,? 0,509,
1,2567,Delhi,"UCMS, Delhi",PAEDIATRICS,AIQ,OBC,"?47,220","?1,32,336",1,"? 2,000,000",1000,
1,2568,Uttar Pradesh,"Shaik-ul-Hind, Saharanpur",GENERAL MEDICINE,AIQ,GEN,"?24,000","?1,10,646",2,"?40,00,000",500,
1,2569,Assam,"Fakhruddin Ali Ahmed, Barpeta",RADIO DIAGNOSIS,AIQ,GEN,"?27,300","?55,200",2,"?20,00,000",470,
1,2570,Gujarat,"Medical College, Baroda",OBG,AIQ,GEN,"?30,000","? 100,800",1,"?40,00,000",1250,
1,2572,Delhi,"MAMC, Delhi",OBG,DU,GEN,"?16,200","?1,32,336",1,"? 2,000,000",2800,
1,2574,Karnataka,"Bangalore Med Coll, Bangalore",GENERAL SURGERY,AIQ,GEN,"?1,23,400","? 56,250",1,"?50,00,000",1993,
1,2575,Bihar,"Darbhanga, Lehriasarai",GENERAL MEDICINE,AIQ,GEN,"?9,000","? 82,000",2,"?25,00,000",1030,
1,2576,Maharashtra,"Jupiter Lifeline Hosp, Pune",DNBRADIO DIAGNOSIS,DNB Post MBBS,GEN,"? 125,000","? 86,000",0,? 0,350,
1,2577,Kerala,"Medical College, Trivandrum",TBRD,AIQ,GEN,"?69,470","? 57,876",1,"?50,00,000",2126,
1,2578,Tamil Nadu,"Rajah Muthiah, Annamalainagar",GENERAL MEDICINE,AIQ,GEN,"?50,000","?54,025",2,"?40,00,000",1400,
1,2579,Kerala,"Malabar IMS, Kozhikode",DNBGENERAL MEDICINE,DNB Post MBBS,GEN,"? 125,000","? 57,876",0,? 0,573,
1,2580,Rajasthan,"Santokbha Durlabhji Mem,Jaipur",DNBGENERAL MEDICINE,DNB Post MBBS,GEN,"? 125,000","? 82,800",0,? 0,525,
1,2581,Odisha,"Apollo Hospital, Bhubaneswar",DNBGENERAL MEDICINE,DNB Post MBBS,GEN,"? 125,000","? 66,916",0,? 0,350,
1,2582,Andhra Pradesh,"Govt Siddhartha, Vijaywada",GENERAL MEDICINE,AIQ,OBC,"?30,000","? 60,823",0,?0,707,
1,2583,Uttar Pradesh,"GSVM Med Coll, Kanpur",GENERAL MEDICINE,AIQ,EWS,"?24,000","?1,10,646",2,"?40,00,000",2083,
1,2584,Tamil Nadu,"Madras Med Coll, Chennai",OBG,AIQ,OBC,"?50,000","?54,025",2,"?40,00,000",7285,
1,2586,Assam,"Jorhat Med Coll, Jorhat",RADIO DIAGNOSIS,AIQ,GEN,"?27,300","?55,200",2,"?20,00,000",814,
1,2587,Kerala,"Govt Med Coll, Kottayam",TBRD,AIQ,GEN,"?69,470","? 57,876",1,"?50,00,000",2094,
1,2588,Tamil Nadu,Govt Dharmapuri Med Coll,GENERAL MEDICINE,AIQ,GEN,"?50,000","?54,025",2,"?40,00,000",Info Not Available,
1,2589,Rajasthan,"SMS, Jaipur",OBG,AIQ,GEN,"?14,093","?87,216",2,"? 15,000,000",5702,
1,2590,Uttar Pradesh,"Yashoda SS Hosp, Ghaziabad",DNBRADIO DIAGNOSIS,DNB Post MBBS,GEN,"? 125,000","? 62,000",0,? 0,300,
1,2591,Haryana,"Pt BD Sharma, Rohtak",GENERAL SURGERY,AIQ,GEN,"?1,25,000","?1,04,346",0,?0,2080,
1,2593,West Bengal,"IPGMER, Kolkata",PAEDIATRICS,AIQ,GEN,"?12,000","? 61,634",3,"?30,00,000",2300,
1,2594,Kerala,"Govt Med Coll, Kozhikode",OBG,AIQ,GEN,"?69,470","? 57,876",1,"?50,00,000",3025,
1,2595,Telangana,"Continental Hosp, Hyderabad",DNBRADIO DIAGNOSIS,DNB Post MBBS,GEN,"? 125,000","?67,032",0,? 0,587,
1,2596,West Bengal,"IPGMER, Kolkata",PAEDIATRICS,AIQ,GEN,"?12,000","? 61,634",3,"?30,00,000",2300,
1,2597,Maharashtra,"Lokmanya Tilak, Sion, Mumbai",GENERAL SURGERY,AIQ,OBC,"?1,57,100","? 93,559",1,"? 5,000,000",1462,
1,2598,Haryana,"Pt BD Sharma, Rohtak",OBG,AIQ,GEN,"?1,25,000","?1,04,346",0,?0,2080,
1,2600,Uttar Pradesh,"IMS(BHU), Varanasi",ORTHOPAEDICS,AIQ,GEN,"?48,226","?1,12,054",0,? 0,2424,
1,2601,Delhi,"VMMC, Delhi",PAEDIATRICS,IP,GEN,"?15,000","?1,20,965",1,"? 2,000,000",1550,
1,2602,Kerala,"Govt Med Coll, Kozhikode",ORTHOPAEDICS,AIQ,GEN,"?69,470","? 57,876",1,"?50,00,000",3025,
1,2604,Uttar Pradesh,"JNMC (AMU), Aligarh",DERMATOLOGY,AMU,GEN,"?54,700","?1,14,975",0,? 0,1269,
1,2607,Andhra Pradesh,"Rajiv Gandhi IMS, Ongole",DERMATOLOGY,AIQ,GEN,"?30,000","? 60,823",0,?0,500,
1,2608,Delhi,"VMMC, Delhi",PAEDIATRICS,AIQ,OBC,"?15,000","?1,20,965",1,"? 2,000,000",1550,
1,2609,Kerala,"Govt Med Coll, Thrissur",GENERAL SURGERY,AIQ,GEN,"?69,470","? 57,876",1,"?50,00,000",1400,
1,2610,Uttar Pradesh,"IMS(BHU), Varanasi",PAEDIATRICS,BHU,GEN,"?48,226","?1,12,054",0,? 0,2424,
1,2611,Gujarat,"Medical College, Baroda",DERMATOLOGY,AIQ,OBC,"?30,000","? 100,800",1,"?40,00,000",1250,
1,2612,Madhya Pradesh,"Bundelkhand Med Coll, Sagar",GENERAL MEDICINE,AIQ,GEN,"?1,01,500","? 75,444",1,"?10,00,000",750,
1,2616,Delhi,"UCMS, Delhi",OBG,AIQ,OBC,"?47,220","?1,32,336",1,"? 2,000,000",1000,
1,2617,Maharashtra,"Govt Med Coll, Nagpur",OBG,AIQ,GEN,"?1,57,100","? 93,559",1,"? 5,000,000",1866,
1,2618,Gujarat,"BJMC, Ahmedabad",PSYCHIATRY,AIQ,GEN,"?30,000","? 100,800",1,"?40,00,000",1557,
1,2619,Telangana,"ESIC Med Coll,Sanath Nagar",EMERGENCY MEDICINE,AIQ,GEN,"?2,50,000","? 130,653",2,"?10,00,000",690,
1,2620,Delhi,"ABVIMS (Dr RML Hosp), Delhi",PAEDIATRICS,IP,GEN,"? 51,000","? 136,008",1,"? 2,000,000",1626,
1,2621,Jammu and Kashmir,"Govt Med Coll, Srinagar",GENERAL MEDICINE,AIQ,GEN,"?32,500","? 63,240",0,?0,3120,
1,2622,Madhya Pradesh,"Govt Med Coll, Ratlam",GENERAL MEDICINE,AIQ,GEN,"?1,01,500","? 75,444",1,"?10,00,000",300,
1,2623,Odisha,"MKCG, Berhampur",ORTHOPAEDICS,AIQ,GEN,"?35,000","? 73,042",2,"?55,09,464",1140,
1,2624,Delhi,"Shri Balaji Action Med, Delhi",DNBGENERAL MEDICINE,DNB Post MBBS,GEN,"? 125,000","? 72,000",0,? 0,275,
1,2626,Karnataka,"Bangalore Med Coll, Bangalore",GENERAL MEDICINE,AIQ,SC,"?1,23,400","? 56,250",1,"?50,00,000",1993,
1,2628,Maharashtra,"Rajarshee CSM Govt MC,Kolhapur",GENERAL MEDICINE,AIQ,OBC,"?1,57,100","? 93,559",1,"? 5,000,000",665,
1,2629,Rajasthan,"Govt Med Coll, Kota",GENERAL MEDICINE,AIQ,OBC,"?14,093","?87,216",2,"? 15,000,000",2581,
1,2631,Tamil Nadu,Govt Thiruvannamalai Med Coll,GENERAL MEDICINE,AIQ,GEN,"?50,000","?54,025",2,"?40,00,000",500,
1,2632,Telangana,"Govt Med Coll, Nizamabad",GENERAL MEDICINE,AIQ,OBC,"?15,000","? 67,032",1,"? 2,000,000",500,
1,2633,Tamil Nadu,"Meenakshi Mission Hosp,Madurai",DNBGENERAL MEDICINE,DNB Post MBBS,GEN,"? 125,000","? 48,000",0,? 0,800,
1,2634,Karnataka,"Mysore Med Coll, Mysore",OBG,AIQ,GEN,"?1,23,400","? 56,250",1,"?50,00,000",1050,
1,2635,Karnataka,"Bangalore Med Coll, Bangalore",OPHTHALMOLOGY,AIQ,GEN,"?1,23,400","? 56,250",1,"?50,00,000",1993,
1,2636,Tamil Nadu,"Kilpauk Med Coll, Chennai",PAEDIATRICS,AIQ,GEN,"?50,000","?54,025",2,"?40,00,000",1700,
1,2638,Delhi,"VMMC, Delhi",PAEDIATRICS,AIQ,OBC,"?15,000","?1,20,965",1,"? 2,000,000",1550,
1,2639,Rajasthan,"SMS, Jaipur",PAEDIATRICS,AIQ,GEN,"?14,093","?87,216",2,"? 10,000,000",5702,
1,2640,Uttar Pradesh,"BRD Med Coll, Gorakhpur",GENERAL MEDICINE,AIQ,EWS,"?24,000","?1,10,646",2,"?40,00,000",1050,
1,2641,Gujarat,"BJMC, Ahmedabad",PAEDIATRICS,AIQ,EWS,"?30,000","? 100,800",1,"?40,00,000",1557,
1,2642,Delhi,"Lady Hardinge, Delhi",PAEDIATRICS,DU,GEN,"?16,200","?1,26,927",1,"? 2,000,000",877,
1,2643,Delhi,"MAMC, Delhi",GENERAL MEDICINE,DU,SC,"?16,200","?1,32,336",1,"? 2,000,000",2800,
1,2644,Tamil Nadu,"Kilpauk Med Coll, Chennai",PAEDIATRICS,AIQ,GEN,"?50,000","?54,025",2,"?40,00,000",1700,
1,2645,Karnataka,"VIMS, Bellary",DERMATOLOGY,AIQ,OBC,"?1,23,400","? 56,250",1,"?50,00,000",1295,
1,2646,Andhra Pradesh,"Govt Med Coll, Ananthapuram",GENERAL MEDICINE,AIQ,GEN,"?30,000","? 60,823",0,?0,500,
1,2647,Uttar Pradesh,"JNMC (AMU), Aligarh",PAEDIATRICS,AIQ,GEN,"?54,700","?1,14,975",0,? 0,1269,
1,2649,Karnataka,"KIMS, Hubli",PAEDIATRICS,AIQ,GEN,"?1,23,400","? 56,250",1,"?50,00,000",1200,
1,2650,Tamil Nadu,"Madras Med Coll, Chennai",GENERAL SURGERY,AIQ,GEN,"?50,000","?54,025",2,"?40,00,000",7285,
1,2651,Jammu and Kashmir,"Sher-I-Kashmir, Srinagar",RADIO DIAGNOSIS,AIQ,OBC,"?11,000","? 80,000",0,?0,1200,
1,2652,Karnataka,"Mysore Med Coll, Mysore",DERMATOLOGY,AIQ,SC,"?1,23,400","? 56,250",1,"?50,00,000",1050,
1,2653,Uttar Pradesh,"JNMC (AMU), Aligarh",RADIO DIAGNOSIS,AIQ,ST,"?54,700","?1,14,975",0,? 0,1269,
1,2654,Maharashtra,"Fortis Hosp, Mulund, Mumbai",DNBGENERAL MEDICINE,DNB Post MBBS,GEN,"? 125,000","? 86,750",0,? 0,440,
1,2655,Punjab,"Govt Med Coll, Amritsar",DERMATOLOGY,AIQ,OBC,"?1,25,000","?76,000",2,"?20,00,000",951,
1,2658,Delhi,"MAMC, Delhi",OBG,AIQ,OBC,"?16,200","?1,32,336",1,"? 2,000,000",2800,
1,2659,Rajasthan,"SMS, Jaipur",GENERAL SURGERY,AIQ,OBC,"?14,093","?87,216",2,"? 10,000,000",5702,
1,2660,Punjab,"Mohandai Oswal Hosp, Ludhiana",DNBRADIO DIAGNOSIS,DNB Post MBBS,GEN,"? 125,000","? 77,000",0,? 0,300,
1,2661,Uttar Pradesh,"KGMU, Lucknow",OBG,AIQ,GEN,"?54,700","? 126,725",2,"?40,00,000",4500,
1,2662,Maharashtra,"Topiwala, Mumbai",OPHTHALMOLOGY,AIQ,GEN,"?1,57,100","? 93,559",1,"? 5,000,000",1300,
1,2663,Gujarat,"Govt Med Coll, Surat",OBG,AIQ,GEN,"?30,000","? 100,800",1,"?40,00,000",1150,
1,2664,Rajasthan,"Govt Med Coll, Bharatpur",GENERAL MEDICINE,AIQ,GEN,"?89,489","?87,216",2,"? 15,000,000",Info Not Available,
1,2665,West Bengal,"IPGMER, Kolkata",GENERAL MEDICINE,AIQ,OBC,"?12,000","? 61,634",3,"?30,00,000",2300,
1,2666,Delhi,"ABVIMS (Dr RML Hosp), Delhi",PAEDIATRICS,IP,GEN,"? 51,000","? 136,008",1,"? 2,000,000",1626,
1,2667,West Bengal,"Govt. Med College, Kolkata",GENERAL SURGERY,AIQ,GEN,"?12,000","? 61,634",3,"?30,00,000",2668,
1,2668,Uttar Pradesh,"KGMU, Lucknow",PAEDIATRICS,AIQ,OBC,"?54,700","? 126,725",2,"?40,00,000",4500,
1,2669,West Bengal,"RG Kar Med Coll, Kolkata",ORTHOPAEDICS,AIQ,GEN,"?12,000","? 61,634",3,"?30,00,000",1663,
1,2670,Delhi,"Indraprastha Apollo Hosp,Delhi",DNBGENERAL MEDICINE,DNB Post MBBS,GEN,"? 125,000","? 64,500",0,? 0,750,
1,2671,Maharashtra,"Grant Med Coll, Mumbai",PAEDIATRICS,AIQ,GEN,"?1,57,100","? 93,559",1,"? 5,000,000",2844,
1,2673,Andhra Pradesh,"Rajiv Gandhi IMS, Srikakulam",GENERAL MEDICINE,AIQ,GEN,"?30,000","? 60,823",0,?0,532,
1,2674,Gujarat,"Gujarat MRI Centre, Ahmedabad",DNBRADIO DIAGNOSIS,DNB Post MBBS,GEN,"? 125,000","?25,000",0,? 0,102,
1,2675,Tamil Nadu,Thanjavur Med Coll,PAEDIATRICS,AIQ,GEN,"?50,000","?54,025",2,"?40,00,000",1466,
1,2676,Madhya Pradesh,"NSC Bose Med Coll, Jabalpur",GENERAL MEDICINE,AIQ,EWS,"?1,01,500","? 75,444",1,"?10,00,000",1150,
1,2677,Uttar Pradesh,"JNMC (AMU), Aligarh",DERMATOLOGY,AMU,GEN,"?54,700","?1,14,975",0,? 0,1269,
1,2678,Maharashtra,"Govt Med Coll, Nagpur",OBG,AIQ,GEN,"?1,57,100","? 93,559",1,"? 5,000,000",1866,
1,2679,Chhattisgarh,"Ramkrishna Care Hosp, Raipur",DNBRADIO DIAGNOSIS,DNB Post MBBS,GEN,"? 125,000","? 67,500",0,? 0,359,
1,2681,Maharashtra,"Breach Candy Hospital, Mumbai",DNBGENERAL MEDICINE,DNB Post MBBS,GEN,"? 125,000","?89,489",0,? 0,213,
1,2682,Delhi,"Dharamshila Narayana, Delhi",DNBRADIO DIAGNOSIS,DNB Post MBBS,GEN,"? 125,000","? 69,000",0,? 0,200,
1,2683,Tamil Nadu,"Stanley Med Coll, Chennai",PAEDIATRICS,AIQ,OBC,"?50,000","?54,025",2,"?40,00,000",1661,
1,2684,Delhi,"VMMC, Delhi",OBG,AIQ,EWS,"?15,000","?1,20,965",1,"? 2,000,000",1550,
1,2685,Delhi,"Fortis Hosp,ShalimarBagh,Delhi",DNBRADIO DIAGNOSIS,DNB Post MBBS,GEN,"? 125,000","? 63,000",0,? 0,262,
1,2686,Andhra Pradesh,"Andhra Med Coll, Vizag",GENERAL SURGERY,AIQ,GEN,"?30,000","? 60,823",0,?0,1030,
1,2687,Andhra Pradesh,"Rajiv Gandhi IMS, Srikakulam",GENERAL MEDICINE,AIQ,GEN,"?30,000","? 60,823",0,?0,532,
1,2688,Andhra Pradesh,"Andhra Med Coll, Vizag",PAEDIATRICS,AIQ,GEN,"?30,000","? 60,823",0,?0,1030,
1,2689,Andhra Pradesh,"Andhra Med Coll, Vizag",OBG,AIQ,GEN,"?30,000","? 60,823",0,?0,1030,
1,2690,Telangana,"Osmania Med Coll, Hyderabad",PAEDIATRICS,AIQ,OBC,"?15,000","? 67,032",1,"? 2,000,000",4800,
1,2692,West Bengal,"Nilratan Sircar, Kolkata",OBG,AIQ,GEN,"?12,000","? 61,634",3,"?30,00,000",1920,
1,2693,Gujarat,"GMERS Med Coll Hosp, Junagadh",DNBDERMATOLOGY,DNB Post MBBS,GEN,"? 125,000","? 100,800",0,? 0,650,
1,2694,Delhi,"VMMC, Delhi",PAEDIATRICS,AIQ,EWS,"?15,000","?1,20,965",1,"? 2,000,000",1550,
1,2695,Tamil Nadu,"Rajah Muthiah, Annamalainagar",DERMATOLOGY,AIQ,OBC,"?50,000","?54,025",2,"?40,00,000",1400,
1,2697,Karnataka,"Apollo Hosp, Bannerghatta, BLR",DNBRADIO DIAGNOSIS,DNB Post MBBS,GEN,"? 125,000","? 56,250",0,? 0,350,
1,2698,West Bengal,"Tata Medical Center, Kolkata",DNBNUCLEAR MEDICINE,DNB Post MBBS,GEN,"? 125,000","? 70,000",0,? 0,437,
1,2700,Kerala,"Malabar IMS, Kozhikode",DNBGENERAL MEDICINE,DNB Post MBBS,GEN,"? 125,000","? 57,876",0,? 0,573,
1,2701,Karnataka,"Bangalore Baptist, Bangalore",DNBGENERAL MEDICINE,DNB Post MBBS,GEN,"? 125,000","? 56,250",0,? 0,450,
1,2703,Kerala,"Polakulath Narayanan, Kochi",DNBRADIO DIAGNOSIS,DNB Post MBBS,GEN,"? 125,000","? 57,876",0,? 0,205,
1,2704,Maharashtra,"Govt Med Coll, Nagpur",GENERAL SURGERY,AIQ,GEN,"?1,57,100","? 93,559",1,"? 5,000,000",1866,
1,2705,Karnataka,"Manipal Hosp, Rustum Bagh, BLR",DNBGENERAL MEDICINE,DNB Post MBBS,GEN,"? 125,000","? 56,250",0,? 0,600,
1,2706,Maharashtra,"Seth GS, Mumbai",GENERAL SURGERY,AIQ,OBC,"?1,57,100","? 93,559",1,"? 5,000,000",2250,
1,2707,Delhi,"Mata Chanan Devi Hosp, Delhi",DNBRADIO DIAGNOSIS,DNB Post MBBS,GEN,"? 125,000","? 58,900",0,? 0,210,
1,2709,Rajasthan,"Govt Med Coll, Kota",GENERAL MEDICINE,AIQ,OBC,"?14,093","?87,216",2,"? 15,000,000",2581,
1,2710,Andhra Pradesh,"ACSR Medical College, Nellore",GENERAL MEDICINE,AIQ,GEN,"?30,000","? 60,823",0,?0,355,
1,2711,Assam,"Tezpur Med Coll, Tezpur",RADIO DIAGNOSIS,AIQ,GEN,"?27,300","?55,200",2,"?20,00,000",500,
1,2712,Maharashtra,"BJMC, Pune",PAEDIATRICS,AIQ,GEN,"?1,57,100","? 93,559",1,"? 5,000,000",1296,
1,2713,Assam,"Assam Med Coll, Dibrugarh",RADIO DIAGNOSIS,AIQ,OBC,"?27,300","?55,200",2,"?20,00,000",1365,
1,2714,Tamil Nadu,Govt Villupuram Med Coll,GENERAL MEDICINE,AIQ,OBC,"?50,000","?54,025",2,"?40,00,000",670,
1,2715,Jammu and Kashmir,"Govt Med Coll, Srinagar",GENERAL MEDICINE,AIQ,GEN,"?32,500","? 63,240",0,?0,3120,
1,2716,Maharashtra,"MPGIMER, Nashik",GENERAL MEDICINE,AIQ,OBC,"?1,57,100","? 93,559",1,"? 5,000,000",560,
1,2717,Tamil Nadu,"GKNM Hospital, Coimbatore",DNBRADIO DIAGNOSIS,DNB Post MBBS,GEN,"? 125,000","? 49,440",0,? 0,750,
1,2718,Maharashtra,"Saifee Hospital, Mumbai",DNBGENERAL MEDICINE,DNB Post MBBS,GEN,"? 125,000","? 89,700",0,? 0,257,
1,2719,West Bengal,"Govt. Med College, Kolkata",PAEDIATRICS,AIQ,GEN,"?12,000","? 61,634",3,"?30,00,000",2668,
1,2720,Uttar Pradesh,"JNMC (AMU), Aligarh",OBG,AIQ,GEN,"?54,700","?1,14,975",0,? 0,1269,
1,2722,Andhra Pradesh,"ACSR Medical College, Nellore",GENERAL MEDICINE,AIQ,GEN,"?30,000","? 60,823",0,?0,355,
1,2723,Telangana,"Gandhi Med Coll, Secunderabad",PAEDIATRICS,AIQ,GEN,"?15,000","? 67,032",1,"? 2,000,000",1200,
1,2724,Maharashtra,"Bai Jerbai Wadia Hosp, Mumbai",DNBRADIO DIAGNOSIS,DNB Post MBBS,GEN,"? 125,000","?76,429",0,? 0,525,
1,2725,Manipur,"RIMS, Imphal",DERMATOLOGY,AIQ,GEN,"?5,000","? 109,926",1,"?20,00,000",1074,
1,2726,Tamil Nadu,"Stanley Med Coll, Chennai",OBG,AIQ,GEN,"?50,000","?54,025",2,"?40,00,000",1661,
1,2728,Assam,"Fakhruddin Ali Ahmed, Barpeta",RADIO DIAGNOSIS,AIQ,GEN,"?27,300","?55,200",2,"?20,00,000",470,
1,2729,Andhra Pradesh,"Rajiv Gandhi IMS, Kadapa",GENERAL MEDICINE,AIQ,OBC,"?30,000","? 60,823",0,?0,715,
1,2731,Uttar Pradesh,"Shaik-ul-Hind, Saharanpur",GENERAL MEDICINE,AIQ,GEN,"?24,000","?1,10,646",2,"?40,00,000",500,
1,2732,Telangana,"Osmania Med Coll, Hyderabad",PAEDIATRICS,AIQ,OBC,"?15,000","? 67,032",1,"? 2,000,000",4800,
1,2734,Delhi,"UCMS, Delhi",PAEDIATRICS,AIQ,OBC,"?47,220","?1,32,336",1,"? 2,000,000",1000,
1,2735,Tamil Nadu,"SRM Inst for Med Sci, Chennai",DNBRADIO DIAGNOSIS,DNB Post MBBS,GEN,"? 125,000","? 48,000",0,? 0,245,
1,2736,Andhra Pradesh,"SV Med Coll, Tirupati",DERMATOLOGY,AIQ,OBC,"?30,000","? 60,823",0,?0,940,
1,2737,West Bengal,"Apollo Gleneagles, Kolkata",DNBRADIO DIAGNOSIS,DNB Post MBBS,GEN,"? 125,000","?61,634",0,? 0,750,
1,2738,Tamil Nadu,Thanjavur Med Coll,PAEDIATRICS,AIQ,GEN,"?50,000","?54,025",2,"?40,00,000",1466,
1,2739,West Bengal,"Govt. Med College, Kolkata",PAEDIATRICS,AIQ,GEN,"?12,000","? 61,634",3,"?30,00,000",2668,
1,2740,Telangana,"Osmania Med Coll, Hyderabad",OBG,AIQ,GEN,"?15,000","? 67,032",1,"? 2,000,000",4800,
1,2741,Karnataka,"Fortis Hosp,BannerghattaRd,BLR",DNBRADIO DIAGNOSIS,DNB Post MBBS,GEN,"? 125,000","?61,000",0,? 0,400,
1,2743,Haryana,"Sarvodaya Hospital, Faridabad",DNBRADIO DIAGNOSIS,DNB Post MBBS,GEN,"? 125,000","? 73,000",0,? 0,450,
1,2744,Bihar,"Jayprabha Medanta SS Hosp,Patna",DNBRADIO DIAGNOSIS,DNB Post MBBS,GEN,"? 125,000","?82,000",0,? 0,330,
1,2746,Tamil Nadu,"Madras Med Coll, Chennai",RADIO DIAGNOSIS,AIQ,SC,"?50,000","?54,025",2,"?40,00,000",7285,
1,2747,Telangana,"Gandhi Med Coll, Secunderabad",GENERAL SURGERY,AIQ,EWS,"?15,000","? 67,032",1,"? 2,000,000",1200,
1,2749,West Bengal,"RG Kar Med Coll, Kolkata",PAEDIATRICS,AIQ,GEN,"?12,000","? 61,634",3,"?30,00,000",1663,
1,2750,Kerala,"Lourdes Hospital, Kochi",DNBGENERAL MEDICINE,DNB Post MBBS,GEN,"? 125,000","? 57,876",0,? 0,600,
1,2751,Telangana,"Indo-American Cancer,Hyderabad",DNBNUCLEAR MEDICINE,DNB Post MBBS,GEN,"? 125,000","?50,686",0,? 0,500,
1,2752,Maharashtra,"Govt Med Coll, Jalgaon",GENERAL MEDICINE,AIQ,OBC,"?1,57,100","? 93,559",1,"? 5,000,000",441,
1,2755,Andhra Pradesh,"ACSR Medical College, Nellore",GENERAL MEDICINE,AIQ,GEN,"?30,000","? 60,823",0,?0,355,
1,2757,Kerala,"Malabar IMS, Kozhikode",DNBGENERAL MEDICINE,DNB Post MBBS,GEN,"? 125,000","? 57,876",0,? 0,573,
1,2759,Delhi,"Fortis Hosp,ShalimarBagh,Delhi",DNBRADIO DIAGNOSIS,DNB Post MBBS,GEN,"? 125,000","? 63,000",0,? 0,262,
1,2760,West Bengal,"RG Kar Med Coll, Kolkata",PAEDIATRICS,AIQ,GEN,"?12,000","? 61,634",3,"?30,00,000",1663,
1,2763,Andhra Pradesh,"Govt Med Coll, Ananthapuram",GENERAL MEDICINE,AIQ,GEN,"?30,000","? 60,823",0,?0,500,
1,2764,West Bengal,"Inst of Child Health, Kolkata",PAEDIATRICS,AIQ,GEN,"?12,000","? 61,634",3,"?30,00,000",Info Not Available,
1,2765,Rajasthan,"SMS, Jaipur",OBG,AIQ,GEN,"?14,093","?87,216",2,"? 15,000,000",5702,
1,2766,Delhi,"MAMC, Delhi",PAEDIATRICS,DU,GEN,"?16,200","?1,32,336",1,"? 2,000,000",2800,
1,2767,Maharashtra,"KJ Somaiya MedColl Hosp,Mumbai",DNBGENERAL MEDICINE,DNB Post MBBS,GEN,"? 125,000","? 86,629",0,? 0,520,
1,2768,Tamil Nadu,"Madras Med Coll, Chennai",TBRD,AIQ,GEN,"?50,000","?54,025",2,"?40,00,000",7285,
1,2769,Madhya Pradesh,"Gandhi Med Coll, Bhopal",OBG,AIQ,GEN,"?1,01,500","? 75,444",1,"?10,00,000",1135,
1,2770,Jammu and Kashmir,"Sher-I-Kashmir, Srinagar",PAEDIATRICS,AIQ,GEN,"?11,000","? 80,000",0,?0,1200,
1,2771,Manipur,"RIMS, Imphal",GENERAL MEDICINE,AIQ,EWS,"?5,000","? 109,926",1,"?20,00,000",1074,
1,2772,Uttar Pradesh,"Vivekananda Polyclinic,Lucknow",DNBRADIO DIAGNOSIS,DNB Post MBBS,GEN,"? 125,000","? 61,100",0,? 0,350,
1,2773,Tamil Nadu,Govt Theni Med Coll,GENERAL MEDICINE,AIQ,OBC,"?50,000","?54,025",2,"?40,00,000",940,
1,2774,Kerala,"Govt Med Coll, Thrissur",GENERAL SURGERY,AIQ,GEN,"?69,470","? 57,876",1,"?50,00,000",1400,
1,2775,West Bengal,"Apollo Gleneagles, Kolkata",DNBRADIO DIAGNOSIS,DNB Post MBBS,GEN,"? 125,000","?61,634",0,? 0,750,
1,2776,Tamil Nadu,Govt Dharmapuri Med Coll,GENERAL MEDICINE,AIQ,OBC,"?50,000","?54,025",2,"?40,00,000",Info Not Available,
1,2777,Delhi,"VMMC, Delhi",GENERAL SURGERY,AIQ,SC,"?15,000","?1,20,965",1,"? 2,000,000",1550,
1,2778,Haryana,"Kalpana Chawla GMC Hosp,Karnal",DNBDERMATOLOGY,DNB Post MBBS,GEN,"? 125,000","? 104,346",0,?0,556,
1,2779,Tamil Nadu,"Stanley Med Coll, Chennai",GENERAL SURGERY,AIQ,EWS,"?50,000","?54,025",2,"?40,00,000",1661,
1,2780,Maharashtra,"Seth GS, Mumbai",ANAESTHESIOLOGY,AIQ,GEN,"?1,57,100","? 93,559",1,"? 5,000,000",2250,
1,2782,Chhattisgarh,"Ramkrishna Care Hosp, Raipur",DNBRADIO DIAGNOSIS,DNB Post MBBS,GEN,"? 125,000","? 67,500",0,? 0,359,
1,2783,Tamil Nadu,"Madras Med Coll, Chennai",OPHTHALMOLOGY,AIQ,GEN,"?50,000","?54,025",2,"?40,00,000",7285,
1,2784,Telangana,"AIG Hospital, Hyderabad",DNBGENERAL MEDICINE,DNB Post MBBS,GEN,"? 125,000","? 67,032",0,? 0,720,
1,2786,Bihar,"Nalanda Med Coll, Patna",GENERAL MEDICINE,AIQ,OBC,"?9,000","? 82,000",2,"?25,00,000",750,
1,2788,Jammu and Kashmir,"Govt Med Coll, Srinagar",OBG,AIQ,GEN,"?32,500","? 63,240",0,?0,3120,
1,2789,Rajasthan,"SMS, Jaipur",ORTHOPAEDICS,AIQ,GEN,"?14,093","?87,216",2,"? 10,000,000",5702,
1,2790,Andhra Pradesh,"SV Med Coll, Tirupati",PAEDIATRICS,AIQ,GEN,"?30,000","? 60,823",0,?0,940,
1,2791,Gujarat,"BJMC, Ahmedabad",GENERAL SURGERY,AIQ,EWS,"?30,000","? 100,800",1,"?40,00,000",1557,
1,2793,Maharashtra,"Grant Med Coll, Mumbai",PAEDIATRICS,AIQ,GEN,"?1,57,100","? 93,559",1,"? 5,000,000",2844,
1,2795,Maharashtra,"Asian IMS, Dombivli (E)",DNBRADIO DIAGNOSIS,DNB Post MBBS,GEN,"? 125,000","?83,000",0,? 0,Info Not Available,
1,2796,Uttar Pradesh,"IMS(BHU), Varanasi",ORTHOPAEDICS,AIQ,GEN,"?48,226","?1,12,054",0,? 0,2424,
1,2797,Andhra Pradesh,"Andhra Med Coll, Vizag",GENERAL SURGERY,AIQ,GEN,"?30,000","? 60,823",0,?0,1030,
1,2798,Tamil Nadu,"Royal Care SS Hosp, Coimbatore",DNBRADIO DIAGNOSIS,DNB Post MBBS,GEN,"? 125,000","? 48,000",0,? 0,401,
1,2799,Kerala,"Medical College, Trivandrum",ORTHOPAEDICS,AIQ,GEN,"?69,470","? 57,876",1,"?50,00,000",2126,
1,2800,West Bengal,"Govt. Med College, Kolkata",DERMATOLOGY,AIQ,OBC,"?12,000","? 61,634",3,"?30,00,000",2668,
1,2802,Rajasthan,"SMS, Jaipur",OBG,AIQ,GEN,"?14,093","?87,216",2,"? 15,000,000",5702,
1,2803,Tamil Nadu,"Aravind Eye Hospital, Noombal",DNBOPHTHALMOLOGY,DNB Post MBBS,GEN,"? 125,000","? 48,000",0,? 0,250,
1,2804,Karnataka,"Kasturba Med Coll, Manipal",DERMATOLOGY,MNG,GEN,"?28,70,000","? 56,250",0,? 0,2032,
1,2805,Delhi,"Max SS Hosp, Saket, Delhi",DNBGENERAL MEDICINE,DNB Post MBBS,GEN,"? 125,000","? 60,000",0,? 0,539,
1,2806,Odisha,"SCB, Cuttack",GENERAL SURGERY,AIQ,GEN,"?35,000","? 73,042",2,"?55,09,464",2106,
1,2807,Maharashtra,"BJMC, Pune",ORTHOPAEDICS,AIQ,GEN,"?1,57,100","? 93,559",1,"? 5,000,000",1296,
1,2808,Delhi,"MAMC, Delhi",OBG,AIQ,OBC,"?16,200","?1,32,336",1,"? 2,000,000",2800,
1,2809,Gujarat,"MP Shah, Jamnagar",GENERAL MEDICINE,AIQ,OBC,"?30,000","? 100,800",1,"?40,00,000",1250,
1,2810,Assam,"Silchar Med Coll, Silchar",GENERAL MEDICINE,AIQ,GEN,"?25,900","?55,200",2,"?20,00,000",1256,
1,2811,Telangana,"Yashoda SS Hosp,Malakpet, HYD",DNBRADIO DIAGNOSIS,DNB Post MBBS,GEN,"? 125,000","? 67,032",0,? 0,550,
1,2812,Bihar,"Patna Med Coll, Patna",OBG,AIQ,GEN,"?9,000","? 82,000",2,"?25,00,000",1748,
1,2813,Maharashtra,"SRTT, Ambajogai",GENERAL MEDICINE,AIQ,OBC,"?1,57,100","? 93,559",1,"? 5,000,000",518,
1,2814,Bihar,"Nalanda Med Coll, Patna",DERMATOLOGY,AIQ,EWS,"?9,000","? 82,000",2,"?25,00,000",750,
1,2815,Uttar Pradesh,"LLRM Med Coll, Meerut",PAEDIATRICS,AIQ,GEN,"?24,000","?1,10,646",2,"?40,00,000",1090,
1,2816,Maharashtra,"Lokmanya Tilak, Sion, Mumbai",RADIO DIAGNOSIS,AIQ,SC,"?1,57,100","? 93,559",1,"? 5,000,000",1462,
1,2817,Tamil Nadu,Govt Sivagangai Med Coll,GENERAL MEDICINE,AIQ,OBC,"?50,000","?54,025",2,"?40,00,000",Info Not Available,
1,2818,Kerala,"Govt Med Coll, Kozhikode",ORTHOPAEDICS,AIQ,GEN,"?69,470","? 57,876",1,"?50,00,000",3025,
1,2819,Maharashtra,"Dr AmbedkarCentRlwyHosp, MUM",DNBGENERAL MEDICINE,DNB Post MBBS,GEN,"? 125,000","? 95,358",0,? 0,366,
1,2820,Karnataka,"Manipal Hosp, Whitefield, BLR",DNBRADIO DIAGNOSIS,DNB Post MBBS,GEN,"? 125,000","? 56,250",0,? 0,287,
1,2821,Rajasthan,"ESIC MedColl&Hosp,Alwar",DNBDERMATOLOGY,DNB Post MBBS,GEN,"? 125,000","? 130,653",2,"?10,00,000",420,
1,2822,Madhya Pradesh,"MGM Med Coll, Indore",GENERAL SURGERY,AIQ,GEN,"?1,01,500","? 75,444",1,"?10,00,000",1300,
1,2823,Tamil Nadu,Govt Thiruvarur Med Coll,GENERAL MEDICINE,AIQ,OBC,"?50,000","?54,025",2,"?40,00,000",555,
1,2825,Uttar Pradesh,"Yashoda SS Hosp,Ghaziabad",DNBRADIO DIAGNOSIS,DNB Post MBBS,GEN,"? 125,000","? 70,000",0,? 0,310,
1,2829,Bihar,"Darbhanga, Lehriasarai",GENERAL MEDICINE,AIQ,GEN,"?9,000","? 82,000",2,"?25,00,000",1030,
1,2830,Rajasthan,"JLNMC, Ajmer",GENERAL MEDICINE,AIQ,OBC,"?14,093","?87,216",2,"? 15,000,000",1428,
1,2831,Maharashtra,"Manipal Hospitals, Baner, Pune",DNBRADIO DIAGNOSIS,DNB Post MBBS,GEN,"? 125,000","? 89,500",0,? 0,202,
1,2832,Maharashtra,"Ruby Hall Clinic, Pune",DNBGENERAL MEDICINE,DNB Post MBBS,GEN,"? 125,000","? 89,698",0,? 0,600,
1,2833,Kerala,"Medical College, Trivandrum",EMERGENCY MEDICINE,AIQ,GEN,"?69,470","? 57,876",1,"?50,00,000",2126,
1,2834,Tamil Nadu,"Stanley Med Coll, Chennai",GENERAL SURGERY,AIQ,SC,"?50,000","?54,025",2,"?40,00,000",1661,
1,2835,Gujarat,"MP Shah, Jamnagar",GENERAL MEDICINE,AIQ,OBC,"?30,000","? 100,800",1,"?40,00,000",1250,
1,2836,Maharashtra,"Lokmanya Tilak, Sion, Mumbai",GENERAL SURGERY,AIQ,OBC,"?1,57,100","? 93,559",1,"? 5,000,000",1462,
1,2838,Kerala,"Lisie Medical Inst, Kochi",DNBGENERAL MEDICINE,DNB Post MBBS,GEN,"? 125,000","? 57,876",0,? 0,750,
1,2840,Delhi,"Deen Dayal Upadhyay, Delhi",DNBGENERAL MEDICINE,DNB Post MBBS,OBC,"? 125,000","? 126,927",1,"?20,00,000",640,
1,2841,Chhattisgarh,"Pt JNM Med Coll, Raipur",RADIO DIAGNOSIS,AIQ,OBC,"?20,000","? 67,500",2,"?50,00,000",1246,
1,2842,West Bengal,Calcutta National Med Coll,PAEDIATRICS,AIQ,GEN,"?12,000","? 61,634",3,"?30,00,000",1470,
1,2843,Jammu and Kashmir,"Sher-I-Kashmir, Srinagar",PAEDIATRICS,AIQ,GEN,"?11,000","? 80,000",0,?0,1200,
1,2844,Delhi,"UCMS, Delhi",ORTHOPAEDICS,AIQ,OBC,"?47,220","?1,32,336",1,"? 2,000,000",1000,
1,2845,Uttar Pradesh,"Kailash Hosp, Sector 27, Noida",DNBRADIO DIAGNOSIS,DNB Post MBBS,GEN,"? 125,000","? 60,000",0,? 0,325,
1,2846,Odisha,"MKCG, Berhampur",OBG,AIQ,GEN,"?35,000","? 73,042",2,"?55,09,464",1140,
1,2847,Rajasthan,"SMS, Jaipur",ORTHOPAEDICS,AIQ,GEN,"?14,093","?87,216",2,"? 10,000,000",5702,
1,2848,Manipur,"RIMS, Imphal",GENERAL MEDICINE,AIQ,SC,"?5,000","? 109,926",1,"?20,00,000",1074,
1,2849,Rajasthan,"SMS, Jaipur",PAEDIATRICS,AIQ,GEN,"?14,093","?87,216",2,"? 10,000,000",5702,
1,2850,Karnataka,"Mysore Med Coll, Mysore",GENERAL SURGERY,AIQ,GEN,"?1,23,400","? 56,250",1,"?50,00,000",1050,
1,2851,Uttar Pradesh,"JNMC (AMU), Aligarh",PAEDIATRICS,AIQ,GEN,"?54,700","?1,14,975",0,? 0,1269,
1,2853,Andhra Pradesh,"Govt Med Coll, Ananthapuram",GENERAL MEDICINE,AIQ,OBC,"?30,000","? 60,823",0,?0,500,
1,2854,Tamil Nadu,Govt Thiruvannamalai Med Coll,GENERAL MEDICINE,AIQ,OBC,"?50,000","?54,025",2,"?40,00,000",500,
1,2855,Delhi,"Indraprastha Apollo Hosp,Delhi",DNBGENERAL MEDICINE,DNB Post MBBS,GEN,"? 125,000","? 64,500",0,? 0,750,
1,2856,Maharashtra,"Govt Med Coll, Nagpur",RADIO DIAGNOSIS,AIQ,SC,"?1,57,100","? 93,559",1,"? 5,000,000",1866,
1,2857,Uttar Pradesh,"LLRM Med Coll, Meerut",DERMATOLOGY,AIQ,OBC,"?24,000","?1,10,646",2,"?40,00,000",1090,
1,2858,Haryana,"Pt BD Sharma, Rohtak",GENERAL SURGERY,AIQ,GEN,"?1,25,000","?1,04,346",0,?0,2080,
1,2859,Telangana,"Osmania Med Coll, Hyderabad",PAEDIATRICS,AIQ,EWS,"?15,000","? 67,032",1,"? 2,000,000",4800,
1,2861,Tamil Nadu,"Madurai Med Coll, Madurai",GENERAL SURGERY,AIQ,GEN,"?50,000","?54,025",2,"?40,00,000",3518,
1,2862,Punjab,"Guru Govind Singh, Faridkot",GENERAL MEDICINE,AIQ,EWS,"?1,25,000","?76,000",2,"?20,00,000",1025,
1,2863,Telangana,"Yashoda SS Hosp,Malakpet, HYD",DNBRADIO DIAGNOSIS,DNB Post MBBS,GEN,"? 125,000","? 67,032",0,? 0,550,
1,2864,Tamil Nadu,"Rajah Muthiah, Annamalainagar",GENERAL MEDICINE,AIQ,OBC,"?50,000","?54,025",2,"?40,00,000",1400,
1,2865,Gujarat,"Medical College, Baroda",ORTHOPAEDICS,AIQ,GEN,"?30,000","? 100,800",1,"?40,00,000",1250,
1,2866,Andhra Pradesh,"Guntur Med Coll, Guntur",PAEDIATRICS,AIQ,GEN,"?30,000","? 60,823",0,?0,1170,
1,2867,Punjab,"Satguru Partap Singh,Ludhiana",DNBRADIO DIAGNOSIS,DNB Post MBBS,GEN,"? 125,000","?76,000",0,? 0,350,
1,2868,Uttar Pradesh,"MLN Med Coll, Allahabad",GENERAL MEDICINE,AIQ,OBC,"?24,000","?1,10,646",2,"?40,00,000",Info Not Available,
1,2869,Maharashtra,"Apollo Hospital, Navi Mumbai",DNBGENERAL MEDICINE,DNB Post MBBS,GEN,"? 125,000","? 89,000",0,? 0,473,
1,2870,Maharashtra,"Govt Med Coll, Nagpur",PAEDIATRICS,AIQ,GEN,"?1,57,100","? 93,559",1,"? 5,000,000",1866,
1,2871,Delhi,"ABVIMS (Dr RML Hosp), Delhi",GENERAL SURGERY,IP,GEN,"? 51,000","? 136,008",1,"? 2,000,000",1626,
1,2872,Telangana,"Continental Hosp, Hyderabad",DNBRADIO DIAGNOSIS,DNB Post MBBS,GEN,"? 125,000","?67,032",0,? 0,587,
1,2873,Tamil Nadu,"Madurai Med Coll, Madurai",EMERGENCY MEDICINE,AIQ,GEN,"?50,000","?54,025",2,"?40,00,000",3518,
1,2874,Delhi,"VMMC, Delhi",PAEDIATRICS,IP,GEN,"?15,000","?1,20,965",1,"? 2,000,000",1550,
1,2875,Delhi,"Sir Ganga Ram Hospital, Delhi",DNBCARDIOTHORACIC 6 YRS,DNB Post MBBS,GEN,"? 125,000","? 92,000",0,? 0,737,
1,2876,Rajasthan,"SMS, Jaipur",PAEDIATRICS,AIQ,GEN,"?14,093","?87,216",2,"? 10,000,000",5702,
1,2877,Rajasthan,"SMS, Jaipur",ORTHOPAEDICS,AIQ,GEN,"?14,093","?87,216",2,"? 10,000,000",5702,
1,2878,Delhi,"Max SS Hosp, Saket, Delhi",DNBGENERAL MEDICINE,DNB Post MBBS,GEN,"? 125,000","? 60,000",0,? 0,539,
1,2879,Maharashtra,"Grant Med Coll, Mumbai",PAEDIATRICS,AIQ,GEN,"?1,57,100","? 93,559",1,"? 5,000,000",2844,
1,2880,Rajasthan,"SMS, Jaipur",OBG,AIQ,GEN,"?14,093","?87,216",2,"? 15,000,000",5702,
1,2881,Karnataka,"Apollo Hosp, Bannerghatta, BLR",DNBRADIO DIAGNOSIS,DNB Post MBBS,GEN,"? 125,000","? 56,250",0,? 0,350,
1,2882,Telangana,"Kakatiya Med Coll, Warangal",GENERAL SURGERY,AIQ,GEN,"?15,000","? 67,032",1,"? 2,000,000",1150,
1,2883,Tamil Nadu,"Madras Med Coll, Chennai",GENERAL SURGERY,AIQ,GEN,"?50,000","?54,025",2,"?40,00,000",7285,
1,2884,Uttar Pradesh,"JNMC (AMU), Aligarh",PAEDIATRICS,AMU,GEN,"?54,700","?1,14,975",0,? 0,1269,
1,2885,Andhra Pradesh,"Rajiv Gandhi IMS, Srikakulam",GENERAL MEDICINE,AIQ,EWS,"?30,000","? 60,823",0,?0,532,
1,2886,Uttarakhand,"Doon Med Coll, Dehradun",GENERAL SURGERY,AIQ,GEN,"?60,000","?71,257",2,"?2,50,00,000",750,
1,2888,Tamil Nadu,"Madurai Med Coll, Madurai",PAEDIATRICS,AIQ,OBC,"?50,000","?54,025",2,"?40,00,000",3518,
1,2889,Kerala,"Govt of Med Sci, Pariyaram",PAEDIATRICS,AIQ,OBC,"?69,470","? 57,876",1,"?50,00,000",1752,
1,2890,Kerala,"Govt Med Coll, Kozhikode",EMERGENCY MEDICINE,AIQ,GEN,"?69,470","? 57,876",1,"?50,00,000",3025,
1,2891,Karnataka,"Mandya IMS, Mandya",PAEDIATRICS,AIQ,GEN,"?1,23,400","? 56,250",1,"?50,00,000",910,
1,2892,Delhi,"MAMC, Delhi",DERMATOLOGY,AIQ,SC,"?16,200","?1,32,336",1,"? 2,000,000",2800,
1,2893,Rajasthan,"RNT, Udaipur",PAEDIATRICS,AIQ,GEN,"?14,093","?87,216",2,"? 10,000,000",2206,
1,2894,Telangana,"Continental Hosp, Hyderabad",DNBRADIO DIAGNOSIS,DNB Post MBBS,GEN,"? 125,000","?67,032",0,? 0,587,
1,2895,Maharashtra,"Fortis Hosp, Mulund, Mumbai",DNBGENERAL MEDICINE,DNB Post MBBS,GEN,"? 125,000","? 86,750",0,? 0,440,
1,2897,Telangana,"Gandhi Med Coll, Secunderabad",PAEDIATRICS,AIQ,GEN,"?15,000","? 67,032",1,"? 2,000,000",1200,
1,2898,Karnataka,"Apollo Hosp, Bannerghatta, BLR",DNBRADIO DIAGNOSIS,DNB Post MBBS,GEN,"? 125,000","? 56,250",0,? 0,350,
1,2899,Delhi,"UCMS, Delhi",OBG,AIQ,EWS,"?47,220","?1,32,336",1,"? 2,000,000",1000,
1,2901,Tamil Nadu,"ESI PGIMSR, KK Nagar, Chennai",ANAESTHESIOLOGY,AIQ,GEN,"?2,50,000","?1,15,506",2,"?10,00,000",470,
1,2902,Andhra Pradesh,"Andhra Med Coll, Vizag",GENERAL SURGERY,AIQ,GEN,"?30,000","? 60,823",0,?0,1030,
1,2903,Goa,"Goa Med Coll, Panaji",GENERAL SURGERY,AIQ,GEN,"?1,22,522","?80,000",1,"?50,00,000",1160,
1,2904,Maharashtra,"Lilavati Hospital, Mumbai",DNBNUCLEAR MEDICINE,DNB Post MBBS,GEN,"? 125,000","? 86,630",0,? 0,330,
1,2905,Tamil Nadu,"Apollo Spec Hosp, MountRd,CHN",DNBRADIO DIAGNOSIS,DNB Post MBBS,GEN,"? 125,000","?48,000",0,? 0,290,
1,2906,Gujarat,"Medical College, Baroda",PAEDIATRICS,AIQ,GEN,"?30,000","? 100,800",1,"?40,00,000",1250,
1,2907,Kerala,"IQRAA, Kozhikode",DNBGENERAL MEDICINE,DNB Post MBBS,GEN,"? 125,000","? 57,876",0,? 0,510,
1,2908,Karnataka,"Mysore Med Coll, Mysore",OBG,AIQ,GEN,"?1,23,400","? 56,250",1,"?50,00,000",1050,
1,2909,Karnataka,"Raichur IMS, Raichur",GENERAL MEDICINE,AIQ,OBC,"?1,23,400","? 56,250",1,"?50,00,000",500,
1,2910,Madhya Pradesh,"CHL Hospital, Indore",DNBRADIO DIAGNOSIS,DNB Post MBBS,GEN,"? 125,000","? 69,115",0,? 0,200,
1,2911,Delhi,"UCMS, Delhi",OBG,DU,GEN,"?47,220","?1,32,336",1,"? 2,000,000",1000,
1,2912,Chhattisgarh,"CIMS, Bilaspur",GENERAL MEDICINE,AIQ,GEN,"?20,000","? 67,500",2,"?50,00,000",550,
1,2914,Tamil Nadu,Tirunelveli Med Coll,PAEDIATRICS,AIQ,GEN,"?50,000","?54,025",2,"?40,00,000",1737,
1,2915,Karnataka,"Fortis Hosp,BannerghattaRd,BLR",DNBRADIO DIAGNOSIS,DNB Post MBBS,GEN,"? 125,000","?61,000",0,? 0,400,
1,2916,Maharashtra,"Breach Candy Hospital, Mumbai",DNBGENERAL MEDICINE,DNB Post MBBS,GEN,"? 125,000","?89,489",0,? 0,213,
1,2917,Maharashtra,"Seth GS, Mumbai",PAEDIATRICS,AIQ,OBC,"?1,57,100","? 93,559",1,"? 5,000,000",2250,
1,2918,Uttar Pradesh,"KGMU, Lucknow",GENERAL SURGERY,AIQ,GEN,"?54,700","? 126,725",2,"?40,00,000",4500,
1,2919,Maharashtra,"Lokmanya Tilak, Sion, Mumbai",GENERAL SURGERY,AIQ,OBC,"?1,57,100","? 93,559",1,"? 5,000,000",1462,
1,2920,Assam,"Tezpur Med Coll, Tezpur",RADIO DIAGNOSIS,AIQ,GEN,"?27,300","?55,200",2,"?20,00,000",500,
1,2921,Bihar,"Paras HMRI Hospital, Patna",DNBRADIO DIAGNOSIS,DNB Post MBBS,GEN,"? 125,000","? 82,000",0,? 0,350,
1,2922,Karnataka,"IGICH, Bangalore",PAEDIATRICS,AIQ,EWS,"?1,23,400","? 56,250",1,"?50,00,000",500,
1,2923,Haryana,"Sarvodaya Hospital, Faridabad",DNBRADIO DIAGNOSIS,DNB Post MBBS,GEN,"? 125,000","? 73,000",0,? 0,450,
1,2924,Karnataka,"Mysore Med Coll, Mysore",RADIO DIAGNOSIS,AIQ,SC,"?1,23,400","? 56,250",1,"?50,00,000",1050,
1,2925,Andhra Pradesh,"ACSR Medical College, Nellore",GENERAL MEDICINE,AIQ,OBC,"?30,000","? 60,823",0,?0,355,
1,2926,West Bengal,"Govt. Med College, Kolkata",GENERAL MEDICINE,AIQ,OBC,"?12,000","? 61,634",3,"?30,00,000",2668,
1,2929,Uttar Pradesh,"IMS(BHU), Varanasi",GENERAL SURGERY,AIQ,OBC,"?48,226","?1,12,054",0,? 0,2424,
1,2930,Haryana,"OPJindalInstCancer&Cardiac,Hisar",DNBRADIO DIAGNOSIS,DNB Post MBBS,GEN,"? 125,000","? 66,100",0,? 0,580,
1,2932,Delhi,"Mata Chanan Devi Hosp, Delhi",DNBRADIO DIAGNOSIS,DNB Post MBBS,GEN,"? 125,000","? 58,900",0,? 0,210,
1,2933,Delhi,"Dr Baba Saheb Ambedkar, Delhi",DMRD(NBEMS),NBE Diploma,GEN,"? 125,000","? 126,927",1,"?20,00,000",500,
1,2934,Uttar Pradesh,"KGMU, Lucknow",TBRD,AIQ,GEN,"?54,700","? 126,725",2,"?40,00,000",4500,
1,2935,Odisha,"SCB, Cuttack",PAEDIATRICS,AIQ,EWS,"?35,000","? 73,042",2,"?55,09,464",2106,
1,2936,Telangana,"Osmania Med Coll, Hyderabad",OBG,AIQ,GEN,"?15,000","? 67,032",1,"? 2,000,000",4800,
1,2937,Delhi,"UCMS, Delhi",RADIO DIAGNOSIS,DU,OBC,"?47,220","?1,32,336",1,"? 2,000,000",1000,
1,2938,Kerala,"PRS Hospital, Trivandrum",DNBRADIO DIAGNOSIS,DNB Post MBBS,GEN,"? 125,000","? 57,876",0,? 0,300,
1,2939,Karnataka,"Sakra World Hosp, Bangalore",DNBRADIO DIAGNOSIS,DNB Post MBBS,GEN,"? 125,000","?56,250",0,? 0,300,
1,2942,Tamil Nadu,"Madurai Med Coll, Madurai",PAEDIATRICS,AIQ,OBC,"?50,000","?54,025",2,"?40,00,000",3518,
1,2943,Haryana,"OPJindalInstCancer&Cardiac,Hisar",DNBRADIO DIAGNOSIS,DNB Post MBBS,GEN,"? 125,000","? 66,100",0,? 0,580,
1,2944,Tamil Nadu,"Royal Care SS Hosp, Coimbatore",DNBRADIO DIAGNOSIS,DNB Post MBBS,GEN,"? 125,000","? 48,000",0,? 0,401,
1,2945,Kerala,"Govt Med Coll, Kozhikode",OBG,AIQ,GEN,"?69,470","? 57,876",1,"?50,00,000",3025,
1,2946,Maharashtra,"Holy Spirit Hospital, Mumbai",DNBGENERAL MEDICINE,DNB Post MBBS,GEN,"? 125,000","? 86,630",0,? 0,300,
1,2947,Maharashtra,"KEM Hospital, Pune",DNBGENERAL MEDICINE,DNB Post MBBS,GEN,"? 125,000","?90,000",0,? 0,568,
1,2948,Haryana,"Medanta The Medicity, Gurgaon",DNBGENERAL MEDICINE,DNB Post MBBS,GEN,"? 125,000","? 65,000",0,? 0,1391,
1,2949,Maharashtra,"Holy Spirit Hospital, Mumbai",DNBGENERAL MEDICINE,DNB Post MBBS,GEN,"? 125,000","? 86,630",0,? 0,300,
1,2950,Maharashtra,"Lilavati Hospital, Mumbai",DMRD(NBEMS),NBE Diploma,GEN,"? 125,000","? 86,630",0,? 0,330,
1,2951,Gujarat,"Medical College, Baroda",ORTHOPAEDICS,AIQ,GEN,"?30,000","? 100,800",1,"?40,00,000",1250,
1,2953,Delhi,"UCMS, Delhi",OBG,AIQ,OBC,"?47,220","?1,32,336",1,"? 2,000,000",1000,
1,2954,Maharashtra,"Dr B Nanavati Hosp, Mumbai",DNBGENERAL MEDICINE,DNB Post MBBS,GEN,"? 125,000","? 86,630",0,? 0,348,
1,2955,Maharashtra,"Govt Med Coll, Nagpur",GENERAL SURGERY,AIQ,GEN,"?1,57,100","? 93,559",1,"? 5,000,000",1866,
1,2956,Andhra Pradesh,"Rajiv Gandhi IMS, Ongole",GENERAL MEDICINE,AIQ,OBC,"?30,000","? 60,823",0,?0,500,
1,2957,Goa,"Goa Med Coll, Panaji",DERMATOLOGY,AIQ,OBC,"?1,22,522","?80,000",1,"?50,00,000",1160,
1,2958,Telangana,"Osmania Med Coll, Hyderabad",GENERAL SURGERY,AIQ,EWS,"?15,000","? 67,032",1,"? 2,000,000",4800,
1,2959,Uttar Pradesh,"Kailash Hosp Neuro Inst, Noida",DNBRADIO DIAGNOSIS,DNB Post MBBS,GEN,"? 125,000","? 60,000",0,? 0,200,
1,2960,Karnataka,"Bangalore Med Coll, Bangalore",ORTHOPAEDICS,AIQ,GEN,"?1,23,400","? 56,250",1,"?50,00,000",1993,
1,2961,Karnataka,"Bidar IMS, Bidar",GENERAL MEDICINE,AIQ,OBC,"?1,23,400","? 56,250",1,"?50,00,000",500,
1,2962,Uttar Pradesh,"Kailash Hosp Neuro Inst, Noida",DNBRADIO DIAGNOSIS,DNB Post MBBS,GEN,"? 125,000","? 60,000",0,? 0,200,
1,2963,Tamil Nadu,"Stanley Med Coll, Chennai",PAEDIATRICS,AIQ,OBC,"?50,000","?54,025",2,"?40,00,000",1661,
1,2965,Haryana,"Aadhar Health Inst, Hisar",DNBRADIO DIAGNOSIS,DNB Post MBBS,GEN,"? 125,000","? 78,000",0,? 0,200,
1,2967,Assam,"Jorhat Med Coll, Jorhat",GENERAL MEDICINE,AIQ,GEN,"?27,300","?55,200",2,"?20,00,000",814,
1,2970,Uttar Pradesh,"BRD Med Coll, Gorakhpur",PAEDIATRICS,AIQ,GEN,"?24,000","?1,10,646",2,"?40,00,000",1050,
1,2971,Tamil Nadu,"Madras Med Coll, Chennai",GENERAL SURGERY,AIQ,OBC,"?50,000","?54,025",2,"?40,00,000",7285,
1,2972,Karnataka,"Bangalore Med Coll, Bangalore",PAEDIATRICS,AIQ,EWS,"?1,23,400","? 56,250",1,"?50,00,000",1993,
1,2973,Karnataka,"Manipal Hosp, Whitefield, BLR",DNBRADIO DIAGNOSIS,DNB Post MBBS,GEN,"? 125,000","? 56,250",0,? 0,287,
1,2974,Uttar Pradesh,"BRD Med Coll, Gorakhpur",DERMATOLOGY,AIQ,OBC,"?24,000","?1,10,646",2,"?40,00,000",1050,
1,2975,Gujarat,"Govt Med Coll, Surat",PAEDIATRICS,AIQ,GEN,"?30,000","? 100,800",1,"?40,00,000",1150,
1,2978,West Bengal,"Nilratan Sircar, Kolkata",RADIO DIAGNOSIS,AIQ,SC,"?12,000","? 61,634",3,"?30,00,000",1920,
1,2979,Maharashtra,"Bai Jerbai Wadia Hosp, Mumbai",DNBRADIO DIAGNOSIS,DNB Post MBBS,GEN,"? 125,000","?76,429",0,? 0,525,
1,2980,Tamil Nadu,Tirunelveli Med Coll,PAEDIATRICS,AIQ,GEN,"?50,000","?54,025",2,"?40,00,000",1737,
1,2982,Maharashtra,"Ruby Hall Clinic, Pune",DNBGENERAL MEDICINE,DNB Post MBBS,GEN,"? 125,000","? 89,698",0,? 0,600,
1,2985,Andhra Pradesh,"Andhra Med Coll, Vizag",OBG,AIQ,GEN,"?30,000","? 60,823",0,?0,1030,
1,2986,Delhi,"ESI, Basaidarpur, Delhi",GENERAL SURGERY,AIQ,GEN,"?2,50,000","?1,30,846",2,"?10,00,000",600,
1,2988,Telangana,"Apollo Hosp,Jubilee Hills,Hyd",DNBRADIO DIAGNOSIS,DNB Post MBBS,GEN,"? 125,000","?67,032",0,? 0,550,
1,2990,Karnataka,"SGITO (Sanjay Gan), Bangalore",ORTHOPAEDICS,AIQ,OBC,"?1,23,400","? 56,250",1,"?50,00,000",180,
1,2991,West Bengal,Burdwan Medical College,RADIO DIAGNOSIS,AIQ,OBC,"?12,000","? 61,634",3,"?30,00,000",1099,
1,2993,Uttar Pradesh,"BRD Med Coll, Gorakhpur",PAEDIATRICS,AIQ,GEN,"?24,000","?1,10,646",2,"?40,00,000",1050,
1,2994,Tamil Nadu,"Madurai Med Coll, Madurai",TBRD,AIQ,GEN,"?50,000","?54,025",2,"?40,00,000",3518,
1,2995,Telangana,"Kakatiya Med Coll, Warangal",DERMATOLOGY,AIQ,OBC,"?15,000","? 67,032",1,"? 2,000,000",1150,
1,2996,Assam,"Tezpur Med Coll, Tezpur",GENERAL MEDICINE,AIQ,GEN,"?27,300","?55,200",2,"?20,00,000",500,
1,2998,Tamil Nadu,"Kovai MedicalCentre,Coimbatore",DNBGENERAL MEDICINE,DNB Post MBBS,GEN,"? 125,000","? 48,000",0,? 0,1650,
1,2999,Karnataka,"Manipal Hosp, Rustum Bagh, BLR",DNBGENERAL MEDICINE,DNB Post MBBS,GEN,"? 125,000","? 56,250",0,? 0,600,
1,3001,Andhra Pradesh,"Govt Siddhartha, Vijaywada",DERMATOLOGY,AIQ,OBC,"?30,000","? 60,823",0,?0,707,
1,3002,Maharashtra,"Manipal Hospitals, Baner, Pune",DNBRADIO DIAGNOSIS,DNB Post MBBS,GEN,"? 125,000","? 89,500",0,? 0,202,
1,3003,Maharashtra,"Lokmanya Tilak, Sion, Mumbai",ENT,AIQ,GEN,"?1,57,100","? 93,559",1,"? 5,000,000",1462,
1,3005,Madhya Pradesh,"NSC Bose Med Coll, Jabalpur",GENERAL MEDICINE,AIQ,OBC,"?1,01,500","? 75,444",1,"?10,00,000",1150,
1,3006,Maharashtra,"Grant Med Coll, Mumbai",ORTHOPAEDICS,AIQ,GEN,"?1,57,100","? 93,559",1,"? 5,000,000",2844,
1,3007,Karnataka,"ESIC Med Coll,Gulbarga",PAEDIATRICS,AIQ,GEN,"?2,50,000","?1,14,016",2,"?10,00,000",480,
1,3008,Telangana,"Osmania Med Coll, Hyderabad",OBG,AIQ,GEN,"?15,000","? 67,032",1,"? 2,000,000",4800,
1,3009,Tamil Nadu,"Madurai Med Coll, Madurai",GENERAL SURGERY,AIQ,GEN,"?50,000","?54,025",2,"?40,00,000",3518,
1,3012,Karnataka,"Bangalore Med Coll, Bangalore",OBG,AIQ,OBC,"?1,23,400","? 56,250",1,"?50,00,000",1993,
1,3013,Gujarat,"GMERS MedColl Hosp,Vadadora",DMRD(NBEMS),NBE Diploma,OBC,"? 125,000","? 75,600",0,? 0,750,
1,3014,Madhya Pradesh,"NSC Bose Med Coll, Jabalpur",GENERAL MEDICINE,AIQ,OBC,"?1,01,500","? 75,444",1,"?10,00,000",1150,
1,3015,Rajasthan,"SMS, Jaipur",OBG,AIQ,GEN,"?14,093","?87,216",2,"? 15,000,000",5702,
1,3016,Delhi,"Swami Dayanand Hospital, Delhi",DNBGENERAL MEDICINE,DNB Post MBBS,GEN,"? 125,000","? 135,264",1,"?20,00,000",370,
1,3017,Karnataka,"Sankara Eye Hosp, Bangalore",DNBOPHTHALMOLOGY,DNB Post MBBS,GEN,"? 125,000","?56,250",0,? 0,225,
1,3019,Uttar Pradesh,"IMS(BHU), Varanasi",GENERAL SURGERY,BHU,GEN,"?48,226","?1,12,054",0,? 0,2424,
1,3020,West Bengal,"RG Kar Med Coll, Kolkata",OBG,AIQ,GEN,"?12,000","? 61,634",3,"?30,00,000",1663,
1,3022,Tamil Nadu,Tirunelveli Med Coll,PAEDIATRICS,AIQ,GEN,"?50,000","?54,025",2,"?40,00,000",1737,
1,3023,Maharashtra,"KEM Hospital, Pune",DNBGENERAL MEDICINE,DNB Post MBBS,GEN,"? 125,000","?90,000",0,? 0,568,
1,3024,Telangana,"Rajiv Gandhi IMS, Adilabad",GENERAL MEDICINE,AIQ,OBC,"?15,000","? 67,032",1,"? 2,000,000",Info Not Available,
1,3025,Kerala,"Medical College, Trivandrum",TBRD,AIQ,GEN,"?69,470","? 57,876",1,"?50,00,000",2126,
1,3027,Gujarat,"MP Shah, Jamnagar",GENERAL MEDICINE,AIQ,SC,"?30,000","? 100,800",1,"?40,00,000",1250,
1,3028,Gujarat,"Govt Med Coll, Surat",DERMATOLOGY,AIQ,OBC,"?30,000","? 100,800",1,"?40,00,000",1150,
1,3029,West Bengal,"BR Singh Hospital, Kolkata",DNBGENERAL MEDICINE,DNB Post MBBS,GEN,"? 125,000","? 108,564",0,? 0,525,
1,3030,Rajasthan,"SMS, Jaipur",EMERGENCY MEDICINE,AIQ,GEN,"?14,093","?87,216",2,"? 5,000,000",5702,
1,3031,West Bengal,"ESI, Joka, Kolkata",GENERAL SURGERY,AIQ,GEN,"?2,50,000","?1,00,980",2,"?10,00,000",470,
1,3032,Odisha,"Apollo Hospital, Bhubaneswar",DNBRADIO DIAGNOSIS,DNB Post MBBS,GEN,"? 125,000","? 66,916",0,? 0,350,
1,3033,Telangana,"KIMS Hospital, Hyderabad",DNBRADIO DIAGNOSIS,DNB Post MBBS,GEN,"? 125,000","? 67,032",0,? 0,200,
1,3034,Uttar Pradesh,"Govt IMS, Kasna",GENERAL MEDICINE,AIQ,OBC,"?35,000","?1,10,646",2,"?40,00,000",500,
1,3037,Uttar Pradesh,"KGMU, Lucknow",OBG,AIQ,GEN,"?54,700","? 126,725",2,"?40,00,000",4500,
1,3039,Kerala,"Caritas Hospital, Kottayam",DNBRADIO DIAGNOSIS,DNB Post MBBS,GEN,"? 125,000","? 57,876",0,? 0,660,
1,3040,Tamil Nadu,"Madurai Med Coll, Madurai",PAEDIATRICS,AIQ,OBC,"?50,000","?54,025",2,"?40,00,000",3518,
1,3042,Jammu and Kashmir,"Govt Med Coll, Jammu",RADIO DIAGNOSIS,AIQ,OBC,"?25,000","? 63,240",0,?0,2663,
1,3043,Maharashtra,"Lokmanya Tilak, Sion, Mumbai",OBG,AIQ,OBC,"?1,57,100","? 93,559",1,"? 5,000,000",1462,
1,3044,Gujarat,"Gujarat MRI Centre, Ahmedabad",DNBRADIO DIAGNOSIS,DNB Post MBBS,GEN,"? 125,000","?25,000",0,? 0,102,
1,3045,Tamil Nadu,"Kilpauk Med Coll, Chennai",GENERAL MEDICINE,AIQ,EWS,"?50,000","?54,025",2,"?40,00,000",1700,
1,3047,Delhi,"Lady Hardinge, Delhi",RADIO DIAGNOSIS,DU,ST,"?16,200","?1,26,927",1,"? 2,000,000",877,
1,3049,Haryana,"Maharaja Agrasen MCHosp,Agroha",DNBGENERAL MEDICINE,DNB Post MBBS,GEN,"? 125,000","? 90,209",0,? 0,705,
1,3050,Maharashtra,"Ruby Hall Clinic, Pune",DNBGENERAL MEDICINE,DNB Post MBBS,GEN,"? 125,000","? 89,698",0,? 0,600,
1,3051,Haryana,"ESIC Med Coll, Faridabad",GENERAL SURGERY,AIQ,GEN,"?2,50,000","?1,15,853",2,"?10,00,000",625,
1,3053,Tamil Nadu,"Stanley Med Coll, Chennai",OBG,AIQ,GEN,"?50,000","?54,025",2,"?40,00,000",1661,
1,3055,Tamil Nadu,"Kilpauk Med Coll, Chennai",PAEDIATRICS,AIQ,OBC,"?50,000","?54,025",2,"?40,00,000",1700,
1,3056,Uttar Pradesh,"KGMU, Lucknow",ORTHOPAEDICS,AIQ,GEN,"?54,700","? 126,725",2,"?40,00,000",4500,
1,3057,Tamil Nadu,"Naruvi Hospitals, Vellore, TN",DNBRADIO DIAGNOSIS,DNB Post MBBS,GEN,"? 125,000","? 48,000",0,? 0,475,
1,3059,Uttar Pradesh,"JNMC (AMU), Aligarh",GENERAL MEDICINE,AMU,GEN,"?54,700","?1,14,975",0,? 0,1269,
1,3061,West Bengal,"IPGMER, Kolkata",GENERAL SURGERY,AIQ,GEN,"?12,000","? 61,634",3,"?30,00,000",2300,
1,3062,Madhya Pradesh,"Bansal Hospital, Shahpura",DNBRADIO DIAGNOSIS,DNB Post MBBS,GEN,"? 125,000","?75,000",0,? 0,301,
1,3063,Jammu and Kashmir,"Sher-I-Kashmir, Srinagar",RADIO DIAGNOSIS,AIQ,OBC,"?11,000","? 80,000",0,?0,1200,
1,3064,Chhattisgarh,"Pt JNM Med Coll, Raipur",GENERAL MEDICINE,AIQ,OBC,"?20,000","? 67,500",2,"?50,00,000",1246,
1,3065,Odisha,"PGIMER&CapitalHosp,Bhubaneswar",PAEDIATRICS,AIQ,GEN,"?35,000","? 73,042",2,"?55,09,464",760,
1,3066,Maharashtra,"Holy Family Hospital, Mumbai",DNBGENERAL MEDICINE,DNB Post MBBS,GEN,"? 125,000","? 85,000",0,? 0,268,
1,3067,Madhya Pradesh,"CHL Hospital, Indore",DNBRADIO DIAGNOSIS,DNB Post MBBS,GEN,"? 125,000","? 69,115",0,? 0,200,
1,3069,Maharashtra,"Jehangir Hospital, Pune",DNBGENERAL MEDICINE,DNB Post MBBS,GEN,"? 125,000","?87,000",0,? 0,335,
1,3072,Tamil Nadu,"Govt Med Coll, Omandurar",GENERAL SURGERY,AIQ,GEN,"?50,000","?54,025",2,"?40,00,000",Info Not Available,
1,3073,Delhi,"Lady Hardinge, Delhi",DERMATOLOGY,DU,EWS,"?16,200","?1,26,927",1,"? 2,000,000",877,
1,3074,Maharashtra,"Dr AmbedkarCentRlwyHosp, MUM",DNBGENERAL MEDICINE,DNB Post MBBS,GEN,"? 125,000","? 95,358",0,? 0,366,
1,3076,Maharashtra,"Indira Gandhi MedColl, Nagpur",GENERAL SURGERY,AIQ,GEN,"?1,57,100","? 93,559",1,"? 5,000,000",822,
1,3077,Haryana,"Maharaja Agrasen MCHosp,Agroha",DNBGENERAL MEDICINE,DNB Post MBBS,GEN,"? 125,000","? 90,209",0,? 0,705,
1,3078,Delhi,"UCMS, Delhi",PAEDIATRICS,DU,GEN,"?47,220","?1,32,336",1,"? 2,000,000",1000,
1,3079,Maharashtra,"Asian IMS, Dombivli (E)",DNBRADIO DIAGNOSIS,DNB Post MBBS,GEN,"? 125,000","?83,000",0,? 0,Info Not Available,
1,3080,Karnataka,"Shimoga IMS, Shimoga",DERMATOLOGY,AIQ,OBC,"?1,23,400","? 56,250",1,"?50,00,000",950,
1,3081,West Bengal,"Nilratan Sircar, Kolkata",GENERAL SURGERY,AIQ,GEN,"?12,000","? 61,634",3,"?30,00,000",1920,
1,3082,Maharashtra,"Tata Memorial, Mumbai",RADIATION ONCOLOGY,AIQ,GEN,"?1,05,500","? 105,840",1,"?25,00,000",614,
1,3083,Maharashtra,"Pimpri Chinchwad, Pimpri",GENERAL SURGERY,AIQ,GEN,"?1,57,100","? 93,559",1,"? 5,000,000",750,
1,3084,Gujarat,"Govt Med Coll, Surat",GENERAL MEDICINE,AIQ,OBC,"?30,000","? 100,800",1,"?40,00,000",1150,
1,3085,Maharashtra,"Holy Spirit Hospital, Mumbai",DNBGENERAL MEDICINE,DNB Post MBBS,GEN,"? 125,000","? 86,630",0,? 0,300,
1,3086,Tamil Nadu,"Stanley Med Coll, Chennai",GENERAL SURGERY,AIQ,OBC,"?50,000","?54,025",2,"?40,00,000",1661,
1,3087,Tamil Nadu,Tirunelveli Med Coll,PAEDIATRICS,AIQ,OBC,"?50,000","?54,025",2,"?40,00,000",1737,
1,3089,Punjab,"Satguru Partap Singh,Ludhiana",DNBRADIO DIAGNOSIS,DNB Post MBBS,GEN,"? 125,000","?76,000",0,? 0,350,
1,3090,Delhi,"Sir Ganga Ram Hospital, Delhi",DNBNEUROSURGERY 6 YRS,DNB Post MBBS,GEN,"? 125,000","? 92,000",0,? 0,737,
1,3091,Tamil Nadu,"Billroth Hospital, Chennai",DNBRADIO DIAGNOSIS,DNB Post MBBS,GEN,"? 125,000","? 50,923",0,? 0,350,
1,3092,Madhya Pradesh,"MGM Med Coll, Indore",PAEDIATRICS,AIQ,GEN,"?1,01,500","? 75,444",1,"?10,00,000",1300,
1,3093,Tamil Nadu,"Govt. Mohan Kumaramangalam, Salem",PAEDIATRICS,AIQ,OBC,"?50,000","?54,025",2,"?40,00,000",1642,
1,3094,Odisha,"Care Hospital, Bhubaneswar",DNBRADIO DIAGNOSIS,DNB Post MBBS,GEN,"? 125,000","? 68,801",0,? 0,230,
1,3096,Delhi,"UCMS, Delhi",PAEDIATRICS,DU,GEN,"?47,220","?1,32,336",1,"? 2,000,000",1000,
1,3097,Jammu and Kashmir,"Govt Med Coll, Srinagar",OBG,AIQ,GEN,"?32,500","? 63,240",0,?0,3120,
1,3099,Maharashtra,"Seth GS, Mumbai",GENERAL SURGERY,AIQ,OBC,"?1,57,100","? 93,559",1,"? 5,000,000",2250,
1,3100,Karnataka,"Apollo Hosp, Bannerghatta, BLR",DNBRADIO DIAGNOSIS,DNB Post MBBS,GEN,"? 125,000","? 56,250",0,? 0,350,
1,3101,Kerala,"Govt Med Coll, Kozhikode",GENERAL SURGERY,AIQ,OBC,"?69,470","? 57,876",1,"?50,00,000",3025,
1,3102,Chhattisgarh,"CIMS, Bilaspur",GENERAL MEDICINE,AIQ,GEN,"?20,000","? 67,500",2,"?50,00,000",550,
1,3104,Telangana,"Yashoda SS Hosp,Malakpet, HYD",DNBRADIO DIAGNOSIS,DNB Post MBBS,GEN,"? 125,000","? 67,032",0,? 0,550,
1,3106,Kerala,"Lakeshore Hospital, Kochi",DNBNUCLEAR MEDICINE,DNB Post MBBS,GEN,"? 125,000","? 57,876",0,? 0,470,
1,3107,Delhi,"UCMS, Delhi",PAEDIATRICS,AIQ,OBC,"?47,220","?1,32,336",1,"? 2,000,000",1000,
1,3109,Maharashtra,"Seth GS, Mumbai",OBG,AIQ,OBC,"?1,57,100","? 93,559",1,"? 5,000,000",2250,
1,3110,Jammu and Kashmir,"Govt Med Coll, Srinagar",PAEDIATRICS,AIQ,GEN,"?32,500","? 63,240",0,?0,3120,
1,3112,Punjab,"Govt Med Coll, Patiala",PAEDIATRICS,AIQ,GEN,"?1,25,000","?76,000",2,"?20,00,000",1130,
1,3113,Karnataka,"Gadag IMS, Gadag",DERMATOLOGY,AIQ,OBC,"?1,23,400","? 56,250",1,"?50,00,000",Info Not Available,
1,3114,Rajasthan,"SMS, Jaipur",PAEDIATRICS,AIQ,OBC,"?14,093","?87,216",2,"? 10,000,000",5702,
1,3115,Maharashtra,"Asian IMS, Dombivli (E)",DNBRADIO DIAGNOSIS,DNB Post MBBS,GEN,"? 125,000","?83,000",0,? 0,Info Not Available,
1,3116,Maharashtra,"KJ Somaiya MedColl Hosp,Mumbai",DNBGENERAL MEDICINE,DNB Post MBBS,GEN,"? 125,000","? 86,629",0,? 0,520,
1,3117,Rajasthan,"MahavirJaipuriya,MilapNgrJaipur",DNBRADIO DIAGNOSIS,DNB Post MBBS,GEN,"? 125,000","?70,000",0,? 0,350,
1,3118,Andhra Pradesh,"Andhra Med Coll, Vizag",OBG,AIQ,GEN,"?30,000","? 60,823",0,?0,1030,
1,3119,Maharashtra,"Asian IMS, Dombivli (E)",DNBRADIO DIAGNOSIS,DNB Post MBBS,GEN,"? 125,000","?83,000",0,? 0,Info Not Available,
1,3120,Tamil Nadu,"Govt. Mohan Kumaramangalam, Salem",RADIO DIAGNOSIS,AIQ,EWS,"?50,000","?54,025",2,"?40,00,000",1642,
1,3121,Delhi,"UCMS, Delhi",PAEDIATRICS,AIQ,EWS,"?47,220","?1,32,336",1,"? 2,000,000",1000,
1,3122,Maharashtra,"GovtMedColl,ChhatrapatiSambhajiNgr",OBG,AIQ,GEN,"?1,57,100","? 93,559",1,"? 5,000,000",1177,
1,3123,Tamil Nadu,"GKNM Hospital, Coimbatore",DNBGENERAL MEDICINE,DNB Post MBBS,GEN,"? 125,000","? 49,440",0,? 0,750,
1,3124,Bihar,"Darbhanga, Lehriasarai",GENERAL MEDICINE,AIQ,EWS,"?9,000","? 82,000",2,"?25,00,000",1030,
1,3125,Uttar Pradesh,"GSVM Med Coll, Kanpur",GENERAL SURGERY,AIQ,GEN,"?24,000","?1,10,646",2,"?40,00,000",2083,
1,3126,Rajasthan,"SMS, Jaipur",OBG,AIQ,GEN,"?14,093","?87,216",2,"? 15,000,000",5702,
1,3128,Uttar Pradesh,"Chandan Hospital, Lucknow",DNBRADIO DIAGNOSIS,DNB Post MBBS,GEN,"? 125,000","?85,000",0,? 0,203,
1,3130,Karnataka,"VIMS, Bellary",PAEDIATRICS,AIQ,GEN,"?1,23,400","? 56,250",1,"?50,00,000",1295,
1,3131,Telangana,"Yashoda HealthCareServ,Somajiguda,HYD",DNBRADIO DIAGNOSIS,DNB Post MBBS,GEN,"? 125,000","? 67,032",0,? 0,550,
1,3133,Maharashtra,"Rajiv Gandhi MedColl,Thane,MUM",DNBGENERAL MEDICINE,DNB Post MBBS,EWS,"? 125,000","?93,359",1,"? 5,000,000",500,
1,3134,Gujarat,"Govt Med Coll, Surat",GENERAL MEDICINE,AIQ,OBC,"?30,000","? 100,800",1,"?40,00,000",1150,
1,3137,Karnataka,"KIMS, Hubli",OBG,AIQ,GEN,"?1,23,400","? 56,250",1,"?50,00,000",1200,
1,3138,Tripura,"Agartala Med Coll, Agartala",RADIO DIAGNOSIS,AIQ,EWS,"?1,50,000","? 55,200",1,"?50,00,000",580,
1,3139,Telangana,"Yashoda HealthCareServ,Somajiguda,HYD",DNBRADIO DIAGNOSIS,DNB Post MBBS,GEN,"? 125,000","? 67,032",0,? 0,550,
1,3141,Maharashtra,"HBT & RN Cooper, Mumbai",ORTHOPAEDICS,AIQ,GEN,"?1,57,100","? 93,559",1,"? 5,000,000",940,
1,3142,Tamil Nadu,"Kauvery Hospital, Chennai",DNBRADIO DIAGNOSIS,DNB Post MBBS,GEN,"? 125,000","? 48,000",0,? 0,300,
1,3143,Telangana,"ESIC Med Coll,Sanath Nagar",PAEDIATRICS,AIQ,OBC,"?2,50,000","? 130,653",2,"?10,00,000",690,
1,3145,Karnataka,"Raichur IMS, Raichur",DERMATOLOGY,AIQ,OBC,"?1,23,400","? 56,250",1,"?50,00,000",500,
1,3146,Telangana,"Osmania Med Coll, Hyderabad",OBG,AIQ,GEN,"?15,000","? 67,032",1,"? 2,000,000",4800,
1,3147,Maharashtra,"Jehangir Hospital, Pune",DNBGENERAL MEDICINE,DNB Post MBBS,GEN,"? 125,000","?87,000",0,? 0,335,
1,3148,Telangana,"AIG Hospital, Hyderabad",DNBGENERAL MEDICINE,DNB Post MBBS,GEN,"? 125,000","? 67,032",0,? 0,720,
1,3149,Karnataka,"Bangalore Med Coll, Bangalore",PAEDIATRICS,AIQ,OBC,"?1,23,400","? 56,250",1,"?50,00,000",1993,
1,3150,Rajasthan,"SNMC, Jodhpur",PAEDIATRICS,AIQ,GEN,"?14,093","?87,216",2,"? 10,000,000",3101,
1,3151,Delhi,"MAMC, Delhi",PSYCHIATRY,DU,GEN,"?16,200","?1,32,336",1,"? 2,000,000",2800,
1,3152,Karnataka,"Bangalore Med Coll, Bangalore",PAEDIATRICS,AIQ,OBC,"?1,23,400","? 56,250",1,"?50,00,000",1993,
1,3153,Tamil Nadu,"Billroth Hospital, Chennai",DNBRADIO DIAGNOSIS,DNB Post MBBS,GEN,"? 125,000","? 50,923",0,? 0,350,
1,3155,Rajasthan,"MahavirJaipuriya,MilapNgrJaipur",DNBRADIO DIAGNOSIS,DNB Post MBBS,GEN,"? 125,000","?70,000",0,? 0,350,
1,3157,Rajasthan,"SMS, Jaipur",OBG,AIQ,GEN,"?14,093","?87,216",2,"? 15,000,000",5702,
1,3158,Maharashtra,"Saifee Hospital, Mumbai",DNBGENERAL MEDICINE,DNB Post MBBS,GEN,"? 125,000","? 89,700",0,? 0,257,
1,3159,Maharashtra,"Govt Med Coll, Nagpur",OBG,AIQ,GEN,"?1,57,100","? 93,559",1,"? 5,000,000",1866,
1,3161,Uttar Pradesh,"JNMC (AMU), Aligarh",OPHTHALMOLOGY,AIQ,GEN,"?54,700","?1,14,975",0,? 0,1269,
1,3163,Maharashtra,"GovtMedColl,ChhatrapatiSambhajiNgr",GENERAL SURGERY,AIQ,GEN,"?1,57,100","? 93,559",1,"? 5,000,000",1177,
1,3164,Andhra Pradesh,"Andhra Med Coll, Vizag",OBG,AIQ,GEN,"?30,000","? 60,823",0,?0,1030,
1,3165,West Bengal,"IPGMER, Kolkata",OBG,AIQ,GEN,"?12,000","? 61,634",3,"?30,00,000",2300,
1,3166,Tamil Nadu,"Kanchi Kamakoti, Chennai",DNBPAEDIATRICS,DNB Post MBBS,GEN,"? 125,000","? 48,000",0,? 0,200,
1,3167,Rajasthan,"SMS, Jaipur",PAEDIATRICS,AIQ,EWS,"?14,093","?87,216",2,"? 10,000,000",5702,
1,3168,Tamil Nadu,"Kovai MedicalCentre,Coimbatore",DNBGENERAL MEDICINE,DNB Post MBBS,GEN,"? 125,000","? 48,000",0,? 0,1650,
1,3169,West Bengal,"Govt. Med College, Kolkata",OBG,AIQ,GEN,"?12,000","? 61,634",3,"?30,00,000",2668,
1,3170,Tamil Nadu,Coimbatore Med Coll,PAEDIATRICS,AIQ,OBC,"?50,000","?54,025",2,"?40,00,000",1182,
1,3171,Rajasthan,"RNT, Udaipur",PAEDIATRICS,AIQ,GEN,"?14,093","?87,216",2,"? 10,000,000",2206,
1,3172,Kerala,"Lourdes Hospital, Kochi",DNBGENERAL MEDICINE,DNB Post MBBS,GEN,"? 125,000","? 57,876",0,? 0,600,
1,3173,Punjab,"Satguru Partap Singh,Ludhiana",DNBRADIO DIAGNOSIS,DNB Post MBBS,GEN,"? 125,000","?76,000",0,? 0,350,
1,3174,Jharkhand,"CIP, Ranchi",PSYCHIATRY,AIQ,GEN,"? 3,000","? 100,706",0,? 0,643,
1,3175,Chandigarh,"GMC, Chandigarh",PAEDIATRICS,AIQ,OBC,"?34,500","?1,09,926",0,? 0,967,
1,3176,Odisha,"PGIMER&CapitalHosp,Bhubaneswar",OBG,AIQ,GEN,"?35,000","? 73,042",2,"?55,09,464",760,
1,3177,Maharashtra,"ShriVasantRaoGovtMedCol,Yavtmal",DNBRADIO DIAGNOSIS,DNB Post MBBS,GEN,"? 125,000","?93,559",1,"? 5,000,000",794,
1,3178,Delhi,"Sir Ganga Ram Hospital, Delhi",DNBNEUROSURGERY 6 YRS,DNB Post MBBS,GEN,"? 125,000","? 92,000",0,? 0,737,
1,3180,Jammu and Kashmir,"Govt Med Coll, Jammu",OBG,AIQ,GEN,"?25,000","? 63,240",0,?0,2663,
1,3181,Tamil Nadu,"Kilpauk Med Coll, Chennai",PAEDIATRICS,AIQ,OBC,"?50,000","?54,025",2,"?40,00,000",1700,
1,3182,Tamil Nadu,"Sri RamakrishnaHosp,Coimbatore",DNBRADIO DIAGNOSIS,DNB Post MBBS,GEN,"? 125,000","? 48,000",0,? 0,1009,
1,3183,Maharashtra,"Seth GS, Mumbai",OBG,AIQ,EWS,"?1,57,100","? 93,559",1,"? 5,000,000",2250,
1,3184,Telangana,"KIMS Hospital, Hyderabad",DNBRADIO DIAGNOSIS,DNB Post MBBS,GEN,"? 125,000","? 67,032",0,? 0,200,
1,3185,Karnataka,"Kasturba Med Coll, Manipal",GENERAL MEDICINE,MNG,GEN,"?27,92,000","? 56,250",0,? 0,2032,
1,3186,West Bengal,"Apollo Gleneagles, Kolkata",DNBEMERGENCY MEDICINE,DNB Post MBBS,GEN,"? 125,000","?61,634",0,? 0,750,
1,3187,Uttar Pradesh,"Dr RML IMS, Lucknow",OBG,AIQ,GEN,"?35,000","? 126,726",2,"?40,00,000",1368,
1,3190,Karnataka,"Kasturba Med Coll, Manipal",DERMATOLOGY,MNG,GEN,"?28,70,000","? 56,250",0,? 0,2032,
1,3192,Odisha,"VIMSAR, Burla",PAEDIATRICS,AIQ,GEN,"?35,000","? 73,042",2,"?55,09,464",1071,
1,3194,Tamil Nadu,"Madras Med Coll, Chennai",OBG,AIQ,OBC,"?50,000","?54,025",2,"?40,00,000",7285,
1,3195,Chhattisgarh,"Pt JNM Med Coll, Raipur",RADIO DIAGNOSIS,AIQ,OBC,"?20,000","? 67,500",2,"?50,00,000",1246,
1,3196,Maharashtra,"Lokmanya Tilak, Sion, Mumbai",GENERAL MEDICINE,AIQ,SC,"?1,57,100","? 93,559",1,"? 5,000,000",1462,
1,3198,Uttar Pradesh,"IMS(BHU), Varanasi",OPHTHALMOLOGY,AIQ,GEN,"?48,226","?1,12,054",0,? 0,2424,
1,3199,Punjab,"Govt Med Coll, Amritsar",PAEDIATRICS,AIQ,GEN,"?1,25,000","?76,000",2,"?20,00,000",951,
1,3200,Kerala,"Govt Med Coll, Kozhikode",ORTHOPAEDICS,AIQ,GEN,"?69,470","? 57,876",1,"?50,00,000",3025,
1,3202,Maharashtra,"Sadhu Vaswani Missions, Pune",DNBGENERAL MEDICINE,DNB Post MBBS,GEN,"? 125,000","? 90,000",0,? 0,430,
1,3204,Uttar Pradesh,"MLN Med Coll, Allahabad",GENERAL MEDICINE,AIQ,OBC,"?24,000","?1,10,646",2,"?40,00,000",Info Not Available,
1,3205,Andhra Pradesh,"Rajiv Gandhi IMS, Ongole",GENERAL MEDICINE,AIQ,EWS,"?30,000","? 60,823",0,?0,500,
1,3206,Tamil Nadu,"Kilpauk Med Coll, Chennai",OBG,AIQ,GEN,"?50,000","?54,025",2,"?40,00,000",1700,
1,3207,Delhi,"Batra Hospital, Delhi",DNBGENERAL MEDICINE,DNB Post MBBS,GEN,"? 125,000","? 61,000",0,? 0,500,
1,3208,Haryana,"Pt BD Sharma, Rohtak",ORTHOPAEDICS,AIQ,GEN,"?1,25,000","?1,04,346",0,?0,2080,
1,3209,Tamil Nadu,"Kovai MedicalCentre,Coimbatore",DNBGENERAL MEDICINE,DNB Post MBBS,GEN,"? 125,000","? 48,000",0,? 0,1650,
1,3210,Tamil Nadu,Tirunelveli Med Coll,PAEDIATRICS,AIQ,OBC,"?50,000","?54,025",2,"?40,00,000",1737,
1,3213,Maharashtra,"Seth GS, Mumbai",OBG,AIQ,EWS,"?1,57,100","? 93,559",1,"? 5,000,000",2250,
1,3214,Kerala,"Baby Memorial, Kozhikode",DNBPAEDIATRICS,DNB Post MBBS,GEN,"? 125,000","? 57,876",0,? 0,600,
1,3215,Rajasthan,"SMS, Jaipur",OBG,AIQ,GEN,"?14,093","?87,216",2,"? 15,000,000",5702,
1,3216,Gujarat,"PDU Med Coll, Rajkot",GENERAL MEDICINE,AIQ,OBC,"?30,000","? 100,800",1,"?40,00,000",750,
1,3217,Maharashtra,"Topiwala, Mumbai",OPHTHALMOLOGY,AIQ,OBC,"?1,57,100","? 93,559",1,"? 5,000,000",1300,
1,3218,Uttar Pradesh,"JNMC (AMU), Aligarh",GENERAL SURGERY,AIQ,GEN,"?54,700","?1,14,975",0,? 0,1269,
1,3220,Gujarat,"PDU Med Coll, Rajkot",GENERAL MEDICINE,AIQ,OBC,"?30,000","? 100,800",1,"?40,00,000",750,
1,3221,Andhra Pradesh,"Rajiv Gandhi IMS, Srikakulam",GENERAL MEDICINE,AIQ,OBC,"?30,000","? 60,823",0,?0,532,
1,3222,Karnataka,"Bangalore Med Coll, Bangalore",ORTHOPAEDICS,AIQ,GEN,"?1,23,400","? 56,250",1,"?50,00,000",1993,
1,3224,Karnataka,"KIMS, Hubli",OBG,AIQ,GEN,"?1,23,400","? 56,250",1,"?50,00,000",1200,
1,3225,Assam,"Fakhruddin Ali Ahmed, Barpeta",GENERAL MEDICINE,AIQ,GEN,"?27,300","?55,200",2,"?20,00,000",470,
1,3227,Telangana,"Osmania Med Coll, Hyderabad",OBG,AIQ,GEN,"?15,000","? 67,032",1,"? 2,000,000",4800,
1,3228,Telangana,"Care Hospital, Banjara Hills",DNBRADIO DIAGNOSIS,DNB Post MBBS,GEN,"? 125,000","?67,032",0,? 0,444,
1,3229,Andhra Pradesh,"Andhra Med Coll, Vizag",OBG,AIQ,GEN,"?30,000","? 60,823",0,?0,1030,
1,3230,Maharashtra,"Holy Family Hospital, Mumbai",DNBGENERAL MEDICINE,DNB Post MBBS,GEN,"? 125,000","? 85,000",0,? 0,268,
1,3231,Uttar Pradesh,"Dr RML IMS, Lucknow",GENERAL SURGERY,AIQ,GEN,"?35,000","? 126,726",2,"?40,00,000",1368,
1,3232,Delhi,"Shri Balaji Action Med, Delhi",DNBGENERAL MEDICINE,DNB Post MBBS,GEN,"? 125,000","? 72,000",0,? 0,275,
1,3234,Maharashtra,"BJMC, Pune",PAEDIATRICS,AIQ,GEN,"?1,57,100","? 93,559",1,"? 5,000,000",1296,
1,3235,Karnataka,"Manipal Hosp, Rustum Bagh, BLR",DNBGENERAL MEDICINE,DNB Post MBBS,GEN,"? 125,000","? 56,250",0,? 0,600,
1,3236,Telangana,"Osmania Med Coll, Hyderabad",PAEDIATRICS,AIQ,OBC,"?15,000","? 67,032",1,"? 2,000,000",4800,
1,3237,West Bengal,"RG Kar Med Coll, Kolkata",OBG,AIQ,GEN,"?12,000","? 61,634",3,"?30,00,000",1663,
1,3239,West Bengal,"Govt. Med College, Kolkata",RADIO DIAGNOSIS,AIQ,OBC,"?12,000","? 61,634",3,"?30,00,000",2668,
1,3240,Telangana,"Gandhi Med Coll, Secunderabad",PAEDIATRICS,AIQ,GEN,"?15,000","? 67,032",1,"? 2,000,000",1200,
1,3241,Tamil Nadu,Govt Vellore Med Coll,PAEDIATRICS,AIQ,GEN,"?50,000","?54,025",2,"?40,00,000",2858,
1,3242,West Bengal,"Apollo Gleneagles, Kolkata",DNBRADIO DIAGNOSIS,DNB Post MBBS,GEN,"? 125,000","?61,634",0,? 0,750,
1,3243,Karnataka,"Manipal Hosp, Whitefield",DNBRADIO DIAGNOSIS,DNB Post MBBS,GEN,"? 125,000","?56,250",0,? 0,162,
1,3244,Telangana,"Care Hospital, Banjara Hills",DNBRADIO DIAGNOSIS,DNB Post MBBS,GEN,"? 125,000","?67,032",0,? 0,444,
1,3245,Jammu and Kashmir,"Govt Med Coll, Srinagar",OBG,AIQ,GEN,"?32,500","? 63,240",0,?0,3120,
1,3248,Maharashtra,"Sadhu Vaswani Missions, Pune",DNBGENERAL MEDICINE,DNB Post MBBS,GEN,"? 125,000","? 90,000",0,? 0,430,
1,3249,Odisha,"JaiprakashHosp,Rourkela,Odisha",DNBRADIO DIAGNOSIS,DNB Post MBBS,GEN,"? 125,000","?90,000",0,? 0,307,
1,3250,Kerala,"Govt of Med Sci, Pariyaram",EMERGENCY MEDICINE,AIQ,GEN,"?69,470","? 57,876",1,"?50,00,000",1752,
1,3251,Tamil Nadu,Govt Sivagangai Med Coll,PAEDIATRICS,AIQ,GEN,"?50,000","?54,025",2,"?40,00,000",Info Not Available,
1,3254,Uttar Pradesh,"KGMU, Lucknow",ORTHOPAEDICS,AIQ,GEN,"?54,700","? 126,725",2,"?40,00,000",4500,
1,3257,Andhra Pradesh,"Kurnool Med Coll, Kurnool",PAEDIATRICS,AIQ,GEN,"?30,000","? 60,823",0,?0,1150,
1,3258,Tripura,"Agartala Med Coll, Agartala",GENERAL MEDICINE,AIQ,GEN,"?1,50,000","? 55,200",1,"?50,00,000",580,
1,3259,Madhya Pradesh,"MGM Med Coll, Indore",OBG,AIQ,GEN,"?1,01,500","? 75,444",1,"?10,00,000",1300,
1,3261,Delhi,"VMMC, Delhi",ANAESTHESIOLOGY,AIQ,GEN,"?15,000","?1,20,965",1,"? 2,000,000",1550,
1,3262,West Bengal,"Govt. Med College, Kolkata",OBG,AIQ,GEN,"?12,000","? 61,634",3,"?30,00,000",2668,
1,3263,Karnataka,"Sakra World Hosp, Bangalore",DNBRADIO DIAGNOSIS,DNB Post MBBS,GEN,"? 125,000","?56,250",0,? 0,300,
1,3264,Tamil Nadu,"Kovai MedicalCentre,Coimbatore",DNBGENERAL MEDICINE,DNB Post MBBS,GEN,"? 125,000","? 48,000",0,? 0,1650,
1,3266,Uttar Pradesh,"GSVM Med Coll, Kanpur",OBG,AIQ,GEN,"?24,000","?1,10,646",2,"?40,00,000",2083,
1,3267,Telangana,"Indo-American Cancer,Hyderabad",DNBNUCLEAR MEDICINE,DNB Post MBBS,GEN,"? 125,000","?50,686",0,? 0,500,
1,3268,Kerala,"Govt Med Coll, Thrissur",GENERAL MEDICINE,AIQ,EWS,"?69,470","? 57,876",1,"?50,00,000",1400,
1,3269,Andhra Pradesh,"Andhra Med Coll, Vizag",GENERAL SURGERY,AIQ,GEN,"?30,000","? 60,823",0,?0,1030,
1,3270,Himachal Pradesh,"IGMC, Shimla",ORTHOPAEDICS,AIQ,GEN,"?24,000","?40,000",2,"?40,00,000",1031,
1,3272,Uttar Pradesh,"JNMC (AMU), Aligarh",GENERAL MEDICINE,AMU,GEN,"?54,700","?1,14,975",0,? 0,1269,
1,3273,Madhya Pradesh,"NSC Bose Med Coll, Jabalpur",GENERAL SURGERY,AIQ,GEN,"?1,01,500","? 75,444",1,"?10,00,000",1150,
1,3274,Tripura,"Agartala Med Coll, Agartala",GENERAL MEDICINE,AIQ,GEN,"?1,50,000","? 55,200",1,"?50,00,000",580,
1,3275,Kerala,"KozhikodeDistCo-op,Eranhipalam",DNBGENERAL MEDICINE,DNB Post MBBS,GEN,"? 125,000","? 53,000",0,? 0,175,
1,3276,Telangana,"Kakatiya Med Coll, Warangal",OBG,AIQ,GEN,"?15,000","? 67,032",1,"? 2,000,000",1150,
1,3277,Delhi,"ABVIMS (Dr RML Hosp), Delhi",OBG,AIQ,OBC,"? 51,000","? 136,008",1,"? 2,000,000",1626,
1,3278,Tamil Nadu,"Madurai Med Coll, Madurai",GENERAL SURGERY,AIQ,GEN,"?50,000","?54,025",2,"?40,00,000",3518,
1,3279,Maharashtra,"Govt Med Coll, Nagpur",PAEDIATRICS,AIQ,GEN,"?1,57,100","? 93,559",1,"? 5,000,000",1866,
1,3280,Karnataka,"Mysore Med Coll, Mysore",PAEDIATRICS,AIQ,OBC,"?1,23,400","? 56,250",1,"?50,00,000",1050,
1,3282,Delhi,"VMMC, Delhi",OBG,IP,GEN,"?15,000","?1,20,965",1,"? 2,000,000",1550,
1,3283,Bihar,"IGIMS, Patna",GENERAL SURGERY,AIQ,GEN,"?1,60,000","?1,22,878",0,? 0,1170,
1,3284,Tamil Nadu,"Stanley Med Coll, Chennai",RADIO DIAGNOSIS,AIQ,SC,"?50,000","?54,025",2,"?40,00,000",1661,
1,3285,Kerala,"Ananthapuri Hosp, Trivandrum",DNBRADIO DIAGNOSIS,DNB Post MBBS,GEN,"? 125,000","? 57,876",0,? 0,400,
1,3286,Karnataka,"Manipal Hosp, Rustum Bagh, BLR",DNBNUCLEAR MEDICINE,DNB Post MBBS,GEN,"? 125,000","? 56,250",0,? 0,600,
1,3287,Telangana,"Osmania Med Coll, Hyderabad",PAEDIATRICS,AIQ,SC,"?15,000","? 67,032",1,"? 2,000,000",4800,
1,3288,Rajasthan,"SMS, Jaipur",RADIO DIAGNOSIS,AIQ,SC,"?14,093","?87,216",2,"? 15,000,000",5702,
1,3289,Delhi,"Lady Hardinge, Delhi",PAEDIATRICS,AIQ,SC,"?16,200","?1,26,927",1,"? 2,000,000",877,
1,3290,Kerala,"Medical College, Trivandrum",ORTHOPAEDICS,AIQ,OBC,"?69,470","? 57,876",1,"?50,00,000",2126,
1,3291,Jammu and Kashmir,"Govt Med Coll, Srinagar",TBRD,AIQ,GEN,"?32,500","? 63,240",0,?0,3120,
1,3292,Maharashtra,"DrHedgewarRugnalaya,Aurangabad",DNBGENERAL MEDICINE,DNB Post MBBS,GEN,"? 125,000","?81,000",0,? 0,500,
1,3294,Maharashtra,"Jupiter Hospital, Thane",DNBGENERAL MEDICINE,DNB Post MBBS,GEN,"? 125,000","?92,470",0,? 0,350,
1,3295,Delhi,"Lady Hardinge, Delhi",PSYCHIATRY,AIQ,OBC,"?16,200","?1,26,927",1,"? 2,000,000",877,
1,3296,Rajasthan,"SMS, Jaipur",TBRD,AIQ,GEN,"?14,093","?87,216",2,"? 10,000,000",5702,
1,3297,Gujarat,"Govt Med Coll, Bhavnagar",GENERAL MEDICINE,AIQ,OBC,"?30,000","? 100,800",1,"?40,00,000",720,
1,3298,Rajasthan,"JLNMC, Ajmer",GENERAL MEDICINE,AIQ,OBC,"?14,093","?87,216",2,"? 15,000,000",1428,
1,3299,Delhi,"UCMS, Delhi",PAEDIATRICS,DU,GEN,"?47,220","?1,32,336",1,"? 2,000,000",1000,
1,3300,Delhi,"Indraprastha Apollo Hosp,Delhi",DNBNUCLEAR MEDICINE,DNB Post MBBS,GEN,"? 125,000","? 64,500",0,? 0,750,
1,3301,Telangana,"Osmania Med Coll, Hyderabad",OBG,AIQ,GEN,"?15,000","? 67,032",1,"? 2,000,000",4800,
1,3302,Tamil Nadu,"GKNM Hospital, Coimbatore",DNBGENERAL MEDICINE,DNB Post MBBS,GEN,"? 125,000","? 49,440",0,? 0,750,
1,3303,Kerala,"Ananthapuri Hosp, Trivandrum",DNBRADIO DIAGNOSIS,DNB Post MBBS,GEN,"? 125,000","? 57,876",0,? 0,400,
1,3305,Delhi,"VMMC, Delhi",OBG,IP,GEN,"?15,000","?1,20,965",1,"? 2,000,000",1550,
1,3306,Tamil Nadu,"Sri RamakrishnaHosp,Coimbatore",DNBRADIO DIAGNOSIS,DNB Post MBBS,GEN,"? 125,000","? 48,000",0,? 0,1009,
1,3307,Delhi,"Maharaja Agrasen Hosp, Delhi",DNBGENERAL MEDICINE,DNB Post MBBS,GEN,"? 125,000","? 63,000",0,? 0,400,
1,3308,Telangana,"Osmania Med Coll, Hyderabad",PAEDIATRICS,AIQ,OBC,"?15,000","? 67,032",1,"? 2,000,000",4800,
1,3311,Delhi,"Shri Balaji Action Med, Delhi",DNBGENERAL MEDICINE,DNB Post MBBS,GEN,"? 125,000","? 72,000",0,? 0,275,
1,3312,Delhi,"ESI, Basaidarpur, Delhi",DERMATOLOGY,IP,EWS,"?2,50,000","?1,30,846",2,"?10,00,000",600,
1,3314,Karnataka,"Fortis Hosp,BannerghattaRd,BLR",DNBRADIO DIAGNOSIS,DNB Post MBBS,GEN,"? 125,000","?61,000",0,? 0,400,
1,3315,West Bengal,"Calcutta Med Res Inst,Kolkata",DNBRADIO DIAGNOSIS,DNB Post MBBS,GEN,"? 125,000","?61,634",0,? 0,440,
1,3317,Delhi,"VMMC, Delhi",PAEDIATRICS,IP,GEN,"?15,000","?1,20,965",1,"? 2,000,000",1550,
1,3318,Punjab,"Govt Med Coll, Patiala",GENERAL MEDICINE,AIQ,OBC,"?1,25,000","?76,000",2,"?20,00,000",1130,
1,3319,Delhi,"ABVIMS (Dr RML Hosp), Delhi",GENERAL MEDICINE,IP,OBC,"? 51,000","? 136,008",1,"? 2,000,000",1626,
1,3320,Rajasthan,"SMS, Jaipur",ORTHOPAEDICS,AIQ,GEN,"?14,093","?87,216",2,"? 10,000,000",5702,
1,3321,Maharashtra,"Rajiv Gandhi MedColl,Thane,MUM",DNBRADIO DIAGNOSIS,DNB Post MBBS,OBC,"? 125,000","?93,359",1,"? 5,000,000",500,
1,3322,Telangana,"Gandhi Med Coll, Secunderabad",GENERAL MEDICINE,AIQ,SC,"?15,000","? 67,032",1,"? 2,000,000",1200,
1,3323,Karnataka,"ColumbiaAsia Hosp,Malleshwaram",DNBRADIO DIAGNOSIS,DNB Post MBBS,GEN,"? 125,000","?45,000",0,? 0,160,
1,3324,Maharashtra,"Jupiter Hospital, Thane",DNBGENERAL MEDICINE,DNB Post MBBS,GEN,"? 125,000","?92,470",0,? 0,350,
1,3325,Tamil Nadu,"Madras Med Coll, Chennai",OBG,AIQ,OBC,"?50,000","?54,025",2,"?40,00,000",7285,
1,3326,Haryana,"Kalpana Chawla GMC Hosp,Karnal",DNBGENERAL MEDICINE,DNB Post MBBS,GEN,"? 125,000","? 104,346",0,?0,556,
1,3328,Kerala,"Ananthapuri Hosp, Trivandrum",DNBRADIO DIAGNOSIS,DNB Post MBBS,GEN,"? 125,000","? 57,876",0,? 0,400,
1,3330,Maharashtra,"Tata Memorial, Mumbai",RADIATION ONCOLOGY,AIQ,GEN,"?1,05,500","? 105,840",1,"?25,00,000",614,
1,3331,Maharashtra,"Lokmanya Tilak, Sion, Mumbai",ORTHOPAEDICS,AIQ,OBC,"?1,57,100","? 93,559",1,"? 5,000,000",1462,
1,3333,Delhi,"MAMC, Delhi",PAEDIATRICS,DU,EWS,"?16,200","?1,32,336",1,"? 2,000,000",2800,
1,3334,Madhya Pradesh,"NSC Bose Med Coll, Jabalpur",GENERAL MEDICINE,AIQ,OBC,"?1,01,500","? 75,444",1,"?10,00,000",1150,
1,3335,Jammu and Kashmir,"Govt Med Coll, Srinagar",PAEDIATRICS,AIQ,GEN,"?32,500","? 63,240",0,?0,3120,
1,3336,Odisha,"VIMSAR, Burla",OBG,AIQ,GEN,"?35,000","? 73,042",2,"?55,09,464",1071,
1,3337,Maharashtra,"Seth GS, Mumbai",ORTHOPAEDICS,AIQ,OBC,"?1,57,100","? 93,559",1,"? 5,000,000",2250,
1,3338,Haryana,"Sarvodaya MultSpec(Canc),Hisar",DNBRADIO DIAGNOSIS,DNB Post MBBS,GEN,"? 125,000","? 78,000",0,? 0,100,
1,3339,Telangana,"Care Hospital, Gachibowli",DNBRADIO DIAGNOSIS,DNB Post MBBS,GEN,"? 125,000","?67,032",0,? 0,220,
1,3340,Odisha,"Care Hospital, Bhubaneswar",DNBRADIO DIAGNOSIS,DNB Post MBBS,GEN,"? 125,000","? 68,801",0,? 0,230,
1,3341,Madhya Pradesh,"Gajra Raja Med Coll, Gwalior",GENERAL MEDICINE,AIQ,OBC,"?1,01,500","? 75,444",1,"?10,00,000",1100,
1,3342,Telangana,"Osmania Med Coll, Hyderabad",PAEDIATRICS,AIQ,OBC,"?15,000","? 67,032",1,"? 2,000,000",4800,
1,3343,Maharashtra,"Grant Med Coll, Mumbai",ORTHOPAEDICS,AIQ,GEN,"?1,57,100","? 93,559",1,"? 5,000,000",2844,
1,3344,Rajasthan,"SMS, Jaipur",GENERAL SURGERY,AIQ,EWS,"?14,093","?87,216",2,"? 10,000,000",5702,
1,3345,Karnataka,"Bhagwan MahaveerJain,Bangalore",DNBRADIO DIAGNOSIS,DNB Post MBBS,GEN,"? 125,000","? 56,250",0,? 0,470,
1,3347,Manipur,"RIMS, Imphal",GENERAL MEDICINE,AIQ,OBC,"?5,000","? 109,926",1,"?20,00,000",1074,
1,3348,Delhi,"UCMS, Delhi",PAEDIATRICS,DU,GEN,"?47,220","?1,32,336",1,"? 2,000,000",1000,
1,3350,Madhya Pradesh,"Bansal Hospital, Shahpura",DNBRADIO DIAGNOSIS,DNB Post MBBS,GEN,"? 125,000","?75,000",0,? 0,301,
1,3351,Madhya Pradesh,"Gajra Raja Med Coll, Gwalior",GENERAL MEDICINE,AIQ,OBC,"?1,01,500","? 75,444",1,"?10,00,000",1100,
1,3352,Assam,"Silchar Med Coll, Silchar",RADIO DIAGNOSIS,AIQ,OBC,"?25,900","?55,200",2,"?20,00,000",1256,
1,3354,Madhya Pradesh,"MGM Med Coll, Indore",GENERAL MEDICINE,AIQ,SC,"?1,01,500","? 75,444",1,"?10,00,000",1300,
1,3355,Madhya Pradesh,"ShalbyHos,RSBhandariMarg,Indore",DNBRADIO DIAGNOSIS,DNB Post MBBS,GEN,"? 125,000","? 69,115",0,? 0,190,
1,3356,Chandigarh,"GMC, Chandigarh",RADIO DIAGNOSIS,AIQ,SC,"?34,500","?1,09,926",0,? 0,967,
1,3357,Kerala,"Lisie Medical Inst, Kochi",DNBGENERAL MEDICINE,DNB Post MBBS,GEN,"? 125,000","? 57,876",0,? 0,750,
1,3358,Kerala,"Lisie Medical Inst, Kochi",DNBGENERAL MEDICINE,DNB Post MBBS,GEN,"? 125,000","? 57,876",0,? 0,750,
1,3359,Andhra Pradesh,"Rajiv Gandhi IMS, Srikakulam",GENERAL MEDICINE,AIQ,OBC,"?30,000","? 60,823",0,?0,532,
1,3360,Telangana,"Care Hospital, Gachibowli",DNBRADIO DIAGNOSIS,DNB Post MBBS,GEN,"? 125,000","?67,032",0,? 0,220,
1,3361,Delhi,"Lady Hardinge, Delhi",PSYCHIATRY,AIQ,EWS,"?16,200","?1,26,927",1,"? 2,000,000",877,
1,3362,Delhi,"MAMC, Delhi",OBG,AIQ,EWS,"?16,200","?1,32,336",1,"? 2,000,000",2800,
1,3363,Uttar Pradesh,"GSVM Med Coll, Kanpur",GENERAL SURGERY,AIQ,GEN,"?24,000","?1,10,646",2,"?40,00,000",2083,
1,3364,Maharashtra,"BJMC, Pune",TBRD,AIQ,GEN,"?1,57,100","? 93,559",1,"? 5,000,000",1296,
1,3365,Maharashtra,"BARC Hosp, Mumbai",DNBGENERAL MEDICINE,DNB Post MBBS,GEN,"? 125,000","? 96,000",0,? 0,390,
1,3367,Telangana,"Osmania Med Coll, Hyderabad",PAEDIATRICS,AIQ,OBC,"?15,000","? 67,032",1,"? 2,000,000",4800,
1,3368,Rajasthan,"RNT, Udaipur",PAEDIATRICS,AIQ,GEN,"?14,093","?87,216",2,"? 10,000,000",2206,
1,3370,Kerala,"Govt Med Coll, Kottayam",GENERAL SURGERY,AIQ,OBC,"?69,470","? 57,876",1,"?50,00,000",2094,
1,3372,Haryana,"Sarvodaya MultSpec(Canc),Hisar",DNBRADIO DIAGNOSIS,DNB Post MBBS,GEN,"? 125,000","? 78,000",0,? 0,100,
1,3373,Tamil Nadu,"Sri RamakrishnaHosp,Coimbatore",DNBRADIO DIAGNOSIS,DNB Post MBBS,GEN,"? 125,000","? 48,000",0,? 0,1009,
1,3374,Himachal Pradesh,"IGMC, Shimla",DERMATOLOGY,AIQ,OBC,"?24,000","?40,000",2,"?40,00,000",1031,
1,3375,Andhra Pradesh,"Rajiv Gandhi IMS, Kadapa",DERMATOLOGY,AIQ,OBC,"?30,000","? 60,823",0,?0,715,
1,3376,Delhi,"ABVIMS (Dr RML Hosp), Delhi",ORTHOPAEDICS,AIQ,EWS,"? 51,000","? 136,008",1,"? 2,000,000",1626,
1,3378,West Bengal,"Inst of Child Health, Kolkata",PAEDIATRICS,AIQ,GEN,"?12,000","? 61,634",3,"?30,00,000",Info Not Available,
1,3380,Uttar Pradesh,"MLN Med Coll, Allahabad",GENERAL MEDICINE,AIQ,OBC,"?24,000","?1,10,646",2,"?40,00,000",Info Not Available,
1,3382,Chhattisgarh,"Govt Med Coll, Ambikapur",GENERAL MEDICINE,AIQ,GEN,"?20,000","? 67,500",2,"?50,00,000",785,
1,3383,Uttar Pradesh,"JNMC (AMU), Aligarh",ORTHOPAEDICS,AIQ,GEN,"?54,700","?1,14,975",0,? 0,1269,
1,3384,Tamil Nadu,Chengalpattu Med Coll,PAEDIATRICS,AIQ,GEN,"?50,000","?54,025",2,"?40,00,000",700,
1,3385,Andhra Pradesh,"Kurnool Med Coll, Kurnool",PAEDIATRICS,AIQ,GEN,"?30,000","? 60,823",0,?0,1150,
1,3386,Haryana,"Pt BD Sharma, Rohtak",OBG,AIQ,OBC,"?1,25,000","?1,04,346",0,?0,2080,
1,3388,Uttar Pradesh,"GSVM Med Coll, Kanpur",OBG,AIQ,GEN,"?24,000","?1,10,646",2,"?40,00,000",2083,
1,3389,Andhra Pradesh,"Kurnool Med Coll, Kurnool",GENERAL SURGERY,AIQ,GEN,"?30,000","? 60,823",0,?0,1150,
1,3390,Kerala,"Caritas Hospital, Kottayam",DNBRADIO DIAGNOSIS,DNB Post MBBS,GEN,"? 125,000","? 57,876",0,? 0,660,
1,3391,West Bengal,"RG Kar Med Coll, Kolkata",ORTHOPAEDICS,AIQ,GEN,"?12,000","? 61,634",3,"?30,00,000",1663,
1,3392,Telangana,"AIG Hospital, Hyderabad",DNBGENERAL MEDICINE,DNB Post MBBS,GEN,"? 125,000","? 67,032",0,? 0,720,
1,3393,Delhi,"VMMC, Delhi",OBG,IP,EWS,"?15,000","?1,20,965",1,"? 2,000,000",1550,
1,3394,Madhya Pradesh,"MGM Med Coll, Indore",GENERAL SURGERY,AIQ,GEN,"?1,01,500","? 75,444",1,"?10,00,000",1300,
1,3396,Maharashtra,"Indira Gandhi MedColl, Nagpur",OBG,AIQ,GEN,"?1,57,100","? 93,559",1,"? 5,000,000",822,
1,3397,Madhya Pradesh,"MGM Med Coll, Indore",PAEDIATRICS,AIQ,GEN,"?1,01,500","? 75,444",1,"?10,00,000",1300,
1,3398,Andhra Pradesh,"ACSR Medical College, Nellore",GENERAL MEDICINE,AIQ,OBC,"?30,000","? 60,823",0,?0,355,
1,3399,Telangana,"Osmania Med Coll, Hyderabad",PAEDIATRICS,AIQ,EWS,"?15,000","? 67,032",1,"? 2,000,000",4800,
1,3400,Delhi,"ABVIMS (Dr RML Hosp), Delhi",GENERAL SURGERY,AIQ,SC,"? 51,000","? 136,008",1,"? 2,000,000",1626,
1,3401,Tamil Nadu,"Madras Med Coll, Chennai",OBG,AIQ,OBC,"?50,000","?54,025",2,"?40,00,000",7285,
1,3402,Rajasthan,"SMS, Jaipur",OBG,AIQ,GEN,"?14,093","?87,216",2,"? 15,000,000",5702,
1,3403,Assam,"Gauhati Med Coll, Guwahati",GENERAL MEDICINE,AIQ,OBC,"?27,300","?55,200",2,"?20,00,000",2185,
1,3404,Rajasthan,"SMS, Jaipur",OBG,AIQ,GEN,"?14,093","?87,216",2,"? 15,000,000",5702,
1,3405,Tamil Nadu,Thanjavur Med Coll,PAEDIATRICS,AIQ,OBC,"?50,000","?54,025",2,"?40,00,000",1466,
1,3406,Delhi,"ESI, Basaidarpur, Delhi",GENERAL SURGERY,AIQ,GEN,"?2,50,000","?1,30,846",2,"?10,00,000",600,
1,3407,Karnataka,"Manipal Hospital,Ambalipura,BLR",DNBRADIO DIAGNOSIS,DNB Post MBBS,GEN,"? 125,000","?56,250",0,? 0,214,
1,3408,Karnataka,"Sparsh SS Hosp, Yeshwanthpur",DNBRADIO DIAGNOSIS,DNB Post MBBS,GEN,"? 125,000","? 56,250",0,? 0,250,
1,3409,Odisha,"VIMSAR, Burla",OBG,AIQ,GEN,"?35,000","? 73,042",2,"?55,09,464",1071,
1,3411,Karnataka,"Mysore Med Coll, Mysore",GENERAL SURGERY,AIQ,GEN,"?1,23,400","? 56,250",1,"?50,00,000",1050,
1,3413,Uttar Pradesh,"IMS(BHU), Varanasi",RADIATION ONCOLOGY,AIQ,GEN,"?48,226","?1,12,054",0,? 0,2424,
1,3414,Kerala,"Govt Med Coll, Kozhikode",FAMILY MEDICINE,AIQ,GEN,"?69,470","? 57,876",1,"?50,00,000",3025,
1,3415,Telangana,"Osmania Med Coll, Hyderabad",GENERAL MEDICINE,AIQ,SC,"?15,000","? 67,032",1,"? 2,000,000",4800,
1,3416,Madhya Pradesh,"MGM Med Coll, Indore",OBG,AIQ,GEN,"?1,01,500","? 75,444",1,"?10,00,000",1300,
1,3417,Kerala,"Caritas Hospital, Kottayam",DNBRADIO DIAGNOSIS,DNB Post MBBS,GEN,"? 125,000","? 57,876",0,? 0,660,
1,3418,Maharashtra,"Lokmanya Tilak, Sion, Mumbai",PAEDIATRICS,AIQ,OBC,"?1,57,100","? 93,559",1,"? 5,000,000",1462,
1,3419,Karnataka,"Mandya IMS, Mandya",PAEDIATRICS,AIQ,OBC,"?1,23,400","? 56,250",1,"?50,00,000",910,
1,3420,Tamil Nadu,Chengalpattu Med Coll,PAEDIATRICS,AIQ,GEN,"?50,000","?54,025",2,"?40,00,000",700,
1,3421,Punjab,"Guru Govind Singh, Faridkot",PAEDIATRICS,AIQ,GEN,"?1,25,000","?76,000",2,"?20,00,000",1025,
1,3422,Uttar Pradesh,"IMS(BHU), Varanasi",GENERAL SURGERY,AIQ,OBC,"?48,226","?1,12,054",0,? 0,2424,
1,3423,Gujarat,"BJMC, Ahmedabad",ENT,AIQ,GEN,"?30,000","? 100,800",1,"?40,00,000",1557,
1,3424,Tamil Nadu,"Rajah Muthiah, Annamalainagar",PAEDIATRICS,AIQ,GEN,"?50,000","?54,025",2,"?40,00,000",1400,
1,3426,Delhi,"St Stephen's Hospital, Delhi",DMRD(NBEMS),NBE Diploma,GEN,"? 125,000","? 58,000",0,? 0,595,
1,3427,Rajasthan,"SNMC, Jodhpur",PAEDIATRICS,AIQ,GEN,"?14,093","?87,216",2,"? 10,000,000",3101,
1,3429,Delhi,"Indraprastha Apollo Hosp,Delhi",DNBGENERAL MEDICINE,DNB Post MBBS,GEN,"? 125,000","? 64,500",0,? 0,750,
1,3430,Rajasthan,"Central Hospital, Jaipur",DNBGENERAL MEDICINE,DNB Post MBBS,GEN,"? 125,000","? 73,968",0,? 0,150,
1,3431,Tamil Nadu,"Madurai Med Coll, Madurai",OBG,AIQ,GEN,"?50,000","?54,025",2,"?40,00,000",3518,
1,3432,West Bengal,Bankura Sammilani Med Coll,RADIO DIAGNOSIS,AIQ,SC,"?12,000","? 61,634",3,"?30,00,000",1441,
1,3434,Uttar Pradesh,"LLRM Med Coll, Meerut",GENERAL MEDICINE,AIQ,OBC,"?24,000","?1,10,646",2,"?40,00,000",1090,
1,3435,Maharashtra,"Sadhu Vaswani Missions, Pune",DNBGENERAL MEDICINE,DNB Post MBBS,GEN,"? 125,000","? 90,000",0,? 0,430,
1,3437,Telangana,"Osmania Med Coll, Hyderabad",PAEDIATRICS,AIQ,OBC,"?15,000","? 67,032",1,"? 2,000,000",4800,
1,3439,Karnataka,"Mysore Med Coll, Mysore",GENERAL SURGERY,AIQ,GEN,"?1,23,400","? 56,250",1,"?50,00,000",1050,
1,3440,Uttar Pradesh,"JNMC (AMU), Aligarh",GENERAL MEDICINE,AMU,GEN,"?54,700","?1,14,975",0,? 0,1269,
1,3441,Karnataka,"Sparsh SS Hosp, Yeshwanthpur",DNBRADIO DIAGNOSIS,DNB Post MBBS,GEN,"? 125,000","? 56,250",0,? 0,250,
1,3442,Maharashtra,"Apple Saraswati, Kolhapur",DNBRADIO DIAGNOSIS,DNB Post MBBS,GEN,"? 125,000","?76,000",0,? 0,200,
1,3443,Telangana,"NIMS, Hyderabad",ANAESTHESIOLOGY,AIQ,GEN,"?72,000","? 116,844",1,"? 2,000,000",1498,
1,3446,Delhi,"Lady Hardinge, Delhi",PAEDIATRICS,DU,OBC,"?16,200","?1,26,927",1,"? 2,000,000",877,
1,3448,Maharashtra,"BARC Hosp, Mumbai",DNBGENERAL MEDICINE,DNB Post MBBS,GEN,"? 125,000","? 96,000",0,? 0,390,
1,3449,Delhi,"Sir Ganga Ram Hospital, Delhi",DNBGENERAL SURGERY,DNB Post MBBS,GEN,"? 125,000","? 92,000",0,? 0,737,
1,3450,Punjab,"Govt Med Coll, Patiala",GENERAL MEDICINE,AIQ,OBC,"?1,25,000","?76,000",2,"?20,00,000",1130,
1,3451,Maharashtra,"Topiwala, Mumbai",GENERAL SURGERY,AIQ,OBC,"?1,57,100","? 93,559",1,"? 5,000,000",1300,
1,3452,Tamil Nadu,"Madras Med Coll, Chennai",PAEDIATRICS,AIQ,EWS,"?50,000","?54,025",2,"?40,00,000",7285,
1,3454,Maharashtra,"KIMS-Kingsway Hospitals,Nagpur",DNBRADIO DIAGNOSIS,DNB Post MBBS,GEN,"? 125,000","?77,000",0,? 0,334,
1,3455,Telangana,"KIMS Hospital, Hyderabad",DNBRADIO DIAGNOSIS,DNB Post MBBS,GEN,"? 125,000","? 67,032",0,? 0,200,
1,3456,Madhya Pradesh,"Govt Med Coll, Ratlam",DERMATOLOGY,AIQ,OBC,"?1,01,500","? 75,444",1,"?10,00,000",300,
1,3457,Bihar,"Jawaharlal Nehru, Bhagalpur",GENERAL MEDICINE,AIQ,GEN,"?9,000","? 82,000",2,"?25,00,000",800,
1,3458,Andhra Pradesh,"Andhra Med Coll, Vizag",PAEDIATRICS,AIQ,OBC,"?30,000","? 60,823",0,?0,1030,
1,3459,Karnataka,"Bhagwan MahaveerJain,Bangalore",DNBRADIO DIAGNOSIS,DNB Post MBBS,GEN,"? 125,000","? 56,250",0,? 0,470,
1,3460,Kerala,"IQRAA, Kozhikode",DNBGENERAL MEDICINE,DNB Post MBBS,GEN,"? 125,000","? 57,876",0,? 0,510,
1,3461,Andhra Pradesh,"Andhra Med Coll, Vizag",PAEDIATRICS,AIQ,OBC,"?30,000","? 60,823",0,?0,1030,
1,3462,Telangana,"Yashoda Health Care Serv, Serilingampally",DNBRADIO DIAGNOSIS,DNB Post MBBS,GEN,"? 125,000","? 67,032",0,? 0,600,
1,3463,Maharashtra,"Lokmanya Tilak, Sion, Mumbai",PSYCHIATRY,AIQ,GEN,"?1,57,100","? 93,559",1,"? 5,000,000",1462,
1,3464,Tamil Nadu,"KAPV Med Coll, Trichy",PAEDIATRICS,AIQ,OBC,"?50,000","?54,025",2,"?40,00,000",2500,
1,3466,Jharkhand,"Rajendra IMS, Ranchi",GENERAL MEDICINE,AIQ,OBC,"? 1,550","?1,00,770",3,"?30,00,000",1754,
1,3467,Maharashtra,"Aditya Birla Mem Hosp, Pune",DNBNUCLEAR MEDICINE,DNB Post MBBS,GEN,"? 125,000","? 86,629",0,? 0,500,
1,3468,Odisha,"Shri Jagannath,Puri",DNBGENERAL MEDICINE,DNB Post MBBS,GEN,"? 125,000","? 73,042",2,"?55,09,464",467,
1,3469,Tamil Nadu,"Madras Med Coll, Chennai",PAEDIATRICS,AIQ,EWS,"?50,000","?54,025",2,"?40,00,000",7285,
1,3470,Uttar Pradesh,"JNMC (AMU), Aligarh",GENERAL SURGERY,AIQ,GEN,"?54,700","?1,14,975",0,? 0,1269,
1,3471,Rajasthan,"Fortis Escorts Hosp, Jaipur",DNBGENERAL MEDICINE,DNB Post MBBS,GEN,"? 125,000","?87,216",0,? 0,275,
1,3473,Kerala,"Ananthapuri Hosp, Trivandrum",DNBRADIO DIAGNOSIS,DNB Post MBBS,GEN,"? 125,000","? 57,876",0,? 0,400,
1,3474,Uttar Pradesh,"GSVM Med Coll, Kanpur",PAEDIATRICS,AIQ,GEN,"?24,000","?1,10,646",2,"?40,00,000",2083,
1,3475,Punjab,"Capitol Hospital, Jalandhar",DNBRADIO DIAGNOSIS,DNB Post MBBS,GEN,"? 125,000","?67,968",0,? 0,300,
1,3476,Chandigarh,"GMC, Chandigarh",GENERAL SURGERY,AIQ,OBC,"?34,500","?1,09,926",0,? 0,967,
1,3480,Tamil Nadu,"Madras Med Coll, Chennai",DERMATOLOGY,AIQ,EWS,"?50,000","?54,025",2,"?40,00,000",7285,
1,3481,Maharashtra,"Govt Med Coll, Nagpur",GENERAL SURGERY,AIQ,EWS,"?1,57,100","? 93,559",1,"? 5,000,000",1866,
1,3482,Punjab,"Govt Med Coll, Amritsar",GENERAL MEDICINE,AIQ,OBC,"?1,25,000","?76,000",2,"?20,00,000",951,
1,3483,Kerala,"Govt Med Coll, Kottayam",GENERAL SURGERY,AIQ,OBC,"?69,470","? 57,876",1,"?50,00,000",2094,
1,3484,Assam,"Fakhruddin Ali Ahmed, Barpeta",GENERAL MEDICINE,AIQ,GEN,"?27,300","?55,200",2,"?20,00,000",470,
1,3486,Delhi,"Batra Hospital, Delhi",DNBGENERAL MEDICINE,DNB Post MBBS,GEN,"? 125,000","? 61,000",0,? 0,500,
1,3488,West Bengal,"Govt. Med College, Kolkata",GENERAL MEDICINE,AIQ,OBC,"?12,000","? 61,634",3,"?30,00,000",2668,
1,3489,Rajasthan,"SNMC, Jodhpur",PAEDIATRICS,AIQ,GEN,"?14,093","?87,216",2,"? 10,000,000",3101,
1,3490,Jammu and Kashmir,"Govt Med Coll, Srinagar",TBRD,AIQ,GEN,"?32,500","? 63,240",0,?0,3120,
1,3491,Rajasthan,"SP Med Coll, Bikaner",PAEDIATRICS,AIQ,GEN,"?14,093","?87,216",2,"? 10,000,000",1570,
1,3493,Odisha,"VIMSAR, Burla",PAEDIATRICS,AIQ,EWS,"?35,000","? 73,042",2,"?55,09,464",1071,
1,3494,Tamil Nadu,"Madras Med Coll, Chennai",TBRD,AIQ,GEN,"?50,000","?54,025",2,"?40,00,000",7285,
1,3495,Rajasthan,"JLNMC, Ajmer",GENERAL MEDICINE,AIQ,OBC,"?14,093","?87,216",2,"? 15,000,000",1428,
1,3496,Andhra Pradesh,"Rangaraya Med Coll, Kakinada",PAEDIATRICS,AIQ,GEN,"?30,000","? 60,823",0,?0,1450,
1,3497,Telangana,"Osmania Med Coll, Hyderabad",OBG,AIQ,GEN,"?15,000","? 67,032",1,"? 2,000,000",4800,
1,3498,Maharashtra,"Ashoka Medicover Hosp, Nashik",DNBRADIO DIAGNOSIS,DNB Post MBBS,GEN,"? 125,000","?86,000",0,? 0,225,
1,3500,Andhra Pradesh,"Rangaraya Med Coll, Kakinada",GENERAL SURGERY,AIQ,GEN,"?30,000","? 60,823",0,?0,1450,
1,3502,West Bengal,"Apollo Gleneagles, Kolkata",DNBGENERAL MEDICINE,DNB Post MBBS,GEN,"? 125,000","?61,634",0,? 0,750,
1,3503,Bihar,"Patna Med Coll, Patna",OBG,AIQ,GEN,"?9,000","? 82,000",2,"?25,00,000",1748,
1,3506,Tamil Nadu,"Madras Med Coll, Chennai",ANAESTHESIOLOGY,AIQ,GEN,"?50,000","?54,025",2,"?40,00,000",7285,
1,3507,Tamil Nadu,"Madras Med Coll, Chennai",TBRD,AIQ,OBC,"?50,000","?54,025",2,"?40,00,000",7285,
1,3508,Kerala,"Medical College, Trivandrum",OBG,AIQ,GEN,"?69,470","? 57,876",1,"?50,00,000",2126,
1,3509,Tamil Nadu,"Madurai Med Coll, Madurai",ANAESTHESIOLOGY,AIQ,GEN,"?50,000","?54,025",2,"?40,00,000",3518,
1,3510,Delhi,"MAMC, Delhi",ENT,AIQ,OBC,"?16,200","?1,32,336",1,"? 2,000,000",2800,
1,3511,Punjab,"Govt Med Coll, Amritsar",GENERAL MEDICINE,AIQ,OBC,"?1,25,000","?76,000",2,"?20,00,000",951,
1,3514,Kerala,"Medical Trust Hospital, Kochi",DMRD(NBEMS),NBE Diploma,GEN,"? 125,000","? 57,876",0,? 0,575,
1,3516,Andhra Pradesh,"Rangaraya Med Coll, Kakinada",PAEDIATRICS,AIQ,GEN,"?30,000","? 60,823",0,?0,1450,
1,3517,Uttar Pradesh,"Heritage Hospital, Varanasi",DNBRADIO DIAGNOSIS,DNB Post MBBS,GEN,"? 125,000","? 56,100",0,? 0,150,
1,3519,Delhi,"VMMC, Delhi",ANAESTHESIOLOGY,AIQ,GEN,"?15,000","?1,20,965",1,"? 2,000,000",1550,
1,3520,Telangana,"KIMS Hospital, Hyderabad",DNBRADIO DIAGNOSIS,DNB Post MBBS,GEN,"? 125,000","? 67,032",0,? 0,200,
1,3521,West Bengal,"Calcutta Med Res Inst,Kolkata",DNBRADIO DIAGNOSIS,DNB Post MBBS,GEN,"? 125,000","?61,634",0,? 0,440,
1,3522,Tamil Nadu,"Govt Med Coll, Omandurar",PAEDIATRICS,AIQ,OBC,"?50,000","?54,025",2,"?40,00,000",Info Not Available,
1,3523,Delhi,"Sir Ganga Ram Hospital, Delhi",DNBGENERAL SURGERY,DNB Post MBBS,GEN,"? 125,000","? 92,000",0,? 0,737,
1,3524,Telangana,"Yashoda Health Care Serv, Serilingampally",DNBRADIO DIAGNOSIS,DNB Post MBBS,GEN,"? 125,000","? 67,032",0,? 0,600,
1,3525,Tamil Nadu,Chengalpattu Med Coll,PAEDIATRICS,AIQ,OBC,"?50,000","?54,025",2,"?40,00,000",700,
1,3526,Haryana,"Sarvodaya Hospital, Faridabad",DNBNUCLEAR MEDICINE,DNB Post MBBS,GEN,"? 125,000","? 73,000",0,? 0,450,
1,3527,Tamil Nadu,"Meenakshi Mission Hosp,Madurai",DNBGENERAL MEDICINE,DNB Post MBBS,GEN,"? 125,000","? 48,000",0,? 0,800,
1,3528,Uttar Pradesh,"IMS(BHU), Varanasi",PSYCHIATRY,AIQ,GEN,"?48,226","?1,12,054",0,? 0,2424,
1,3529,Haryana,"ESIC Med Coll, Faridabad",PAEDIATRICS,AIQ,GEN,"?2,50,000","?1,15,853",2,"?10,00,000",625,
1,3530,Karnataka,"VIMS, Bellary",PAEDIATRICS,AIQ,GEN,"?1,23,400","? 56,250",1,"?50,00,000",1295,
1,3531,Tamil Nadu,"Madurai Med Coll, Madurai",GENERAL MEDICINE,AIQ,EWS,"?50,000","?54,025",2,"?40,00,000",3518,
1,3532,Kerala,"Lisie Medical Inst, Kochi",DNBGENERAL MEDICINE,DNB Post MBBS,GEN,"? 125,000","? 57,876",0,? 0,750,
1,3534,Karnataka,"KIMS, Hubli",OBG,AIQ,GEN,"?1,23,400","? 56,250",1,"?50,00,000",1200,
1,3536,Maharashtra,"Lokmanya Tilak, Sion, Mumbai",OBG,AIQ,EWS,"?1,57,100","? 93,559",1,"? 5,000,000",1462,
1,3537,Maharashtra,"KEM Hospital, Pune",DNBGENERAL MEDICINE,DNB Post MBBS,GEN,"? 125,000","?90,000",0,? 0,568,
1,3538,West Bengal,"Apollo Gleneagles, Kolkata",DNBGENERAL MEDICINE,DNB Post MBBS,GEN,"? 125,000","?61,634",0,? 0,750,
1,3539,Telangana,"Osmania Med Coll, Hyderabad",GENERAL SURGERY,AIQ,OBC,"?15,000","? 67,032",1,"? 2,000,000",4800,
1,3540,Goa,"Goa Med Coll, Panaji",PAEDIATRICS,AIQ,GEN,"?1,22,522","?80,000",1,"?50,00,000",1160,
1,3541,Delhi,"VMMC, Delhi",ANAESTHESIOLOGY,AIQ,GEN,"?15,000","?1,20,965",1,"? 2,000,000",1550,
1,3542,Telangana,"Yashoda Health Care Serv, Serilingampally",DNBRADIO DIAGNOSIS,DNB Post MBBS,GEN,"? 125,000","? 67,032",0,? 0,600,
1,3543,Telangana,"Gandhi Med Coll, Secunderabad",ORTHOPAEDICS,AIQ,OBC,"?15,000","? 67,032",1,"? 2,000,000",1200,
1,3544,Uttar Pradesh,"GSVM Med Coll, Kanpur",GENERAL SURGERY,AIQ,GEN,"?24,000","?1,10,646",2,"?40,00,000",2083,
1,3546,Madhya Pradesh,"NSC Bose Med Coll, Jabalpur",GENERAL SURGERY,AIQ,GEN,"?1,01,500","? 75,444",1,"?10,00,000",1150,
1,3547,Kerala,"Govt Med Coll, Thrissur",GENERAL SURGERY,AIQ,GEN,"?69,470","? 57,876",1,"?50,00,000",1400,
1,3549,Rajasthan,"Jhalawar Med Coll, Jhalawar",GENERAL MEDICINE,AIQ,OBC,"?89,489","?87,216",2,"? 15,000,000",Info Not Available,
1,3550,Gujarat,"Gujarat MRI Centre, Ahmedabad",DNBRADIO DIAGNOSIS,DNB Post MBBS,GEN,"? 125,000","?25,000",0,? 0,102,
1,3552,Madhya Pradesh,"Vishesh Jupiter Hosp, Indore",DNBRADIO DIAGNOSIS,DNB Post MBBS,GEN,"? 125,000","?75,444",0,? 0,200,
1,3553,Tamil Nadu,"Stanley Med Coll, Chennai",GENERAL SURGERY,AIQ,OBC,"?50,000","?54,025",2,"?40,00,000",1661,
1,3555,Gujarat,"Govt Med Coll, Bhavnagar",GENERAL SURGERY,AIQ,GEN,"?30,000","? 100,800",1,"?40,00,000",720,
1,3556,Tamil Nadu,Tirunelveli Med Coll,GENERAL MEDICINE,AIQ,EWS,"?50,000","?54,025",2,"?40,00,000",1737,
1,3560,Delhi,"Dr B L Kapur Mem Hosp, Delhi",DNBGENERAL MEDICINE,DNB Post MBBS,GEN,"? 125,000","? 60,000",0,? 0,600,
1,3561,Karnataka,"KIMS, Hubli",PAEDIATRICS,AIQ,OBC,"?1,23,400","? 56,250",1,"?50,00,000",1200,
1,3562,West Bengal,"Inst of Child Health, Kolkata",PAEDIATRICS,AIQ,GEN,"?12,000","? 61,634",3,"?30,00,000",Info Not Available,
1,3563,West Bengal,"Govt. Med College, Kolkata",GENERAL MEDICINE,AIQ,OBC,"?12,000","? 61,634",3,"?30,00,000",2668,
1,3564,Maharashtra,"Dr RN Cooper Gen Hosp, Mumbai",DNBDERMATOLOGY,DNB Post MBBS,OBC,"? 125,000","? 80,757",0,?0,940,
1,3565,Himachal Pradesh,"IGMC, Shimla",PAEDIATRICS,AIQ,GEN,"?24,000","?40,000",2,"?40,00,000",1031,
1,3566,Andhra Pradesh,"Andhra Med Coll, Vizag",OBG,AIQ,OBC,"?30,000","? 60,823",0,?0,1030,
1,3567,Uttar Pradesh,"JNMC (AMU), Aligarh",DERMATOLOGY,AMU,GEN,"?54,700","?1,14,975",0,? 0,1269,
1,3568,Madhya Pradesh,"MGM Med Coll, Indore",PAEDIATRICS,AIQ,GEN,"?1,01,500","? 75,444",1,"?10,00,000",1300,
1,3569,Jharkhand,"Rajendra IMS, Ranchi",OBG,AIQ,GEN,"? 1,550","?1,00,770",3,"?30,00,000",1754,
1,3570,Uttar Pradesh,"JNMC (AMU), Aligarh",GENERAL MEDICINE,AMU,GEN,"?54,700","?1,14,975",0,? 0,1269,
1,3571,Maharashtra,"Noble Hospital, Pune",DNBGENERAL MEDICINE,DNB Post MBBS,GEN,"? 125,000","? 89,700",0,? 0,350,
1,3572,Haryana,"Pt BD Sharma, Rohtak",OBG,AIQ,OBC,"?1,25,000","?1,04,346",0,?0,2080,
1,3573,Madhya Pradesh,"Vishesh Jupiter Hosp, Indore",DNBRADIO DIAGNOSIS,DNB Post MBBS,GEN,"? 125,000","?75,444",0,? 0,200,
1,3574,Maharashtra,"Lokmanya Tilak, Sion, Mumbai",OBG,AIQ,OBC,"?1,57,100","? 93,559",1,"? 5,000,000",1462,
1,3575,Karnataka,"Mysore Med Coll, Mysore",GENERAL SURGERY,AIQ,OBC,"?1,23,400","? 56,250",1,"?50,00,000",1050,
1,3576,Rajasthan,"SNMC, Jodhpur",ORTHOPAEDICS,AIQ,GEN,"?14,093","?87,216",2,"? 10,000,000",3101,
1,3577,Uttar Pradesh,"IMS(BHU), Varanasi",RADIO DIAGNOSIS,BHU,OBC,"?48,226","?1,12,054",0,? 0,2424,
1,3578,Punjab,"Capitol Hospital, Jalandhar",DNBRADIO DIAGNOSIS,DNB Post MBBS,GEN,"? 125,000","?67,968",0,? 0,300,
1,3579,Uttar Pradesh,"Vivekananda Polyclinic,Lucknow",DNBRADIO DIAGNOSIS,DNB Post MBBS,GEN,"? 125,000","? 61,100",0,? 0,350,
1,3580,Tamil Nadu,"Madurai Med Coll, Madurai",GENERAL MEDICINE,AIQ,EWS,"?50,000","?54,025",2,"?40,00,000",3518,
1,3581,West Bengal,"Nilratan Sircar, Kolkata",ORTHOPAEDICS,AIQ,GEN,"?12,000","? 61,634",3,"?30,00,000",1920,
1,3582,Kerala,"Govt Med Coll, Kottayam",OBG,AIQ,GEN,"?69,470","? 57,876",1,"?50,00,000",2094,
1,3583,Telangana,"Yashoda Health Care Serv, Serilingampally",DNBRADIO DIAGNOSIS,DNB Post MBBS,GEN,"? 125,000","? 67,032",0,? 0,600,
1,3584,Delhi,"Batra Hospital, Delhi",DNBGENERAL MEDICINE,DNB Post MBBS,GEN,"? 125,000","? 61,000",0,? 0,500,
1,3586,Gujarat,"The Gujarat Res & MI,Ahmedabad",DNBGENERAL MEDICINE,DNB Post MBBS,GEN,"? 125,000","?1,00,800",0,? 0,250,
1,3587,Telangana,"Gandhi Med Coll, Secunderabad",GENERAL SURGERY,AIQ,OBC,"?15,000","? 67,032",1,"? 2,000,000",1200,
1,3588,Tamil Nadu,Coimbatore Med Coll,GENERAL MEDICINE,AIQ,EWS,"?50,000","?54,025",2,"?40,00,000",1182,
1,3589,Jharkhand,"Tata Main Hospital, Jamshedpur",DNBGENERAL MEDICINE,DNB Post MBBS,GEN,"? 125,000","? 52,000",0,? 0,983,
1,3590,Kerala,"Lourdes Hospital, Kochi",DNBGENERAL MEDICINE,DNB Post MBBS,GEN,"? 125,000","? 57,876",0,? 0,600,
1,3591,Tamil Nadu,"Stanley Med Coll, Chennai",GENERAL SURGERY,AIQ,OBC,"?50,000","?54,025",2,"?40,00,000",1661,
1,3593,Tamil Nadu,"Apollo Hosp, Greams Rd,Chennai",DNBGENERAL MEDICINE,DNB Post MBBS,GEN,"? 125,000","? 48,000",0,? 0,745,
1,3594,Maharashtra,"Dr B Nanavati Hosp, Mumbai",DNBGENERAL MEDICINE,DNB Post MBBS,GEN,"? 125,000","? 86,630",0,? 0,348,
1,3595,Jammu and Kashmir,"Govt Med Coll, Jammu",GENERAL MEDICINE,AIQ,OBC,"?25,000","? 63,240",0,?0,2663,
1,3596,Tamil Nadu,Thanjavur Med Coll,GENERAL MEDICINE,AIQ,EWS,"?50,000","?54,025",2,"?40,00,000",1466,
1,3597,Telangana,"Care Hospital, Hyderabad",DNBRADIO DIAGNOSIS,DNB Post MBBS,GEN,"? 125,000","?58,289",0,? 0,305,
1,3598,Maharashtra,"Seth GS, Mumbai",OBG,AIQ,OBC,"?1,57,100","? 93,559",1,"? 5,000,000",2250,
1,3601,Punjab,"Govt Med Coll, Patiala",ORTHOPAEDICS,AIQ,GEN,"?1,25,000","?76,000",2,"?20,00,000",1130,
1,3602,Gujarat,"Medical College, Baroda",GENERAL SURGERY,AIQ,GEN,"?30,000","? 100,800",1,"?40,00,000",1250,
1,3603,Rajasthan,"SMS, Jaipur",PAEDIATRICS,AIQ,OBC,"?14,093","?87,216",2,"? 10,000,000",5702,
1,3605,Uttar Pradesh,"Neo Hospital, Sec 50, Noida, UP",DNBRADIO DIAGNOSIS,DNB Post MBBS,GEN,"? 125,000","? 70,000",0,? 0,220,
1,3606,Maharashtra,"Seth GS, Mumbai",ANAESTHESIOLOGY,AIQ,GEN,"?1,57,100","? 93,559",1,"? 5,000,000",2250,
1,3607,Bihar,"Patna Med Coll, Patna",OBG,AIQ,GEN,"?9,000","? 82,000",2,"?25,00,000",1748,
1,3608,Tamil Nadu,"Apollo Spec Hosp, MountRd,CHN",DNBRADIO DIAGNOSIS,DNB Post MBBS,GEN,"? 125,000","?48,000",0,? 0,290,
1,3609,Kerala,"Medical College, Trivandrum",OBG,AIQ,GEN,"?69,470","? 57,876",1,"?50,00,000",2126,
1,3610,Gujarat,"Govt Med Coll, Bhavnagar",GENERAL MEDICINE,AIQ,OBC,"?30,000","? 100,800",1,"?40,00,000",720,
1,3611,Maharashtra,"Pimpri Chinchwad, Pimpri",PAEDIATRICS,AIQ,GEN,"?1,57,100","? 93,559",1,"? 5,000,000",750,
1,3612,West Bengal,"Govt. Med College, Kolkata",GENERAL MEDICINE,AIQ,EWS,"?12,000","? 61,634",3,"?30,00,000",2668,
1,3613,Karnataka,"Kasturba Med Coll, Manipal",RADIO DIAGNOSIS,MNG,GEN,"?33,98,000","? 56,250",0,? 0,2032,
1,3614,Odisha,"VIMSAR, Burla",GENERAL MEDICINE,AIQ,OBC,"?35,000","? 73,042",2,"?55,09,464",1071,
1,3615,Kerala,"Mar Sleeva Medicity, Kottayam",DNBRADIO DIAGNOSIS,DNB Post MBBS,GEN,"? 125,000","? 60,000",0,? 0,648,
1,3616,West Bengal,Calcutta National Med Coll,ORTHOPAEDICS,AIQ,GEN,"?12,000","? 61,634",3,"?30,00,000",1470,
1,3617,Uttar Pradesh,"BRD Med Coll, Gorakhpur",GENERAL MEDICINE,AIQ,OBC,"?24,000","?1,10,646",2,"?40,00,000",1050,
1,3618,Bihar,"Jawaharlal Nehru, Bhagalpur",GENERAL MEDICINE,AIQ,GEN,"?9,000","? 82,000",2,"?25,00,000",800,
1,3619,Madhya Pradesh,"MGM Med Coll, Indore",OBG,AIQ,GEN,"?1,01,500","? 75,444",1,"?10,00,000",1300,
1,3620,Delhi,"MAMC, Delhi",RADIO DIAGNOSIS,DU,SC,"?16,200","?1,32,336",1,"? 2,000,000",2800,
1,3621,Gujarat,"BAPS PramukhSwami Hosp, Surat",DNBGENERAL MEDICINE,DNB Post MBBS,GEN,"? 125,000","? 84,000",0,? 0,200,
1,3622,Bihar,"Paras HMRI Hospital, Patna",DNBRADIO DIAGNOSIS,DNB Post MBBS,GEN,"? 125,000","? 82,000",0,? 0,350,
1,3623,Assam,"Gauhati Med Coll, Guwahati",GENERAL MEDICINE,AIQ,OBC,"?27,300","?55,200",2,"?20,00,000",2185,
1,3624,Maharashtra,"KEM Hospital, Pune",DNBGENERAL MEDICINE,DNB Post MBBS,GEN,"? 125,000","?90,000",0,? 0,568,
1,3625,Gujarat,"MP Shah, Jamnagar",DERMATOLOGY,AIQ,OBC,"?30,000","? 100,800",1,"?40,00,000",1250,
1,3628,Goa,"Goa Med Coll, Panaji",GENERAL SURGERY,AIQ,GEN,"?1,22,522","?80,000",1,"?50,00,000",1160,
1,3629,Assam,"Gauhati Med Coll, Guwahati",GENERAL MEDICINE,AIQ,OBC,"?27,300","?55,200",2,"?20,00,000",2185,
1,3630,Delhi,"VMMC, Delhi",GENERAL SURGERY,IP,EWS,"?15,000","?1,20,965",1,"? 2,000,000",1550,
1,3631,Gujarat,"The Gujarat Res & MI,Ahmedabad",DNBGENERAL MEDICINE,DNB Post MBBS,GEN,"? 125,000","?1,00,800",0,? 0,250,
1,3632,West Bengal,"Nilratan Sircar, Kolkata",GENERAL MEDICINE,AIQ,OBC,"?12,000","? 61,634",3,"?30,00,000",1920,
1,3634,Telangana,"Osmania Med Coll, Hyderabad",OBG,AIQ,GEN,"?15,000","? 67,032",1,"? 2,000,000",4800,
1,3635,Uttar Pradesh,"Chandan Hospital, Lucknow",DNBRADIO DIAGNOSIS,DNB Post MBBS,GEN,"? 125,000","?85,000",0,? 0,203,
1,3636,Karnataka,"Kasturba Med Coll, Manipal",GENERAL MEDICINE,MNG,GEN,"?27,92,000","? 56,250",0,? 0,2032,
1,3639,Kerala,"IQRAA, Kozhikode",DNBGENERAL MEDICINE,DNB Post MBBS,GEN,"? 125,000","? 57,876",0,? 0,510,
1,3640,Bihar,"Sri Krishna, Muzzafarpur",GENERAL MEDICINE,AIQ,GEN,"?9,000","? 82,000",2,"?25,00,000",610,
1,3643,Punjab,"Guru Govind Singh, Faridkot",GENERAL MEDICINE,AIQ,OBC,"?1,25,000","?76,000",2,"?20,00,000",1025,
1,3646,Tamil Nadu,"Arvind Eye Hosp, Coimbatore",DNBOPHTHALMOLOGY,DNB Post MBBS,GEN,"? 125,000","? 48,000",0,? 0,450,
1,3647,Goa,"Goa Med Coll, Panaji",GENERAL SURGERY,AIQ,OBC,"?1,22,522","?80,000",1,"?50,00,000",1160,
1,3648,Kerala,"Lourdes Hospital, Kochi",DNBGENERAL MEDICINE,DNB Post MBBS,GEN,"? 125,000","? 57,876",0,? 0,600,
1,3649,Manipur,"RIMS, Imphal",PAEDIATRICS,AIQ,GEN,"?5,000","? 109,926",1,"?20,00,000",1074,
1,3651,Rajasthan,"SMS, Jaipur",PSYCHIATRY,AIQ,GEN,"?14,093","?87,216",2,"? 10,000,000",5702,
1,3652,Tamil Nadu,"SKS Hospital, Salem",DNBRADIO DIAGNOSIS,DNB Post MBBS,GEN,"? 125,000","? 52,453",0,? 0,225,
1,3653,Haryana,"Pt BD Sharma, Rohtak",ORTHOPAEDICS,AIQ,OBC,"?1,25,000","?1,04,346",0,?0,2080,
1,3654,Odisha,"VIMSAR, Burla",GENERAL MEDICINE,AIQ,OBC,"?35,000","? 73,042",2,"?55,09,464",1071,
1,3655,Karnataka,"Kasturba Med Coll, Manipal",GENERAL MEDICINE,MNG,GEN,"?27,92,000","? 56,250",0,? 0,2032,
1,3656,Karnataka,"Kasturba Med Coll, Manipal",RADIO DIAGNOSIS,MNG,GEN,"?33,98,000","? 56,250",0,? 0,2032,
1,3657,Rajasthan,"SMS, Jaipur",ORTHOPAEDICS,AIQ,GEN,"?14,093","?87,216",2,"? 10,000,000",5702,
1,3658,Tamil Nadu,"KG Hospital, Coimbatore",DNBRADIO DIAGNOSIS,DNB Post MBBS,GEN,"? 125,000","? 48,000",0,? 0,350,
1,3659,Haryana,"Kalpana Chawala Govt MC,Karnal",PAEDIATRICS,AIQ,GEN,"?1,25,000","?1,04,346",0,?0,556,
1,3661,Maharashtra,"Rajiv Gandhi MedColl,Thane,MUM",DNBRADIO DIAGNOSIS,DNB Post MBBS,EWS,"? 125,000","?93,359",1,"? 5,000,000",500,
1,3663,Maharashtra,"GovtMedColl,ChhatrapatiSambhajiNgr",OBG,AIQ,GEN,"?1,57,100","? 93,559",1,"? 5,000,000",1177,
1,3664,Tamil Nadu,"Apollo Hosp, Greams Rd,Chennai",DNBGENERAL MEDICINE,DNB Post MBBS,GEN,"? 125,000","? 48,000",0,? 0,745,
1,3666,Uttar Pradesh,"Chandan Hospital, Lucknow",DNBRADIO DIAGNOSIS,DNB Post MBBS,GEN,"? 125,000","?85,000",0,? 0,203,
1,3670,Maharashtra,"PGIMS, Navi Mumbai",GENERAL SURGERY,AIQ,GEN,"?1,57,100","? 93,559",1,"? 5,000,000",580,
1,3673,Maharashtra,"Govt Med Coll, Nagpur",OBG,AIQ,GEN,"?1,57,100","? 93,559",1,"? 5,000,000",1866,
1,3674,Rajasthan,"SP Med Coll, Bikaner",PAEDIATRICS,AIQ,GEN,"?14,093","?87,216",2,"? 10,000,000",1570,
1,3677,Karnataka,"ColumbiaAsia Hosp,Malleshwaram",DNBRADIO DIAGNOSIS,DNB Post MBBS,GEN,"? 125,000","?45,000",0,? 0,160,
1,3678,Tamil Nadu,Govt Theni Med Coll,PAEDIATRICS,AIQ,OBC,"?50,000","?54,025",2,"?40,00,000",940,
1,3679,Haryana,"Narula Diagnostic Centre,Rohtak",DNBRADIO DIAGNOSIS,DNB Post MBBS,GEN,"? 125,000","? 60,000",0,? 0,0,
1,3680,Rajasthan,"SMS, Jaipur",OBG,AIQ,EWS,"?14,093","?87,216",2,"? 15,000,000",5702,
1,3681,Uttar Pradesh,"Chandan Hospital, Lucknow",DNBRADIO DIAGNOSIS,DNB Post MBBS,GEN,"? 125,000","?85,000",0,? 0,203,
1,3682,Madhya Pradesh,"MGM Med Coll, Indore",GENERAL SURGERY,AIQ,GEN,"?1,01,500","? 75,444",1,"?10,00,000",1300,
1,3683,Tamil Nadu,"Sri RamakrishnaHosp,Coimbatore",DNBGENERAL MEDICINE,DNB Post MBBS,GEN,"? 125,000","? 48,000",0,? 0,1009,
1,3685,Delhi,"MAMC, Delhi",DERMATOLOGY,DU,OBC,"?16,200","?1,32,336",1,"? 2,000,000",2800,
1,3686,Odisha,"SCB, Cuttack",TBRD,AIQ,GEN,"?35,000","? 73,042",2,"?55,09,464",2106,
1,3687,Tamil Nadu,"GKNM Hospital, Coimbatore",DNBGENERAL MEDICINE,DNB Post MBBS,GEN,"? 125,000","? 49,440",0,? 0,750,
1,3688,Maharashtra,"Dr B Nanavati Hosp, Mumbai",DNBGENERAL MEDICINE,DNB Post MBBS,GEN,"? 125,000","? 86,630",0,? 0,348,
1,3689,Uttar Pradesh,"UP Rural Inst of Med Sci,Etawah",DNBGENERAL MEDICINE,DNB Post MBBS,GEN,"? 125,000","? 110,646",0,?0,1078,
1,3690,Karnataka,"Bangalore Med Coll, Bangalore",OBG,AIQ,OBC,"?1,23,400","? 56,250",1,"?50,00,000",1993,
1,3691,Karnataka,"Apollo BGS Hospital, Mysore",DNBRADIO DIAGNOSIS,DNB Post MBBS,GEN,"? 125,000","?56,250",0,? 0,215,
1,3692,Odisha,"PGIMER&CapitalHosp,Bhubaneswar",GENERAL MEDICINE,AIQ,OBC,"?35,000","? 73,042",2,"?55,09,464",760,
1,3693,Kerala,"Govt Med Coll, Kozhikode",ORTHOPAEDICS,AIQ,OBC,"?69,470","? 57,876",1,"?50,00,000",3025,
1,3694,Rajasthan,"SP Med Coll, Bikaner",PAEDIATRICS,AIQ,GEN,"?14,093","?87,216",2,"? 10,000,000",1570,
1,3696,Maharashtra,"Topiwala, Mumbai",GENERAL SURGERY,AIQ,OBC,"?1,57,100","? 93,559",1,"? 5,000,000",1300,
1,3697,Karnataka,"KIMS, Hubli",PAEDIATRICS,AIQ,OBC,"?1,23,400","? 56,250",1,"?50,00,000",1200,
1,3698,Gujarat,"BJMC, Ahmedabad",OBG,AIQ,OBC,"?30,000","? 100,800",1,"?40,00,000",1557,
1,3700,Delhi,"Sir Ganga Ram Hospital, Delhi",DNBPAEDIATRICS,DNB Post MBBS,GEN,"? 125,000","? 92,000",0,? 0,737,
1,3701,Uttar Pradesh,"KGMU, Lucknow",OBG,AIQ,OBC,"?54,700","? 126,725",2,"?40,00,000",4500,
1,3702,Jammu and Kashmir,"Govt Med Coll Hosp, Anantnag",DNBDERMATOLOGY,DNB Post MBBS,GEN,"? 125,000","? 59,500",0,? 0,363,
1,3703,West Bengal,Burdwan Medical College,ORTHOPAEDICS,AIQ,GEN,"?12,000","? 61,634",3,"?30,00,000",1099,
1,3704,Tamil Nadu,Govt Vellore Med Coll,PAEDIATRICS,AIQ,GEN,"?50,000","?54,025",2,"?40,00,000",2858,
1,3705,Andhra Pradesh,"Guntur Med Coll, Guntur",OBG,AIQ,GEN,"?30,000","? 60,823",0,?0,1170,
1,3706,Maharashtra,"Govt Med Coll, Nagpur",OBG,AIQ,GEN,"?1,57,100","? 93,559",1,"? 5,000,000",1866,
1,3709,Gujarat,"MP Shah, Jamnagar",PAEDIATRICS,AIQ,GEN,"?30,000","? 100,800",1,"?40,00,000",1250,
1,3710,Karnataka,"Bhagwan MahaveerJain,Bangalore",DNBRADIO DIAGNOSIS,DNB Post MBBS,GEN,"? 125,000","? 56,250",0,? 0,470,
1,3711,Andhra Pradesh,"Kurnool Med Coll, Kurnool",OBG,AIQ,GEN,"?30,000","? 60,823",0,?0,1150,
1,3714,Karnataka,"Bangalore Med Coll, Bangalore",ORTHOPAEDICS,AIQ,GEN,"?1,23,400","? 56,250",1,"?50,00,000",1993,
1,3715,Delhi,"Sir Ganga Ram Hospital, Delhi",DNBGENERAL SURGERY,DNB Post MBBS,GEN,"? 125,000","? 92,000",0,? 0,737,
1,3716,Telangana,"Osmania Med Coll, Hyderabad",OBG,AIQ,OBC,"?15,000","? 67,032",1,"? 2,000,000",4800,
1,3717,Karnataka,"Hassan IMS, Hassan",PAEDIATRICS,AIQ,GEN,"?1,23,400","? 56,250",1,"?50,00,000",Info Not Available,
1,3718,Maharashtra,"BJMC, Pune",DERMATOLOGY,AIQ,SC,"?1,57,100","? 93,559",1,"? 5,000,000",1296,
1,3719,Maharashtra,"Indira Gandhi MedColl, Nagpur",PAEDIATRICS,AIQ,GEN,"?1,57,100","? 93,559",1,"? 5,000,000",822,
1,3720,Jammu and Kashmir,"Govt Med Coll, Jammu",DERMATOLOGY,AIQ,OBC,"?25,000","? 63,240",0,?0,2663,
1,3722,Haryana,"Pt BD Sharma, Rohtak",PAEDIATRICS,AIQ,OBC,"?1,25,000","?1,04,346",0,?0,2080,
1,3723,Uttar Pradesh,"LLRM Med Coll, Meerut",DDVL,AIQ,GEN,"?24,000","?1,10,646",2,"?20,00,000",1090,
1,3724,Telangana,"Gandhi Med Coll, Secunderabad",PAEDIATRICS,AIQ,EWS,"?15,000","? 67,032",1,"? 2,000,000",1200,
1,3725,Karnataka,"Manipal Hosp, Rustum Bagh, BLR",DNBNUCLEAR MEDICINE,DNB Post MBBS,GEN,"? 125,000","? 56,250",0,? 0,600,
1,3726,Telangana,"Care Hospital, Gachibowli",DNBRADIO DIAGNOSIS,DNB Post MBBS,GEN,"? 125,000","?67,032",0,? 0,220,
1,3729,Odisha,"VIMSAR, Burla",GENERAL SURGERY,AIQ,GEN,"?35,000","? 73,042",2,"?55,09,464",1071,
1,3731,Madhya Pradesh,"Vishesh Jupiter Hosp, Indore",DNBRADIO DIAGNOSIS,DNB Post MBBS,GEN,"? 125,000","?75,444",0,? 0,200,
1,3732,Maharashtra,"Dr B Nanavati Hosp, Mumbai",DNBGENERAL MEDICINE,DNB Post MBBS,GEN,"? 125,000","? 86,630",0,? 0,348,
1,3733,Delhi,"VMMC, Delhi",ANAESTHESIOLOGY,AIQ,GEN,"?15,000","?1,20,965",1,"? 2,000,000",1550,
1,3734,Kerala,"Medical College, Trivandrum",OBG,AIQ,GEN,"?69,470","? 57,876",1,"?50,00,000",2126,
1,3736,Telangana,"Gandhi Med Coll, Secunderabad",PAEDIATRICS,AIQ,OBC,"?15,000","? 67,032",1,"? 2,000,000",1200,
1,3737,Tamil Nadu,"Madurai Med Coll, Madurai",OBG,AIQ,GEN,"?50,000","?54,025",2,"?40,00,000",3518,
1,3738,Uttar Pradesh,"KGMU, Lucknow",ORTHOPAEDICS,AIQ,GEN,"?54,700","? 126,725",2,"?40,00,000",4500,
1,3740,Assam,"Jorhat Med Coll, Jorhat",RADIO DIAGNOSIS,AIQ,OBC,"?27,300","?55,200",2,"?20,00,000",814,
1,3742,Tamil Nadu,"Kanchi Kamakoti, Chennai",DNBPAEDIATRICS,DNB Post MBBS,GEN,"? 125,000","? 48,000",0,? 0,200,
1,3743,Kerala,"Medical College, Trivandrum",PAEDIATRICS,AIQ,SC,"?69,470","? 57,876",1,"?50,00,000",2126,
1,3744,Manipur,"RIMS, Imphal",DERMATOLOGY,AIQ,OBC,"?5,000","? 109,926",1,"?20,00,000",1074,
1,3745,Jammu and Kashmir,"Govt Med Coll, Jammu",OBG,AIQ,GEN,"?25,000","? 63,240",0,?0,2663,
1,3746,Tamil Nadu,"Stanley Med Coll, Chennai",EMERGENCY MEDICINE,AIQ,GEN,"?50,000","?54,025",2,"?40,00,000",1661,
1,3747,West Bengal,"Nilratan Sircar, Kolkata",PAEDIATRICS,AIQ,GEN,"?12,000","? 61,634",3,"?30,00,000",1920,
1,3748,Tamil Nadu,Chengalpattu Med Coll,GENERAL SURGERY,AIQ,GEN,"?50,000","?54,025",2,"?40,00,000",700,
1,3749,Jharkhand,"Rajendra IMS, Ranchi",DERMATOLOGY,AIQ,OBC,"? 1,550","?1,00,770",3,"?30,00,000",1754,
1,3750,West Bengal,"IPGMER, Kolkata",OBG,AIQ,GEN,"?12,000","? 61,634",3,"?30,00,000",2300,
1,3751,Delhi,"Dr B L Kapur Mem Hosp, Delhi",DNBGENERAL MEDICINE,DNB Post MBBS,GEN,"? 125,000","? 60,000",0,? 0,600,
1,3752,Maharashtra,"GovtMedColl,ChhatrapatiSambhajiNgr",GENERAL SURGERY,AIQ,GEN,"?1,57,100","? 93,559",1,"? 5,000,000",1177,
1,3753,Karnataka,"ColumbiaAsia Hosp,Malleshwaram",DNBRADIO DIAGNOSIS,DNB Post MBBS,GEN,"? 125,000","?45,000",0,? 0,160,
1,3754,Kerala,"PRS Hospital, Trivandrum",DNBRADIO DIAGNOSIS,DNB Post MBBS,GEN,"? 125,000","? 57,876",0,? 0,300,
1,3755,Uttar Pradesh,"Neo Hospital, Sec 50, Noida, UP",DNBRADIO DIAGNOSIS,DNB Post MBBS,GEN,"? 125,000","? 70,000",0,? 0,220,
1,3757,Uttar Pradesh,"JNMC (AMU), Aligarh",OBG,AIQ,GEN,"?54,700","?1,14,975",0,? 0,1269,
1,3758,Karnataka,"Manipal Hosp, Whitefield",DNBRADIO DIAGNOSIS,DNB Post MBBS,GEN,"? 125,000","?56,250",0,? 0,162,
1,3759,Kerala,"Govt Med Coll, Kottayam",OBG,AIQ,GEN,"?69,470","? 57,876",1,"?50,00,000",2094,
1,3761,Tamil Nadu,"ESI PGIMSR, KK Nagar, Chennai",PAEDIATRICS,AIQ,OBC,"?2,50,000","?1,15,506",2,"?10,00,000",470,
1,3762,West Bengal,"Calcutta Med Res Inst,Kolkata",DNBRADIO DIAGNOSIS,DNB Post MBBS,GEN,"? 125,000","?61,634",0,? 0,440,
1,3763,Rajasthan,"RNT, Udaipur",OBG,AIQ,GEN,"?14,093","?87,216",2,"? 15,000,000",2206,
1,3765,Tamil Nadu,"GKNM Hospital, Coimbatore",DNBGENERAL MEDICINE,DNB Post MBBS,GEN,"? 125,000","? 49,440",0,? 0,750,
1,3767,Maharashtra,"Seth GS, Mumbai",PAEDIATRICS,AIQ,OBC,"?1,57,100","? 93,559",1,"? 5,000,000",2250,
1,3768,Madhya Pradesh,"Vishesh Jupiter Hosp, Indore",DNBRADIO DIAGNOSIS,DNB Post MBBS,GEN,"? 125,000","?75,444",0,? 0,200,
1,3769,Uttar Pradesh,"JNMC (AMU), Aligarh",GENERAL MEDICINE,AMU,GEN,"?54,700","?1,14,975",0,? 0,1269,
1,3770,Haryana,"Medanta The Medicity, Gurgaon",DNBGENERAL MEDICINE,DNB Post MBBS,GEN,"? 125,000","? 65,000",0,? 0,1391,
1,3771,Delhi,"National Inst of TBRD,Delhi",DNBTBRD,DNB Post MBBS,GEN,"? 125,000","? 126,927",0,?0,470,
1,3772,Maharashtra,"DrBSAmbedkar MunGenHosp, Mumbai",DNBDERMATOLOGY,DNB Post MBBS,OBC,"? 125,000","? 80,757",0,?0,444,
1,3773,Madhya Pradesh,"Bundelkhand Med Coll, Sagar",GENERAL MEDICINE,AIQ,OBC,"?1,01,500","? 75,444",1,"?10,00,000",750,
1,3774,Maharashtra,"BARC Hosp, Mumbai",DNBGENERAL MEDICINE,DNB Post MBBS,OBC,"? 125,000","? 96,000",0,? 0,390,
1,3775,Assam,"Fakhruddin Ali Ahmed, Barpeta",RADIO DIAGNOSIS,AIQ,OBC,"?27,300","?55,200",2,"?20,00,000",470,
1,3777,Andhra Pradesh,"Guntur Med Coll, Guntur",OBG,AIQ,GEN,"?30,000","? 60,823",0,?0,1170,
1,3778,Karnataka,"Manipal Hospital,Ambalipura,BLR",DNBRADIO DIAGNOSIS,DNB Post MBBS,GEN,"? 125,000","?56,250",0,? 0,214,
1,3780,Karnataka,"VIMS, Bellary",OBG,AIQ,GEN,"?1,23,400","? 56,250",1,"?50,00,000",1295,
1,3781,Uttar Pradesh,"IMS(BHU), Varanasi",RADIO DIAGNOSIS,AIQ,SC,"?48,226","?1,12,054",0,? 0,2424,
1,3782,Maharashtra,"BARC Hosp, Mumbai",DNBGENERAL MEDICINE,DNB Post MBBS,OBC,"? 125,000","? 96,000",0,? 0,390,
1,3783,Maharashtra,"HBT & RN Cooper, Mumbai",GENERAL SURGERY,AIQ,EWS,"?1,57,100","? 93,559",1,"? 5,000,000",940,
1,3784,Rajasthan,"RNT, Udaipur",OBG,AIQ,GEN,"?14,093","?87,216",2,"? 15,000,000",2206,
1,3786,Kerala,"KIMS, Trivandrum",DNBGENERAL MEDICINE,DNB Post MBBS,GEN,"? 125,000","? 57,876",0,? 0,650,
1,3787,Karnataka,"ESI, Bangalore",PAEDIATRICS,AIQ,OBC,"?2,50,000","?1,14,016",2,"?10,00,000",530,
1,3788,Telangana,"Osmania Med Coll, Hyderabad",GENERAL SURGERY,AIQ,EWS,"?15,000","? 67,032",1,"? 2,000,000",4800,
1,3790,Tamil Nadu,"Stanley Med Coll, Chennai",OBG,AIQ,GEN,"?50,000","?54,025",2,"?40,00,000",1661,
1,3791,Gujarat,"Govt Med Coll, Surat",PAEDIATRICS,AIQ,GEN,"?30,000","? 100,800",1,"?40,00,000",1150,
1,3792,Odisha,"SCB, Cuttack",GENERAL SURGERY,AIQ,GEN,"?35,000","? 73,042",2,"?55,09,464",2106,
1,3793,Odisha,"Kalinga Hospital, Bhubaneswar",DNBRADIO DIAGNOSIS,DNB Post MBBS,GEN,"? 125,000","? 71,000",0,? 0,250,
1,3795,West Bengal,Murshidabad Med Coll,RADIO DIAGNOSIS,AIQ,OBC,"?12,000","? 61,634",3,"?30,00,000",1208,
1,3796,Haryana,"Medanta The Medicity, Gurgaon",DNBGENERAL MEDICINE,DNB Post MBBS,GEN,"? 125,000","? 65,000",0,? 0,1391,
1,3797,Delhi,"St Stephen's Hospital, Delhi",DMRD(NBEMS),NBE Diploma,GEN,"? 125,000","? 58,000",0,? 0,595,
1,3798,Tamil Nadu,"Apollo Spec Hosp, MountRd,CHN",DNBRADIO DIAGNOSIS,DNB Post MBBS,GEN,"? 125,000","?48,000",0,? 0,290,
1,3801,Delhi,"VMMC, Delhi",PAEDIATRICS,IP,GEN,"?15,000","?1,20,965",1,"? 2,000,000",1550,
1,3802,Kerala,"St GregoriosHosp,Pathanamthitta",DNBRADIO DIAGNOSIS,DNB Post MBBS,GEN,"? 125,000","? 57,876",0,? 0,300,
1,3803,Telangana,"Care Hospital, Hyderabad",DNBRADIO DIAGNOSIS,DNB Post MBBS,GEN,"? 125,000","?58,289",0,? 0,305,
1,3805,Rajasthan,"SMS, Jaipur",OPHTHALMOLOGY,AIQ,GEN,"?14,093","?87,216",2,"? 10,000,000",5702,
1,3806,Jharkhand,"Shaheed Nirmal Mahto, Dhanbad",GENERAL MEDICINE,AIQ,GEN,"? 1,550","? 54,500",3,"?30,00,000",560,
1,3808,Karnataka,"Kasturba Med Coll, Mangalore",GENERAL MEDICINE,MNG,GEN,"?27,92,000","? 56,250",0,? 0,1290,
1,3809,Delhi,"Aakash HC SS Hospital, Dwarka",DNBGENERAL MEDICINE,DNB Post MBBS,GEN,"? 125,000","? 80,000",0,? 0,200,
1,3810,Kerala,"Baby Memorial, Kozhikode",DNBEMERGENCY MEDICINE,DNB Post MBBS,GEN,"? 125,000","? 57,876",0,? 0,600,
1,3811,Bihar,"Jawaharlal Nehru, Bhagalpur",GENERAL MEDICINE,AIQ,EWS,"?9,000","? 82,000",2,"?25,00,000",800,
1,3812,Delhi,"Lady Hardinge, Delhi",ENT,AIQ,GEN,"?16,200","?1,26,927",1,"? 2,000,000",877,
1,3815,Uttar Pradesh,"MLN Med Coll, Allahabad",PAEDIATRICS,AIQ,GEN,"?24,000","?1,10,646",2,"?40,00,000",Info Not Available,
1,3816,Telangana,"Care Hospital, Hyderabad",DNBRADIO DIAGNOSIS,DNB Post MBBS,GEN,"? 125,000","?58,289",0,? 0,305,
1,3818,Uttar Pradesh,"IMS(BHU), Varanasi",OPHTHALMOLOGY,AIQ,GEN,"?48,226","?1,12,054",0,? 0,2424,
1,3819,Tamil Nadu,"Southern Railway Hosp, Chennai",DNBGENERAL MEDICINE,DNB Post MBBS,OBC,"? 125,000","?48,000",0,? 0,505,
1,3821,Jammu and Kashmir,"Govt Med Coll, Srinagar",DERMATOLOGY,AIQ,EWS,"?32,500","? 63,240",0,?0,3120,
1,3822,Jharkhand,"Shaheed Nirmal Mahto, Dhanbad",GENERAL MEDICINE,AIQ,GEN,"? 1,550","? 54,500",3,"?30,00,000",560,
1,3823,Telangana,"Care Hospital, Gachibowli",DNBRADIO DIAGNOSIS,DNB Post MBBS,GEN,"? 125,000","?67,032",0,? 0,220,
1,3824,Himachal Pradesh,"IGMC, Shimla",GENERAL MEDICINE,AIQ,EWS,"?24,000","?40,000",2,"?40,00,000",1031,
1,3825,West Bengal,"Apollo Gleneagles, Kolkata",DNBGENERAL MEDICINE,DNB Post MBBS,GEN,"? 125,000","?61,634",0,? 0,750,
1,3826,Delhi,"Lady Hardinge, Delhi",GENERAL SURGERY,DU,EWS,"?16,200","?1,26,927",1,"? 2,000,000",877,
1,3827,Gujarat,"Medical College, Baroda",GENERAL MEDICINE,AIQ,SC,"?30,000","? 100,800",1,"?40,00,000",1250,
1,3828,Assam,"Assam Med Coll, Dibrugarh",GENERAL MEDICINE,AIQ,OBC,"?27,300","?55,200",2,"?20,00,000",1365,
1,3829,Karnataka,"Kasturba Med Coll, Manipal",RADIO DIAGNOSIS,MNG,GEN,"?33,98,000","? 56,250",0,? 0,2032,
1,3830,Karnataka,"Bangalore Med Coll, Bangalore",OBG,AIQ,EWS,"?1,23,400","? 56,250",1,"?50,00,000",1993,
1,3832,Tamil Nadu,"Stanley Med Coll, Chennai",OBG,AIQ,GEN,"?50,000","?54,025",2,"?40,00,000",1661,
1,3833,Delhi,"MAMC, Delhi",OBG,DU,GEN,"?16,200","?1,32,336",1,"? 2,000,000",2800,
1,3834,Kerala,"Medical College, Trivandrum",EMERGENCY MEDICINE,AIQ,OBC,"?69,470","? 57,876",1,"?50,00,000",2126,
1,3836,Andhra Pradesh,"Andhra Med Coll, Vizag",DERMATOLOGY,AIQ,SC,"?30,000","? 60,823",0,?0,1030,
1,3837,Odisha,"UtkalInstofMedSci, Bhubaneswar",DNBRADIO DIAGNOSIS,DNB Post MBBS,GEN,"? 125,000","? 72,100",0,? 0,200,
1,3838,Kerala,"KozhikodeDistCo-op,Eranhipalam",DNBGENERAL MEDICINE,DNB Post MBBS,GEN,"? 125,000","? 53,000",0,? 0,175,
1,3839,Kerala,"TD Med Coll, Allepey",TBRD,AIQ,GEN,"?69,470","? 57,876",1,"?50,00,000",1050,
1,3841,Karnataka,"ESI, Bangalore",GENERAL SURGERY,AIQ,GEN,"?2,50,000","?1,14,016",2,"?10,00,000",530,
1,3842,Gujarat,"BJMC, Ahmedabad",OPHTHALMOLOGY,AIQ,GEN,"?30,000","? 100,800",1,"?40,00,000",1557,
1,3843,Tamil Nadu,Govt Villupuram Med Coll,PAEDIATRICS,AIQ,OBC,"?50,000","?54,025",2,"?40,00,000",670,
1,3844,Kerala,"Govt Med Coll, Thrissur",GENERAL SURGERY,AIQ,GEN,"?69,470","? 57,876",1,"?50,00,000",1400,
1,3845,Maharashtra,"ShriVasantRaoGovtMedCol,Yavtmal",DNBDERMATOLOGY,DNB Post MBBS,OBC,"? 125,000","?93,559",1,"? 5,000,000",794,
1,3846,Uttar Pradesh,"JNMC (AMU), Aligarh",GENERAL MEDICINE,AMU,GEN,"?54,700","?1,14,975",0,? 0,1269,
1,3848,Bihar,"Ruban Memorial Hosp, Patna",DNBRADIO DIAGNOSIS,DNB Post MBBS,GEN,"? 125,000","? 82,000",0,? 0,450,
1,3849,Karnataka,"Bangalore Med Coll, Bangalore",OBG,AIQ,OBC,"?1,23,400","? 56,250",1,"?50,00,000",1993,
1,3851,Uttar Pradesh,"Regency Hospital, Kanpur",DNBRADIO DIAGNOSIS,DNB Post MBBS,GEN,"? 125,000","? 70,000",0,? 0,215,
1,3852,Uttar Pradesh,"JNMC (AMU), Aligarh",OBG,AIQ,GEN,"?54,700","?1,14,975",0,? 0,1269,
1,3853,Uttar Pradesh,"IMS(BHU), Varanasi",GENERAL MEDICINE,BHU,OBC,"?48,226","?1,12,054",0,? 0,2424,
1,3855,Chandigarh,"GMC, Chandigarh",OBG,AIQ,EWS,"?34,500","?1,09,926",0,? 0,967,
1,3857,Rajasthan,"SMS, Jaipur",OBG,AIQ,OBC,"?14,093","?87,216",2,"? 15,000,000",5702,
1,3858,Andhra Pradesh,"Rangaraya Med Coll, Kakinada",GENERAL SURGERY,AIQ,GEN,"?30,000","? 60,823",0,?0,1450,
1,3860,Karnataka,"ColumbiaAsia Hosp,Malleshwaram",DNBRADIO DIAGNOSIS,DNB Post MBBS,GEN,"? 125,000","?45,000",0,? 0,160,
1,3861,Kerala,"Medical College, Trivandrum",GENERAL SURGERY,AIQ,OBC,"?69,470","? 57,876",1,"?50,00,000",2126,
1,3862,Telangana,"Gandhi Med Coll, Secunderabad",PAEDIATRICS,AIQ,OBC,"?15,000","? 67,032",1,"? 2,000,000",1200,
1,3863,Tamil Nadu,"SRM Inst for Med Sci, Chennai",DNBRADIO DIAGNOSIS,DNB Post MBBS,GEN,"? 125,000","? 48,000",0,? 0,245,
1,3864,Maharashtra,"Govt Med Coll, Nagpur",PAEDIATRICS,AIQ,OBC,"?1,57,100","? 93,559",1,"? 5,000,000",1866,
1,3866,Jharkhand,"Rajendra IMS, Ranchi",GENERAL MEDICINE,AIQ,OBC,"? 1,550","?1,00,770",3,"?30,00,000",1754,
1,3867,Kerala,"Medical College, Trivandrum",OBG,AIQ,GEN,"?69,470","? 57,876",1,"?50,00,000",2126,
1,3868,Madhya Pradesh,"MGM Med Coll, Indore",GENERAL SURGERY,AIQ,GEN,"?1,01,500","? 75,444",1,"?10,00,000",1300,
1,3869,Gujarat,"PDU Med Coll, Rajkot",OBG,AIQ,GEN,"?30,000","? 100,800",1,"?40,00,000",750,
1,3871,Telangana,"Indo-American Cancer,Hyderabad",DNBRADIO DIAGNOSIS,DNB Post MBBS,GEN,"? 125,000","?50,686",0,? 0,500,
1,3872,Rajasthan,"SNMC, Jodhpur",OBG,AIQ,GEN,"?14,093","?87,216",2,"? 15,000,000",3101,
1,3873,Maharashtra,"Grant Med Coll, Mumbai",TBRD,AIQ,GEN,"?1,57,100","? 93,559",1,"? 5,000,000",2844,
1,3874,Telangana,"ESIC Med Coll,Sanath Nagar",ORTHOPAEDICS,AIQ,GEN,"?2,50,000","? 130,653",2,"?10,00,000",690,
1,3875,Kerala,"Govt General Hosp, Kochi",DNBGENERAL MEDICINE,DNB Post MBBS,GEN,"? 125,000","? 57,876",0,? 0,783,
1,3876,Gujarat,"Medical College, Baroda",GENERAL SURGERY,AIQ,GEN,"?30,000","? 100,800",1,"?40,00,000",1250,
1,3877,Tamil Nadu,"KAPV Med Coll, Trichy",GENERAL MEDICINE,AIQ,EWS,"?50,000","?54,025",2,"?40,00,000",2500,
1,3878,Maharashtra,"Saifee Hospital, Mumbai",DNBGENERAL MEDICINE,DNB Post MBBS,GEN,"? 125,000","? 89,700",0,? 0,257,
1,3880,Uttar Pradesh,"BRD Med Coll, Gorakhpur",GENERAL MEDICINE,AIQ,OBC,"?24,000","?1,10,646",2,"?40,00,000",1050,
1,3881,Karnataka,"Shimoga IMS, Shimoga",PAEDIATRICS,AIQ,GEN,"?1,23,400","? 56,250",1,"?50,00,000",950,
1,3882,Andhra Pradesh,"Guntur Med Coll, Guntur",PAEDIATRICS,AIQ,GEN,"?30,000","? 60,823",0,?0,1170,
1,3883,Rajasthan,"Govt Med Coll, Bharatpur",GENERAL MEDICINE,AIQ,OBC,"?89,489","?87,216",2,"? 15,000,000",Info Not Available,
1,3885,Uttar Pradesh,"JNMC (AMU), Aligarh",ORTHOPAEDICS,AIQ,GEN,"?54,700","?1,14,975",0,? 0,1269,
1,3886,Rajasthan,"SMS, Jaipur",GENERAL MEDICINE,AIQ,SC,"?14,093","?87,216",2,"? 15,000,000",5702,
1,3888,Karnataka,"VIMS, Bellary",PAEDIATRICS,AIQ,EWS,"?1,23,400","? 56,250",1,"?50,00,000",1295,
1,3889,Maharashtra,"BJMC, Pune",RADIO DIAGNOSIS,AIQ,ST,"?1,57,100","? 93,559",1,"? 5,000,000",1296,
1,3891,Andhra Pradesh,"SV Med Coll, Tirupati",OBG,AIQ,GEN,"?30,000","? 60,823",0,?0,940,
1,3892,Haryana,"Medanta The Medicity, Gurgaon",DNBGENERAL MEDICINE,DNB Post MBBS,GEN,"? 125,000","? 65,000",0,? 0,1391,
1,3893,Gujarat,"Gujarat MRI Centre, Ahmedabad",DNBRADIO DIAGNOSIS,DNB Post MBBS,GEN,"? 125,000","?25,000",0,? 0,102,
1,3894,Maharashtra,"Grant Med Coll, Mumbai",OBG,AIQ,EWS,"?1,57,100","? 93,559",1,"? 5,000,000",2844,
1,3895,Maharashtra,"SL Raheja Hosp, Mahi, Mumbai",DNBGENERAL MEDICINE,DNB Post MBBS,GEN,"? 125,000","? 95,000",0,? 0,170,
1,3896,Telangana,"Osmania Med Coll, Hyderabad",RADIO DIAGNOSIS,AIQ,SC,"?15,000","? 67,032",1,"? 2,000,000",4800,
1,3897,Tamil Nadu,"Kilpauk Med Coll, Chennai",GENERAL SURGERY,AIQ,GEN,"?50,000","?54,025",2,"?40,00,000",1700,
1,3900,West Bengal,Calcutta National Med Coll,PAEDIATRICS,AIQ,GEN,"?12,000","? 61,634",3,"?30,00,000",1470,
1,3901,Maharashtra,"BARC Hosp, Mumbai",DNBGENERAL MEDICINE,DNB Post MBBS,EWS,"? 125,000","? 96,000",0,? 0,390,
1,3902,Tamil Nadu,"KG Hospital, Coimbatore",DNBRADIO DIAGNOSIS,DNB Post MBBS,GEN,"? 125,000","? 48,000",0,? 0,350,
1,3904,Telangana,"Omega Hosp,BanjaraHills,Hyderabad",DNBRADIO DIAGNOSIS,DNB Post MBBS,GEN,"? 125,000","?67,032",0,? 0,230,
1,3907,Bihar,"IGIMS, Patna",PAEDIATRICS,AIQ,GEN,"?1,60,000","?1,22,878",0,? 0,1170,
1,3908,Kerala,"Govt Med Coll, Kozhikode",OBG,AIQ,OBC,"?69,470","? 57,876",1,"?50,00,000",3025,
1,3909,Bihar,"Patna Med Coll, Patna",ORTHOPAEDICS,AIQ,GEN,"?9,000","? 82,000",2,"?25,00,000",1748,
1,3910,Madhya Pradesh,"MGM Med Coll, Indore",OBG,AIQ,GEN,"?1,01,500","? 75,444",1,"?10,00,000",1300,
1,3911,Kerala,"Little Flower Hosp, Angamaly",DNBGENERAL MEDICINE,DNB Post MBBS,GEN,"? 125,000","? 55,120",0,? 0,690,
1,3912,Uttar Pradesh,"Dr RML IMS, Lucknow",ORTHOPAEDICS,AIQ,GEN,"?35,000","? 126,726",2,"?40,00,000",1368,
1,3913,Uttar Pradesh,"SN Med Coll, Agra",GENERAL MEDICINE,AIQ,OBC,"?24,000","?1,10,646",2,"?40,00,000",976,
1,3914,Telangana,"Apollo Hosp,Jubilee Hills,Hyd",DNBGENERAL MEDICINE,DNB Post MBBS,GEN,"? 125,000","?67,032",0,? 0,550,
1,3917,Uttar Pradesh,"SN Med Coll, Agra",GENERAL MEDICINE,AIQ,OBC,"?24,000","?1,10,646",2,"?40,00,000",976,
1,3918,Telangana,"Omega Hosp,BanjaraHills,Hyderabad",DNBRADIO DIAGNOSIS,DNB Post MBBS,GEN,"? 125,000","?67,032",0,? 0,230,
1,3919,West Bengal,Calcutta National Med Coll,ORTHOPAEDICS,AIQ,GEN,"?12,000","? 61,634",3,"?30,00,000",1470,
1,3920,Bihar,"AN Magadh, Gaya",DERMATOLOGY,AIQ,OBC,"?9,000","? 82,000",2,"?25,00,000",425,
1,3921,Kerala,"Govt Med Coll, Kozhikode",OPHTHALMOLOGY,AIQ,GEN,"?69,470","? 57,876",1,"?50,00,000",3025,
1,3922,Telangana,"Kakatiya Med Coll, Warangal",PAEDIATRICS,AIQ,GEN,"?15,000","? 67,032",1,"? 2,000,000",1150,
1,3923,Tamil Nadu,"Meenakshi Mission Hosp,Madurai",DNBGENERAL MEDICINE,DNB Post MBBS,GEN,"? 125,000","? 48,000",0,? 0,800,
1,3924,Tamil Nadu,"Dr Rela Inst, Chrompet,Chennai",DNBRADIO DIAGNOSIS,DNB Post MBBS,GEN,"? 125,000","? 50,000",0,? 0,450,
1,3925,Karnataka,"Kasturba Med Coll, Manipal",RADIO DIAGNOSIS,MNG,GEN,"?33,98,000","? 56,250",0,? 0,2032,
1,3926,Telangana,"Gandhi Med Coll, Secunderabad",GENERAL SURGERY,AIQ,OBC,"?15,000","? 67,032",1,"? 2,000,000",1200,
1,3927,Rajasthan,"SMS, Jaipur",ENT,AIQ,GEN,"?14,093","?87,216",2,"? 5,000,000",5702,
1,3928,Tamil Nadu,Govt Thiruvannamalai Med Coll,GENERAL SURGERY,AIQ,GEN,"?50,000","?54,025",2,"?40,00,000",500,
1,3933,Uttar Pradesh,"SN Med Coll, Agra",GENERAL MEDICINE,AIQ,OBC,"?24,000","?1,10,646",2,"?40,00,000",976,
1,3934,Uttar Pradesh,"JNMC (AMU), Aligarh",PAEDIATRICS,AMU,GEN,"?54,700","?1,14,975",0,? 0,1269,
1,3935,Chandigarh,"GMC, Chandigarh",PAEDIATRICS,AIQ,EWS,"?34,500","?1,09,926",0,? 0,967,
1,3936,West Bengal,Bankura Sammilani Med Coll,RADIO DIAGNOSIS,AIQ,OBC,"?12,000","? 61,634",3,"?30,00,000",1441,
1,3937,Karnataka,"ColumbiaAsia Hosp,Malleshwaram",DNBRADIO DIAGNOSIS,DNB Post MBBS,GEN,"? 125,000","?45,000",0,? 0,160,
1,3938,Odisha,"JaiprakashHosp,Rourkela,Odisha",DNBRADIO DIAGNOSIS,DNB Post MBBS,GEN,"? 125,000","?90,000",0,? 0,307,
1,3939,Delhi,"PGIMER, RML Hosp, Delhi",DNBEMERGENCY MEDICINE,DNB Post MBBS,GEN,"? 125,000","? 143,864",1,"?20,00,000",1532,
1,3945,Delhi,"Shri Balaji Action Med, Delhi",DNBGENERAL MEDICINE,DNB Post MBBS,GEN,"? 125,000","? 72,000",0,? 0,275,
1,3946,Odisha,"SCB, Cuttack",TBRD,AIQ,GEN,"?35,000","? 73,042",2,"?55,09,464",2106,
1,3947,Uttar Pradesh,"JNMC (AMU), Aligarh",RADIO DIAGNOSIS,AIQ,SC,"?54,700","?1,14,975",0,? 0,1269,
1,3948,Madhya Pradesh,"Govt Med Coll, Ratlam",GENERAL MEDICINE,AIQ,OBC,"?1,01,500","? 75,444",1,"?10,00,000",300,
1,3950,Manipur,"RIMS, Imphal",PAEDIATRICS,AIQ,OBC,"?5,000","? 109,926",1,"?20,00,000",1074,
1,3951,Delhi,"MAMC, Delhi",OBG,DU,GEN,"?16,200","?1,32,336",1,"? 2,000,000",2800,
1,3953,West Bengal,"Manipal Hospital,EM Bypass,Kolkata",DNBRADIO DIAGNOSIS,DNB Post MBBS,GEN,"? 125,000","?61,634",0,? 0,500,
1,3954,Maharashtra,"HBT & RN Cooper, Mumbai",GENERAL SURGERY,AIQ,OBC,"?1,57,100","? 93,559",1,"? 5,000,000",940,
1,3956,Delhi,"VMMC, Delhi",RADIO DIAGNOSIS,IP,OBC,"?15,000","?1,20,965",1,"? 2,000,000",1550,
1,3957,Punjab,"Guru Govind Singh, Faridkot",PAEDIATRICS,AIQ,OBC,"?1,25,000","?76,000",2,"?20,00,000",1025,
1,3958,West Bengal,"Nilratan Sircar, Kolkata",PAEDIATRICS,AIQ,GEN,"?12,000","? 61,634",3,"?30,00,000",1920,
1,3960,Telangana,"KIMS SunShine Hosp, Hyd",DNBRADIO DIAGNOSIS,DNB Post MBBS,GEN,"? 125,000","?58,289",0,? 0,300,
1,3962,Andhra Pradesh,"Govt Siddhartha, Vijaywada",PAEDIATRICS,AIQ,GEN,"?30,000","? 60,823",0,?0,707,
1,3963,West Bengal,"BCRoy PGI of PaedSci,Kolkata",PAEDIATRICS,AIQ,GEN,"?12,000","? 61,634",3,"?30,00,000",620,
1,3964,Delhi,"Max SS Hosp, Patparganj,Delhi",DNBGENERAL MEDICINE,DNB Post MBBS,GEN,"? 125,000","? 60,000",0,? 0,402,
1,3965,Maharashtra,"Grant Med Coll, Mumbai",ENT,AIQ,GEN,"?1,57,100","? 93,559",1,"? 5,000,000",2844,
1,3966,West Bengal,"RN Tagore (Cardiac), Kolkata",DNBGENERAL MEDICINE,DNB Post MBBS,GEN,"? 125,000","? 61,634",0,? 0,681,
1,3968,Jharkhand,"CIP, Ranchi",PSYCHIATRY,AIQ,GEN,"? 3,000","? 100,706",0,? 0,643,
1,3969,Gujarat,"Govt Med Coll, Surat",OBG,AIQ,GEN,"?30,000","? 100,800",1,"?40,00,000",1150,
1,3970,Andhra Pradesh,"Govt Siddhartha, Vijaywada",PAEDIATRICS,AIQ,GEN,"?30,000","? 60,823",0,?0,707,
1,3971,Madhya Pradesh,"Gandhi Med Coll, Bhopal",GENERAL SURGERY,AIQ,GEN,"?1,01,500","? 75,444",1,"?10,00,000",1135,
1,3972,Telangana,"Indo-American Cancer,Hyderabad",DNBRADIO DIAGNOSIS,DNB Post MBBS,GEN,"? 125,000","?50,686",0,? 0,500,
1,3973,Maharashtra,"Govt Med Coll, Nagpur",OPHTHALMOLOGY,AIQ,GEN,"?1,57,100","? 93,559",1,"? 5,000,000",1866,
1,3974,Maharashtra,"MPGIMER, Nashik",GENERAL SURGERY,AIQ,GEN,"?1,57,100","? 93,559",1,"? 5,000,000",560,
1,3975,Telangana,"Kakatiya Med Coll, Warangal",GENERAL SURGERY,AIQ,GEN,"?15,000","? 67,032",1,"? 2,000,000",1150,
1,3976,Gujarat,"Medical College, Baroda",GENERAL SURGERY,AIQ,GEN,"?30,000","? 100,800",1,"?40,00,000",1250,
1,3977,Chandigarh,"GMC, Chandigarh",GENERAL MEDICINE,AIQ,SC,"?34,500","?1,09,926",0,? 0,967,
1,3979,Rajasthan,"SMS, Jaipur",ORTHOPAEDICS,AIQ,EWS,"?14,093","?87,216",2,"? 10,000,000",5702,
1,3980,Kerala,"Govt of Med Sci, Pariyaram",GENERAL SURGERY,AIQ,GEN,"?69,470","? 57,876",1,"?50,00,000",1752,
1,3981,Haryana,"Maharaja Agrasen MCHosp,Agroha",DNBGENERAL MEDICINE,DNB Post MBBS,GEN,"? 125,000","? 90,209",0,? 0,705,
1,3982,Rajasthan,"SMS, Jaipur",PAEDIATRICS,AIQ,OBC,"?14,093","?87,216",2,"? 10,000,000",5702,
1,3984,Karnataka,"Bangalore Med Coll, Bangalore",ORTHOPAEDICS,AIQ,GEN,"?1,23,400","? 56,250",1,"?50,00,000",1993,
1,3985,Maharashtra,"Noble Hospital, Pune",DNBGENERAL MEDICINE,DNB Post MBBS,GEN,"? 125,000","? 89,700",0,? 0,350,
1,3986,Uttar Pradesh,"MLB Med Coll, Jhansi",GENERAL MEDICINE,AIQ,OBC,"?24,000","?1,10,646",2,"?40,00,000",700,
1,3987,Jharkhand,"Rajendra IMS, Ranchi",PAEDIATRICS,AIQ,GEN,"? 1,550","?1,00,770",3,"?30,00,000",1754,
1,3988,Uttar Pradesh,"KGMU, Lucknow",GENERAL SURGERY,AIQ,OBC,"?54,700","? 126,725",2,"?40,00,000",4500,
1,3989,Telangana,"Apollo Hosp,Jubilee Hills,Hyd",DNBGENERAL MEDICINE,DNB Post MBBS,GEN,"? 125,000","?67,032",0,? 0,550,
1,3990,West Bengal,"Healthworld Hospital, Durgapur",DNBRADIO DIAGNOSIS,DNB Post MBBS,GEN,"? 125,000","? 61,635",0,? 0,300,
1,3991,Karnataka,"ColumbiaAsia Hosp,Malleshwaram",DNBRADIO DIAGNOSIS,DNB Post MBBS,GEN,"? 125,000","?45,000",0,? 0,160,
1,3992,Kerala,"IQRAA, Kozhikode",DNBEMERGENCY MEDICINE,DNB Post MBBS,GEN,"? 125,000","? 57,876",0,? 0,510,
1,3993,Tamil Nadu,"Stanley Med Coll, Chennai",OBG,AIQ,OBC,"?50,000","?54,025",2,"?40,00,000",1661,
1,3994,Assam,"Gauhati Med Coll, Guwahati",DERMATOLOGY,AIQ,OBC,"?27,300","?55,200",2,"?20,00,000",2185,
1,3995,Tamil Nadu,"Arvind Eye Hosp, Coimbatore",DNBOPHTHALMOLOGY,DNB Post MBBS,GEN,"? 125,000","? 48,000",0,? 0,450,
1,3996,Uttar Pradesh,"LLRM Med Coll, Meerut",OBG,AIQ,GEN,"?24,000","?1,10,646",2,"?40,00,000",1090,
1,3997,Tamil Nadu,"Apollo Hosp, Greams Rd,Chennai",DNBGENERAL MEDICINE,DNB Post MBBS,GEN,"? 125,000","? 48,000",0,? 0,745,
1,4000,Himachal Pradesh,"IGMC, Shimla",PAEDIATRICS,AIQ,GEN,"?24,000","?40,000",2,"?40,00,000",1031,
1,4001,Kerala,"Medical College, Trivandrum",OBG,AIQ,GEN,"?69,470","? 57,876",1,"?50,00,000",2126,
1,4002,Kerala,"Mar Sleeva Medicity, Kottayam",DNBRADIO DIAGNOSIS,DNB Post MBBS,GEN,"? 125,000","? 60,000",0,? 0,648,
1,4003,Delhi,"Sir Ganga Ram Hospital, Delhi",DNBPAEDIATRICS,DNB Post MBBS,GEN,"? 125,000","? 92,000",0,? 0,737,
1,4004,Karnataka,"Kasturba Med Coll, Manipal",RADIO DIAGNOSIS,MNG,GEN,"?33,98,000","? 56,250",0,? 0,2032,
1,4006,Uttarakhand,"Govt Med Coll, Haldwani",GENERAL MEDICINE,AIQ,OBC,"?60,000","?71,257",2,"?2,50,00,000",600,
1,4008,Karnataka,"Bhagwan MahaveerJain,Bangalore",DNBRADIO DIAGNOSIS,DNB Post MBBS,GEN,"? 125,000","? 56,250",0,? 0,470,
1,4009,Manipur,"RIMS, Imphal",RADIO DIAGNOSIS,AIQ,SC,"?5,000","? 109,926",1,"?20,00,000",1074,
1,4010,Bihar,"Patna Med Coll, Patna",PAEDIATRICS,AIQ,GEN,"?9,000","? 82,000",2,"?25,00,000",1748,
1,4011,Delhi,"Lady Hardinge, Delhi",GENERAL MEDICINE,AIQ,SC,"?16,200","?1,26,927",1,"? 2,000,000",877,
1,4012,Tamil Nadu,"Kanyakumari Med Coll, Asaripallam",PAEDIATRICS,AIQ,GEN,"?50,000","?54,025",2,"?40,00,000",840,
1,4013,West Bengal,"ESI, Joka, Kolkata",GENERAL MEDICINE,AIQ,OBC,"?2,50,000","?1,00,980",2,"?10,00,000",470,
1,4014,Gujarat,"Govt Med Coll, Surat",ORTHOPAEDICS,AIQ,GEN,"?30,000","? 100,800",1,"?40,00,000",1150,
1,4015,Jammu and Kashmir,"Govt Med Coll, Srinagar",OBG,AIQ,GEN,"?32,500","? 63,240",0,?0,3120,
1,4016,Haryana,"Sarvodaya Hospital, Faridabad",DNBNUCLEAR MEDICINE,DNB Post MBBS,GEN,"? 125,000","? 73,000",0,? 0,450,
1,4019,Uttar Pradesh,"JNMC (AMU), Aligarh",SPM,AIQ,GEN,"?54,700","?1,14,975",0,? 0,1269,
1,4022,Karnataka,"SparshHosp,RajarajeshwariNgr,BLR",DNBRADIO DIAGNOSIS,DNB Post MBBS,GEN,"? 125,000","?52,000",0,? 0,400,
1,4023,Rajasthan,"SP Med Coll, Bikaner",OBG,AIQ,GEN,"?14,093","?87,216",2,"? 15,000,000",1570,
1,4024,Chhattisgarh,"VedantaMedResFoun-BALCO,Raipur",DNBNUCLEAR MEDICINE,DNB Post MBBS,GEN,"? 125,000","?1,00,000",0,? 0,170,
1,4025,Haryana,"Maharaja Agrasen MCHosp,Agroha",DNBGENERAL MEDICINE,DNB Post MBBS,GEN,"? 125,000","? 90,209",0,? 0,705,
1,4026,Andhra Pradesh,"Guntur Med Coll, Guntur",GENERAL SURGERY,AIQ,GEN,"?30,000","? 60,823",0,?0,1170,
1,4027,Uttar Pradesh,"LLRM Med Coll, Meerut",GENERAL SURGERY,AIQ,GEN,"?24,000","?1,10,646",2,"?40,00,000",1090,
1,4029,Karnataka,"AarthiScans,JayaNagar,BLR(Joint)",DNBRADIO DIAGNOSIS,DNB Post MBBS,GEN,"? 125,000","? 50,000",0,? 0,0,
1,4030,Maharashtra,"Noble Hospital, Pune",DNBGENERAL MEDICINE,DNB Post MBBS,GEN,"? 125,000","? 89,700",0,? 0,350,
1,4031,Maharashtra,"Noble Hospital, Pune",DNBGENERAL MEDICINE,DNB Post MBBS,GEN,"? 125,000","? 89,700",0,? 0,350,
1,4032,Karnataka,"St Philomena's Hosp,Bangalore",DNBGENERAL MEDICINE,DNB Post MBBS,GEN,"? 125,000","? 56,250",0,? 0,371,
1,4033,Odisha,"SCB, Cuttack",PAEDIATRICS,AIQ,OBC,"?35,000","? 73,042",2,"?55,09,464",2106,
1,4034,Karnataka,"Raichur IMS, Raichur",DERMATOLOGY,AIQ,EWS,"?1,23,400","? 56,250",1,"?50,00,000",500,
1,4036,Madhya Pradesh,"Govt Med Coll, Datia",GENERAL MEDICINE,AIQ,OBC,"?1,01,500","? 75,444",1,"?10,00,000",540,
1,4037,Kerala,"Caritas Hospital, Kottayam",DNBGENERAL MEDICINE,DNB Post MBBS,GEN,"? 125,000","? 57,876",0,? 0,660,
1,4038,Telangana,"NIMS, Hyderabad",ORTHOPAEDICS,AIQ,GEN,"?72,000","? 116,844",1,"? 2,000,000",1498,
1,4039,Uttar Pradesh,"JNMC (AMU), Aligarh",PAEDIATRICS,AMU,GEN,"?54,700","?1,14,975",0,? 0,1269,
1,4040,Rajasthan,"Eternal HeartCare Cent, Jaipur",DNBGENERAL MEDICINE,DNB Post MBBS,GEN,"? 125,000","? 64,584",0,? 0,225,
1,4042,Andhra Pradesh,"Rangaraya Med Coll, Kakinada",PAEDIATRICS,AIQ,OBC,"?30,000","? 60,823",0,?0,1450,
1,4047,Rajasthan,"RNT, Udaipur",PAEDIATRICS,AIQ,OBC,"?14,093","?87,216",2,"? 10,000,000",2206,
1,4049,Maharashtra,"GovtMedColl,ChhatrapatiSambhajiNgr",GENERAL SURGERY,AIQ,GEN,"?1,57,100","? 93,559",1,"? 5,000,000",1177,
1,4051,Uttar Pradesh,"JNMC (AMU), Aligarh",PAEDIATRICS,AMU,GEN,"?54,700","?1,14,975",0,? 0,1269,
1,4054,Maharashtra,"Seth GS, Mumbai",PAEDIATRICS,AIQ,EWS,"?1,57,100","? 93,559",1,"? 5,000,000",2250,
1,4055,Maharashtra,"Apollo Hospital, Navi Mumbai",DNBGENERAL MEDICINE,DNB Post MBBS,GEN,"? 125,000","? 89,000",0,? 0,473,
1,4056,Kerala,"Govt Med Coll, Kozhikode",OBG,AIQ,OBC,"?69,470","? 57,876",1,"?50,00,000",3025,
1,4057,Uttar Pradesh,"JNMC (AMU), Aligarh",ORTHOPAEDICS,AMU,GEN,"?54,700","?1,14,975",0,? 0,1269,
1,4059,Maharashtra,"Bhaktivedanta Hosp, Thane",DNBGENERAL MEDICINE,DNB Post MBBS,GEN,"? 125,000","? 82,769",0,? 0,200,
1,4060,Telangana,"Osmania Med Coll, Hyderabad",PSYCHIATRY,AIQ,GEN,"?15,000","? 67,032",1,"? 2,000,000",4800,
1,4061,West Bengal,Calcutta National Med Coll,GENERAL SURGERY,AIQ,GEN,"?12,000","? 61,634",3,"?30,00,000",1470,
1,4062,Karnataka,"VIMS, Bellary",OBG,AIQ,GEN,"?1,23,400","? 56,250",1,"?50,00,000",1295,
1,4063,Tamil Nadu,"Govt Med Coll, Omandurar",OBG,AIQ,GEN,"?50,000","?54,025",2,"?40,00,000",Info Not Available,
1,4066,Kerala,"Govt Med Coll, Kozhikode",GENERAL MEDICINE,AIQ,SC,"?69,470","? 57,876",1,"?50,00,000",3025,
1,4067,Rajasthan,"SMS, Jaipur",GENERAL MEDICINE,AIQ,ST,"?14,093","?87,216",2,"? 15,000,000",5702,
1,4068,Telangana,"Osmania Med Coll, Hyderabad",GENERAL SURGERY,AIQ,OBC,"?15,000","? 67,032",1,"? 2,000,000",4800,
1,4069,Uttar Pradesh,"IMS(BHU), Varanasi",OPHTHALMOLOGY,BHU,GEN,"?48,226","?1,12,054",0,? 0,2424,
1,4070,Jharkhand,"Rajendra IMS, Ranchi",GENERAL MEDICINE,AIQ,OBC,"? 1,550","?1,00,770",3,"?30,00,000",1754,
1,4072,Delhi,"ESI, Basaidarpur, Delhi",PAEDIATRICS,IP,GEN,"?2,50,000","?1,30,846",2,"?10,00,000",600,
1,4073,Punjab,"Fortis Hospital, Mohali",DNBGENERAL MEDICINE,DNB Post MBBS,GEN,"? 125,000","?76,000",0,? 0,350,
1,4074,Madhya Pradesh,"ShalbyHos,RSBhandariMarg,Indore",DNBRADIO DIAGNOSIS,DNB Post MBBS,GEN,"? 125,000","? 69,115",0,? 0,190,
1,4075,Rajasthan,"SMS, Jaipur",OBG,AIQ,OBC,"?14,093","?87,216",2,"? 15,000,000",5702,
1,4076,West Bengal,"Tata Medical Center, Kolkata",DNBNUCLEAR MEDICINE,DNB Post MBBS,GEN,"? 125,000","? 70,000",0,? 0,437,
1,4077,Maharashtra,"Govt Med Coll, Nagpur",PAEDIATRICS,AIQ,OBC,"?1,57,100","? 93,559",1,"? 5,000,000",1866,
1,4078,Delhi,"ESI, Basaidarpur, Delhi",ORTHOPAEDICS,AIQ,GEN,"?2,50,000","?1,30,846",2,"?10,00,000",600,
1,4080,Telangana,"Osmania Med Coll, Hyderabad",ENT,AIQ,GEN,"?15,000","? 67,032",1,"? 2,000,000",4800,
1,4081,Tamil Nadu,"MIOT Hospital, Chennai",DNBNUCLEAR MEDICINE,DNB Post MBBS,GEN,"? 125,000","? 60,000",0,? 0,920,
1,4083,Rajasthan,"SMS, Jaipur",PSYCHIATRY,AIQ,GEN,"?14,093","?87,216",2,"? 10,000,000",5702,
1,4085,Maharashtra,"Jupiter Lifeline Hosp, Pune",DNBGENERAL MEDICINE,DNB Post MBBS,GEN,"? 125,000","? 86,000",0,? 0,350,
1,4086,Kerala,"Baby Memorial, Kozhikode",DNBPAEDIATRICS,DNB Post MBBS,GEN,"? 125,000","? 57,876",0,? 0,600,
1,4087,Uttar Pradesh,"LLRM Med Coll, Meerut",OBG,AIQ,GEN,"?24,000","?1,10,646",2,"?40,00,000",1090,
1,4088,Tamil Nadu,"Rajah Muthiah, Annamalainagar",PAEDIATRICS,AIQ,GEN,"?50,000","?54,025",2,"?40,00,000",1400,
1,4089,Madhya Pradesh,"Gandhi Med Coll, Bhopal",PAEDIATRICS,AIQ,GEN,"?1,01,500","? 75,444",1,"?10,00,000",1135,
1,4090,Maharashtra,"Seth GS, Mumbai",OBG,AIQ,OBC,"?1,57,100","? 93,559",1,"? 5,000,000",2250,
1,4091,Delhi,"Maharaja Agrasen Hosp, Delhi",DNBGENERAL MEDICINE,DNB Post MBBS,GEN,"? 125,000","? 63,000",0,? 0,400,
1,4092,West Bengal,Burdwan Medical College,PAEDIATRICS,AIQ,GEN,"?12,000","? 61,634",3,"?30,00,000",1099,
1,4093,Tamil Nadu,"Madras Med Coll, Chennai",TBRD,AIQ,OBC,"?50,000","?54,025",2,"?40,00,000",7285,
1,4094,West Bengal,"RG Kar Med Coll, Kolkata",OBG,AIQ,GEN,"?12,000","? 61,634",3,"?30,00,000",1663,
1,4095,Haryana,"Maharaja Agrasen MCHosp,Agroha",DNBGENERAL MEDICINE,DNB Post MBBS,GEN,"? 125,000","? 90,209",0,? 0,705,
1,4097,Madhya Pradesh,"Gandhi Med Coll, Bhopal",PAEDIATRICS,AIQ,GEN,"?1,01,500","? 75,444",1,"?10,00,000",1135,
1,4098,Uttarakhand,"Govt Med Coll, Haldwani",GENERAL MEDICINE,AIQ,EWS,"?60,000","?71,257",2,"?2,50,00,000",600,
1,4099,Tamil Nadu,Govt Dharmapuri Med Coll,PAEDIATRICS,AIQ,GEN,"?50,000","?54,025",2,"?40,00,000",Info Not Available,
1,4100,Rajasthan,"SMS, Jaipur",GENERAL SURGERY,AIQ,EWS,"?14,093","?87,216",2,"? 10,000,000",5702,
1,4101,Jammu and Kashmir,"Govt Med Coll, Srinagar",OBG,AIQ,GEN,"?32,500","? 63,240",0,?0,3120,
1,4102,Bihar,"Patna Med Coll, Patna",GENERAL SURGERY,AIQ,GEN,"?9,000","? 82,000",2,"?25,00,000",1748,
1,4103,Uttar Pradesh,"JNMC (AMU), Aligarh",PSYCHIATRY,AIQ,GEN,"?54,700","?1,14,975",0,? 0,1269,
1,4104,Kerala,"Malabar IMS, Kozhikode",DNBPAEDIATRICS,DNB Post MBBS,GEN,"? 125,000","? 57,876",0,? 0,573,
1,4106,Maharashtra,"Indira Gandhi MedColl, Nagpur",RADIO DIAGNOSIS,AIQ,SC,"?1,57,100","? 93,559",1,"? 5,000,000",822,
1,4107,Jammu and Kashmir,"Sher-I-Kashmir, Srinagar",GENERAL MEDICINE,AIQ,OBC,"?11,000","? 80,000",0,?0,1200,
1,4108,Maharashtra,"GovtMedColl,ChhatrapatiSambhajiNgr",GENERAL SURGERY,AIQ,GEN,"?1,57,100","? 93,559",1,"? 5,000,000",1177,
1,4109,Tamil Nadu,Govt Thiruvannamalai Med Coll,PAEDIATRICS,AIQ,GEN,"?50,000","?54,025",2,"?40,00,000",500,
1,4110,Tamil Nadu,"ESI PGIMSR, KK Nagar, Chennai",TBRD,AIQ,GEN,"?2,50,000","?1,15,506",2,"?10,00,000",470,
1,4111,Maharashtra,"Govt Med Coll Hosp, Akola",DNBGENERAL MEDICINE,DNB Post MBBS,GEN,"? 125,000","?93,359",1,"? 5,000,000",946,
1,4112,Kerala,"Govt Med Coll, Kozhikode",OBG,AIQ,OBC,"?69,470","? 57,876",1,"?50,00,000",3025,
1,4113,West Bengal,"Manipal Hospital,EM Bypass,Kolkata",DNBRADIO DIAGNOSIS,DNB Post MBBS,GEN,"? 125,000","?61,634",0,? 0,500,
1,4114,Jharkhand,"CIP, Ranchi",PSYCHIATRY,AIQ,GEN,"? 3,000","? 100,706",0,? 0,643,
1,4115,West Bengal,"IPGMER, Kolkata",OBG,AIQ,GEN,"?12,000","? 61,634",3,"?30,00,000",2300,
1,4116,Uttar Pradesh,"KGMU, Lucknow",PSYCHIATRY,AIQ,GEN,"?54,700","? 126,725",2,"?40,00,000",4500,
1,4117,Uttar Pradesh,"MLN Med Coll, Allahabad",PAEDIATRICS,AIQ,GEN,"?24,000","?1,10,646",2,"?40,00,000",Info Not Available,
1,4118,Bihar,"Patna Med Coll, Patna",OBG,AIQ,GEN,"?9,000","? 82,000",2,"?25,00,000",1748,
1,4119,West Bengal,Bankura Sammilani Med Coll,TBRD,AIQ,GEN,"?12,000","? 61,634",3,"?30,00,000",1441,
1,4120,Delhi,"Sir Ganga Ram Hospital, Delhi",DNBPAEDIATRICS,DNB Post MBBS,GEN,"? 125,000","? 92,000",0,? 0,737,
1,4121,Karnataka,"VIMS, Bellary",OBG,AIQ,GEN,"?1,23,400","? 56,250",1,"?50,00,000",1295,
1,4122,Delhi,"MAMC, Delhi",ORTHOPAEDICS,DU,GEN,"?16,200","?1,32,336",1,"? 2,000,000",2800,
1,4123,Maharashtra,"Indira Gandhi MedColl, Nagpur",OBG,AIQ,GEN,"?1,57,100","? 93,559",1,"? 5,000,000",822,
1,4124,Maharashtra,"Sahyadri SS Hosp, Karve Road",DNBGENERAL MEDICINE,DNB Post MBBS,GEN,"? 125,000","? 89,000",0,? 0,225,
1,4125,Punjab,"Govt Med Coll, Patiala",OBG,AIQ,GEN,"?1,25,000","?76,000",2,"?20,00,000",1130,
1,4126,Chhattisgarh,"Pt JNM Med Coll, Raipur",OBG,AIQ,GEN,"?20,000","? 67,500",2,"?50,00,000",1246,
1,4128,Delhi,"Maharaja Agrasen Hosp, Delhi",DNBGENERAL MEDICINE,DNB Post MBBS,GEN,"? 125,000","? 63,000",0,? 0,400,
1,4130,Kerala,"Medical College, Trivandrum",OBG,AIQ,GEN,"?69,470","? 57,876",1,"?50,00,000",2126,
1,4131,Tamil Nadu,"Kanyakumari Med Coll, Asaripallam",GENERAL MEDICINE,AIQ,EWS,"?50,000","?54,025",2,"?40,00,000",840,
1,4132,Rajasthan,"JLNMC, Ajmer",GENERAL SURGERY,AIQ,GEN,"?14,093","?87,216",2,"? 10,000,000",1428,
1,4133,Maharashtra,"Hiranandani Hosp, Mumbai",DNBGENERAL MEDICINE,DNB Post MBBS,GEN,"? 125,000","?80,000",0,? 0,244,
1,4136,Tamil Nadu,"MIOT Hospital, Chennai",DNBNUCLEAR MEDICINE,DNB Post MBBS,GEN,"? 125,000","? 60,000",0,? 0,920,
1,4138,Maharashtra,"Govt Med Coll, Latur",RADIO DIAGNOSIS,AIQ,SC,"?1,57,100","? 93,559",1,"? 5,000,000",750,
1,4139,Delhi,"Dr Shroff's Eye Hosp,Daryaganj",DNBOPHTHALMOLOGY,DNB Post MBBS,GEN,"? 125,000","?60,000",0,? 0,56,
1,4140,Telangana,"Kakatiya Med Coll, Warangal",PAEDIATRICS,AIQ,GEN,"?15,000","? 67,032",1,"? 2,000,000",1150,
1,4141,Telangana,"Kamineni Hospital, King Koti",DNBRADIO DIAGNOSIS,DNB Post MBBS,GEN,"? 125,000","?67,032",0,? 0,150,
1,4142,Maharashtra,"PGIMS, Navi Mumbai",PAEDIATRICS,AIQ,GEN,"?1,57,100","? 93,559",1,"? 5,000,000",580,
1,4143,Kerala,"KIMS, Trivandrum",DNBGENERAL MEDICINE,DNB Post MBBS,GEN,"? 125,000","? 57,876",0,? 0,650,
1,4144,Delhi,"MAMC, Delhi",RADIATION ONCOLOGY,AIQ,GEN,"?16,200","?1,32,336",1,"? 2,000,000",2800,
1,4145,Maharashtra,"Topiwala, Mumbai",ENT,AIQ,GEN,"?1,57,100","? 93,559",1,"? 5,000,000",1300,
1,4146,Gujarat,"BJMC, Ahmedabad",OPHTHALMOLOGY,AIQ,GEN,"?30,000","? 100,800",1,"?40,00,000",1557,
1,4147,Uttar Pradesh,"MLB Med Coll, Jhansi",GENERAL MEDICINE,AIQ,OBC,"?24,000","?1,10,646",2,"?40,00,000",700,
1,4148,Telangana,"Omega Hosp,BanjaraHills,Hyderabad",DNBRADIO DIAGNOSIS,DNB Post MBBS,GEN,"? 125,000","?67,032",0,? 0,230,
1,4149,West Bengal,"Peerless Hospital, Kolkata",DNBRADIO DIAGNOSIS,DNB Post MBBS,GEN,"? 125,000","?61,634",0,? 0,500,
1,4150,Maharashtra,"Seth GS, Mumbai",ORTHOPAEDICS,AIQ,OBC,"?1,57,100","? 93,559",1,"? 5,000,000",2250,
1,4151,Bihar,"Darbhanga, Lehriasarai",GENERAL MEDICINE,AIQ,OBC,"?9,000","? 82,000",2,"?25,00,000",1030,
1,4152,Kerala,"Govt Med Coll, Kozhikode",TBRD,AIQ,OBC,"?69,470","? 57,876",1,"?50,00,000",3025,
1,4154,Maharashtra,"Topiwala, Mumbai",PAEDIATRICS,AIQ,OBC,"?1,57,100","? 93,559",1,"? 5,000,000",1300,
1,4155,Kerala,"Govt Med Coll, Kottayam",ORTHOPAEDICS,AIQ,GEN,"?69,470","? 57,876",1,"?50,00,000",2094,
1,4157,West Bengal,"Nilratan Sircar, Kolkata",GENERAL SURGERY,AIQ,GEN,"?12,000","? 61,634",3,"?30,00,000",1920,
1,4159,Maharashtra,"DrHedgewarRugnalaya,Aurangabad",DNBGENERAL MEDICINE,DNB Post MBBS,GEN,"? 125,000","?81,000",0,? 0,500,
1,4160,Kerala,"KIMS, Trivandrum",DNBGENERAL MEDICINE,DNB Post MBBS,GEN,"? 125,000","? 57,876",0,? 0,650,
1,4161,Maharashtra,"Rajarshee CSM Govt MC,Kolhapur",GENERAL SURGERY,AIQ,GEN,"?1,57,100","? 93,559",1,"? 5,000,000",665,
1,4162,Delhi,"VMMC, Delhi",OBG,AIQ,SC,"?15,000","?1,20,965",1,"? 2,000,000",1550,
1,4163,Delhi,"MAMC, Delhi",ENT,DU,GEN,"?16,200","?1,32,336",1,"? 2,000,000",2800,
1,4164,Chhattisgarh,"JLN Main Hosp & RC, Bhilai",DNBRADIO DIAGNOSIS,DNB Post MBBS,OBC,"? 125,000","?67,500",0,? 0,860,
1,4165,Karnataka,"Bangalore Med Coll, Bangalore",GENERAL SURGERY,AIQ,OBC,"?1,23,400","? 56,250",1,"?50,00,000",1993,
1,4166,Tamil Nadu,"Arvind Eye Hosp, Coimbatore",DNBOPHTHALMOLOGY,DNB Post MBBS,GEN,"? 125,000","? 48,000",0,? 0,450,
1,4168,Bihar,"Patna Med Coll, Patna",OBG,AIQ,GEN,"?9,000","? 82,000",2,"?25,00,000",1748,
1,4169,Tamil Nadu,"SRM Inst for Med Sci, Chennai",DNBRADIO DIAGNOSIS,DNB Post MBBS,GEN,"? 125,000","? 48,000",0,? 0,245,
1,4170,Madhya Pradesh,"Choithram Hospital, Indore",DNBGENERAL MEDICINE,DNB Post MBBS,GEN,"? 125,000","? 75,444",0,? 0,350,
1,4171,Delhi,"ABVIMS (Dr RML Hosp), Delhi",GENERAL SURGERY,IP,GEN,"? 51,000","? 136,008",1,"? 2,000,000",1626,
1,4173,Tamil Nadu,"Kanchi Kamakoti, Chennai",DNBPAEDIATRICS,DNB Post MBBS,GEN,"? 125,000","? 48,000",0,? 0,200,
1,4174,Maharashtra,"Tata Memorial, Mumbai",RADIATION ONCOLOGY,AIQ,GEN,"?1,05,500","? 105,840",1,"?25,00,000",614,
1,4176,Gujarat,"Govt Med Coll, Surat",PAEDIATRICS,AIQ,GEN,"?30,000","? 100,800",1,"?40,00,000",1150,
1,4178,Tamil Nadu,"Madurai Med Coll, Madurai",OBG,AIQ,OBC,"?50,000","?54,025",2,"?40,00,000",3518,
1,4179,Delhi,"ABVIMS (Dr RML Hosp), Delhi",RADIO DIAGNOSIS,IP,OBC,"? 51,000","? 136,008",1,"? 2,000,000",1626,
1,4180,Bihar,"JLMCH, Mayaganj Bhagalpur",DNBDERMATOLOGY,DNB Post MBBS,GEN,"? 125,000","? 82,000",2,"?25,00,000",659,
1,4181,Maharashtra,"GovtMedColl,ChhatrapatiSambhajiNgr",PAEDIATRICS,AIQ,GEN,"?1,57,100","? 93,559",1,"? 5,000,000",1177,
1,4184,Delhi,"Lady Hardinge, Delhi",GENERAL MEDICINE,AIQ,ST,"?16,200","?1,26,927",1,"? 2,000,000",877,
1,4186,Maharashtra,"Topiwala, Mumbai",ENT,AIQ,GEN,"?1,57,100","? 93,559",1,"? 5,000,000",1300,
1,4187,West Bengal,"BCRoy PGI of PaedSci,Kolkata",PAEDIATRICS,AIQ,GEN,"?12,000","? 61,634",3,"?30,00,000",620,
1,4189,Rajasthan,"RNT, Udaipur",OBG,AIQ,GEN,"?14,093","?87,216",2,"? 15,000,000",2206,
1,4190,Maharashtra,"Saifee Hospital, Mumbai",DNBGENERAL MEDICINE,DNB Post MBBS,GEN,"? 125,000","? 89,700",0,? 0,257,
1,4191,Karnataka,"Bangalore Med Coll, Bangalore",GENERAL SURGERY,AIQ,EWS,"?1,23,400","? 56,250",1,"?50,00,000",1993,
1,4192,Karnataka,"Manipal Hospital,Ambalipura,BLR",DNBRADIO DIAGNOSIS,DNB Post MBBS,GEN,"? 125,000","?56,250",0,? 0,214,
1,4194,Maharashtra,"Lokmanya Tilak, Sion, Mumbai",PAEDIATRICS,AIQ,OBC,"?1,57,100","? 93,559",1,"? 5,000,000",1462,
1,4195,Chhattisgarh,"Apollo Hospital, Bilaspur",DNBRADIO DIAGNOSIS,DNB Post MBBS,GEN,"? 125,000","?67,500",0,? 0,300,
1,4196,Delhi,"Sir Ganga Ram Hospital, Delhi",DNBGENERAL SURGERY,DNB Post MBBS,GEN,"? 125,000","? 92,000",0,? 0,737,
1,4197,Rajasthan,"SNMC, Jodhpur",PAEDIATRICS,AIQ,EWS,"?14,093","?87,216",2,"? 10,000,000",3101,
1,4198,Bihar,"Patna Med Coll, Patna",PAEDIATRICS,AIQ,GEN,"?9,000","? 82,000",2,"?25,00,000",1748,
1,4200,Madhya Pradesh,"Gandhi Med Coll, Bhopal",PAEDIATRICS,AIQ,GEN,"?1,01,500","? 75,444",1,"?10,00,000",1135,
1,4202,Telangana,"Indo-American Cancer,Hyderabad",DNBRADIO DIAGNOSIS,DNB Post MBBS,GEN,"? 125,000","?50,686",0,? 0,500,
1,4203,Karnataka,"Kasturba Med Coll, Manipal",GENERAL MEDICINE,MNG,GEN,"?27,92,000","? 56,250",0,? 0,2032,
1,4206,Maharashtra,"Seth GS, Mumbai",OBG,AIQ,OBC,"?1,57,100","? 93,559",1,"? 5,000,000",2250,
1,4207,Telangana,"Rajiv Gandhi IMS, Adilabad",DERMATOLOGY,AIQ,EWS,"?15,000","? 67,032",1,"? 2,000,000",Info Not Available,
1,4208,Telangana,"Medicover Hospitals, Hyderabad",DNBRADIO DIAGNOSIS,DNB Post MBBS,GEN,"? 125,000","?50,686",0,? 0,285,
1,4209,West Bengal,"Manipal Hospital,EM Bypass,Kolkata",DNBGENERAL MEDICINE,DNB Post MBBS,GEN,"? 125,000","?61,634",0,? 0,500,
1,4210,Tamil Nadu,"Stanley Med Coll, Chennai",TBRD,AIQ,OBC,"?50,000","?54,025",2,"?40,00,000",1661,
1,4212,Chhattisgarh,"CIMS, Bilaspur",GENERAL MEDICINE,AIQ,OBC,"?20,000","? 67,500",2,"?50,00,000",550,
1,4213,Maharashtra,"Apollo Hospital, Navi Mumbai",DNBGENERAL MEDICINE,DNB Post MBBS,GEN,"? 125,000","? 89,000",0,? 0,473,
1,4214,Delhi,"ABVIMS (Dr RML Hosp), Delhi",GENERAL SURGERY,IP,GEN,"? 51,000","? 136,008",1,"? 2,000,000",1626,
1,4215,West Bengal,"The Mission Hosp, Durgapur, WB",DNBRADIO DIAGNOSIS,DNB Post MBBS,GEN,"? 125,000","? 61,634",0,? 0,499,
1,4216,Kerala,"Little Flower Hosp, Angamaly",DNBGENERAL MEDICINE,DNB Post MBBS,GEN,"? 125,000","? 55,120",0,? 0,690,
1,4217,Uttar Pradesh,"IMS(BHU), Varanasi",RADIO DIAGNOSIS,BHU,SC,"?48,226","?1,12,054",0,? 0,2424,
1,4218,Karnataka,Kodagu Inst of Med Sciences,PAEDIATRICS,AIQ,GEN,"?1,23,400","? 56,250",1,"?50,00,000",600,
1,4219,Gujarat,"BJMC, Ahmedabad",OBG,AIQ,OBC,"?30,000","? 100,800",1,"?40,00,000",1557,
1,4221,Maharashtra,"Grant Med Coll, Mumbai",PSYCHIATRY,AIQ,GEN,"?1,57,100","? 93,559",1,"? 5,000,000",2844,
1,4222,Karnataka,"Mysore Med Coll, Mysore",OBG,AIQ,OBC,"?1,23,400","? 56,250",1,"?50,00,000",1050,
1,4224,West Bengal,Calcutta National Med Coll,GENERAL MEDICINE,AIQ,EWS,"?12,000","? 61,634",3,"?30,00,000",1470,
1,4226,Gujarat,"GMERS MedCollHosp, Porbander",DNBGENERAL MEDICINE,DNB Post MBBS,GEN,"? 125,000","? 100,800",0,? 0,420,
1,4227,Maharashtra,"Indira Gandhi MedColl, Nagpur",OBG,AIQ,GEN,"?1,57,100","? 93,559",1,"? 5,000,000",822,
1,4229,Gujarat,"PDU Med Coll, Rajkot",PSYCHIATRY,AIQ,EWS,"?30,000","? 100,800",1,"?40,00,000",750,
1,4231,Maharashtra,"Lokmanya Tilak, Sion, Mumbai",DMRD,AIQ,GEN,"?1,57,100","? 93,559",1,"? 5,000,000",1462,
1,4232,Delhi,"VMMC, Delhi",ORTHOPAEDICS,IP,GEN,"?15,000","?1,20,965",1,"? 2,000,000",1550,
1,4233,West Bengal,"RG Kar Med Coll, Kolkata",GENERAL MEDICINE,AIQ,OBC,"?12,000","? 61,634",3,"?30,00,000",1663,
1,4234,Telangana,"Omega Hosp,Gachibowli,Telangana",DNBRADIO DIAGNOSIS,DNB Post MBBS,GEN,"? 125,000","?67,032",0,? 0,200,
1,4235,Andhra Pradesh,"Lalitha SS Hospital, Guntur",DNBGENERAL MEDICINE,DNB Post MBBS,GEN,"? 125,000","? 60,900",0,? 0,250,
1,4236,Delhi,"ABVIMS (Dr RML Hosp), Delhi",RADIO DIAGNOSIS,IP,OBC,"? 51,000","? 136,008",1,"? 2,000,000",1626,
1,4237,Uttar Pradesh,"KGMU, Lucknow",RADIO DIAGNOSIS,AIQ,SC,"?54,700","? 126,725",2,"?40,00,000",4500,
1,4238,Karnataka,"St Martha's Hosp, Bangalore",DNBGENERAL MEDICINE,DNB Post MBBS,GEN,"? 125,000","?56,250",0,? 0,504,
1,4240,Maharashtra,"DrHedgewarRugnalaya,Aurangabad",DNBGENERAL MEDICINE,DNB Post MBBS,GEN,"? 125,000","?81,000",0,? 0,500,
1,4241,Maharashtra,"Bhaktivedanta Hosp, Thane",DNBGENERAL MEDICINE,DNB Post MBBS,GEN,"? 125,000","? 82,769",0,? 0,200,
1,4242,Maharashtra,"Jupiter Lifeline Hosp, Pune",DNBGENERAL MEDICINE,DNB Post MBBS,GEN,"? 125,000","? 86,000",0,? 0,350,
1,4244,Himachal Pradesh,"RPG, Tanda",OBG,AIQ,GEN,"?24,000","?40,000",2,"?40,00,000",828,
1,4245,Tamil Nadu,"Govt. Mohan Kumaramangalam, Salem",OBG,AIQ,GEN,"?50,000","?54,025",2,"?40,00,000",1642,
1,4246,Karnataka,"VIMS, Bellary",OBG,AIQ,GEN,"?1,23,400","? 56,250",1,"?50,00,000",1295,
1,4247,Uttar Pradesh,"KGMU, Lucknow",GENERAL SURGERY,AIQ,EWS,"?54,700","? 126,725",2,"?40,00,000",4500,
1,4248,Gujarat,"BJMC, Ahmedabad",PAEDIATRICS,AIQ,OBC,"?30,000","? 100,800",1,"?40,00,000",1557,
1,4249,Maharashtra,"Aditya Birla Mem Hosp, Pune",DNBGENERAL MEDICINE,DNB Post MBBS,GEN,"? 125,000","? 86,629",0,? 0,500,
1,4250,Maharashtra,"Hiranandani Hosp, Mumbai",DNBGENERAL MEDICINE,DNB Post MBBS,GEN,"? 125,000","?80,000",0,? 0,244,
1,4251,Haryana,"BPS Med Coll, Sonepat",DNBGENERAL MEDICINE,DNB Post MBBS,GEN,"? 125,000","? 104,346",0,?0,550,
1,4252,Karnataka,"SparshHosp,RajarajeshwariNgr,BLR",DNBRADIO DIAGNOSIS,DNB Post MBBS,GEN,"? 125,000","?52,000",0,? 0,400,
1,4253,Maharashtra,"Apollo Hospital, Navi Mumbai",DNBGENERAL MEDICINE,DNB Post MBBS,GEN,"? 125,000","? 89,000",0,? 0,473,
1,4257,Maharashtra,"Topiwala, Mumbai",OBG,AIQ,OBC,"?1,57,100","? 93,559",1,"? 5,000,000",1300,
1,4258,Gujarat,"BJMC, Ahmedabad",ORTHOPAEDICS,AIQ,OBC,"?30,000","? 100,800",1,"?40,00,000",1557,
1,4259,West Bengal,"RG Kar Med Coll, Kolkata",OBG,AIQ,GEN,"?12,000","? 61,634",3,"?30,00,000",1663,
1,4260,Maharashtra,"BJMC, Pune",PAEDIATRICS,AIQ,OBC,"?1,57,100","? 93,559",1,"? 5,000,000",1296,
1,4261,Kerala,"Medical College, Trivandrum",GENERAL SURGERY,AIQ,OBC,"?69,470","? 57,876",1,"?50,00,000",2126,
1,4263,Himachal Pradesh,"IGMC, Shimla",RADIO DIAGNOSIS,AIQ,SC,"?24,000","?40,000",2,"?40,00,000",1031,
1,4264,Telangana,"Kakatiya Med Coll, Warangal",PAEDIATRICS,AIQ,GEN,"?15,000","? 67,032",1,"? 2,000,000",1150,
1,4265,Telangana,"Osmania Med Coll, Hyderabad",OPHTHALMOLOGY,AIQ,GEN,"?15,000","? 67,032",1,"? 2,000,000",4800,
1,4266,Tamil Nadu,"Sri RamakrishnaHosp,Coimbatore",DNBGENERAL MEDICINE,DNB Post MBBS,GEN,"? 125,000","? 48,000",0,? 0,1009,
1,4267,Delhi,"Lady Hardinge, Delhi",PSYCHIATRY,DU,GEN,"?16,200","?1,26,927",1,"? 2,000,000",877,
1,4268,Uttar Pradesh,"JNMC (AMU), Aligarh",PAEDIATRICS,AIQ,OBC,"?54,700","?1,14,975",0,? 0,1269,
1,4269,Gujarat,"Govt Med Coll, Surat",OBG,AIQ,GEN,"?30,000","? 100,800",1,"?40,00,000",1150,
1,4270,Telangana,"Krishna IMS, Secunderabad",DNBGENERAL MEDICINE,DNB Post MBBS,GEN,"? 125,000","?67,032",0,? 0,675,
1,4271,Madhya Pradesh,"Gandhi Med Coll, Bhopal",PAEDIATRICS,AIQ,GEN,"?1,01,500","? 75,444",1,"?10,00,000",1135,
1,4273,Madhya Pradesh,"MGM Med Coll, Indore",GENERAL SURGERY,AIQ,GEN,"?1,01,500","? 75,444",1,"?10,00,000",1300,
1,4275,Uttar Pradesh,"GSVM Med Coll, Kanpur",GENERAL SURGERY,AIQ,GEN,"?24,000","?1,10,646",2,"?40,00,000",2083,
1,4277,Rajasthan,"SMS, Jaipur",GENERAL SURGERY,AIQ,OBC,"?14,093","?87,216",2,"? 10,000,000",5702,
1,4279,Maharashtra,"GovtMedColl,ChhatrapatiSambhajiNgr",ORTHOPAEDICS,AIQ,GEN,"?1,57,100","? 93,559",1,"? 5,000,000",1177,
1,4280,Jharkhand,"Rajendra IMS, Ranchi",OBG,AIQ,GEN,"? 1,550","?1,00,770",3,"?30,00,000",1754,
1,4281,Maharashtra,"SL Raheja Hosp, Mahi, Mumbai",DNBGENERAL MEDICINE,DNB Post MBBS,GEN,"? 125,000","? 95,000",0,? 0,170,
1,4282,Maharashtra,"Grant Med Coll, Mumbai",TBRD,AIQ,GEN,"?1,57,100","? 93,559",1,"? 5,000,000",2844,
1,4283,Uttar Pradesh,"JNMC (AMU), Aligarh",OBG,AIQ,GEN,"?54,700","?1,14,975",0,? 0,1269,
1,4284,Tamil Nadu,"ApolloSpecHosp,Ayanambakkam,CHN",DNBRADIO DIAGNOSIS,DNB Post MBBS,GEN,"? 125,000","? 48,000",0,? 0,300,
1,4285,West Bengal,Calcutta National Med Coll,GENERAL MEDICINE,AIQ,SC,"?12,000","? 61,634",3,"?30,00,000",1470,
1,4286,Karnataka,"Mysore Med Coll, Mysore",ORTHOPAEDICS,AIQ,GEN,"?1,23,400","? 56,250",1,"?50,00,000",1050,
1,4287,Telangana,"Gandhi Med Coll, Secunderabad",RADIO DIAGNOSIS,AIQ,SC,"?15,000","? 67,032",1,"? 2,000,000",1200,
1,4288,Gujarat,"HCG Hosp,Ellisbridge,Ahmedabad",DNBGENERAL MEDICINE,DNB Post MBBS,GEN,"? 125,000","? 84,000",0,? 0,151,
1,4289,Maharashtra,"Indira Gandhi MedColl, Nagpur",OBG,AIQ,GEN,"?1,57,100","? 93,559",1,"? 5,000,000",822,
1,4290,Tamil Nadu,"ApolloSpecHosp,Ayanambakkam,CHN",DNBRADIO DIAGNOSIS,DNB Post MBBS,GEN,"? 125,000","? 48,000",0,? 0,300,
1,4291,Gujarat,"Govt Med Coll, Surat",PSYCHIATRY,AIQ,GEN,"?30,000","? 100,800",1,"?40,00,000",1150,
1,4292,Chhattisgarh,"CIMS, Bilaspur",PAEDIATRICS,AIQ,GEN,"?20,000","? 67,500",2,"?50,00,000",550,
1,4293,Maharashtra,"Jupiter Lifeline Hosp, Pune",DNBANAESTHESIOLOGY,DNB Post MBBS,GEN,"? 125,000","? 86,000",0,? 0,350,
1,4295,Delhi,"Sanjay Gandhi Mem Hosp, Delhi",DNBGENERAL MEDICINE,DNB Post MBBS,EWS,"? 125,000","? 126,927",1,"?20,00,000",300,
1,4296,Delhi,"VMMC, Delhi",GENERAL SURGERY,AIQ,ST,"?15,000","?1,20,965",1,"? 2,000,000",1550,
1,4297,Madhya Pradesh,"MGM Med Coll, Indore",OBG,AIQ,GEN,"?1,01,500","? 75,444",1,"?10,00,000",1300,
1,4298,Uttar Pradesh,"GSVM Med Coll, Kanpur",GENERAL SURGERY,AIQ,GEN,"?24,000","?1,10,646",2,"?40,00,000",2083,
1,4299,Uttar Pradesh,"GSVM Med Coll, Kanpur",PAEDIATRICS,AIQ,GEN,"?24,000","?1,10,646",2,"?40,00,000",2083,
1,4302,Andhra Pradesh,"ACSR Medical College, Nellore",GENERAL SURGERY,AIQ,GEN,"?30,000","? 60,823",0,?0,355,
1,4303,Maharashtra,"Tata Memorial, Mumbai",RADIATION ONCOLOGY,AIQ,GEN,"?1,05,500","? 105,840",1,"?25,00,000",614,
1,4304,Maharashtra,"MPGIMER, Nashik",PAEDIATRICS,AIQ,GEN,"?1,57,100","? 93,559",1,"? 5,000,000",560,
1,4305,Delhi,"Lady Hardinge, Delhi",PAEDIATRICS,DU,EWS,"?16,200","?1,26,927",1,"? 2,000,000",877,
1,4306,West Bengal,"RN Tagore (Cardiac), Kolkata",DNBGENERAL MEDICINE,DNB Post MBBS,GEN,"? 125,000","? 61,634",0,? 0,681,
1,4308,Telangana,"NIMS, Hyderabad",ORTHOPAEDICS,AIQ,GEN,"?72,000","? 116,844",1,"? 2,000,000",1498,
1,4309,Maharashtra,"Lokmanya Tilak, Sion, Mumbai",GENERAL MEDICINE,AIQ,SC,"?1,57,100","? 93,559",1,"? 5,000,000",1462,
1,4310,Kerala,"MVR Cancer Centre, Kozhikode",DNBRADIO DIAGNOSIS,DNB Post MBBS,GEN,"? 125,000","? 55,120",0,? 0,250,
1,4312,Uttar Pradesh,"Dr RML IMS, Lucknow",GENERAL SURGERY,AIQ,OBC,"?35,000","? 126,726",2,"?40,00,000",1368,
1,4313,Kerala,"Medical College, Trivandrum",TBRD,AIQ,OBC,"?69,470","? 57,876",1,"?50,00,000",2126,
1,4314,Rajasthan,"SNMC, Jodhpur",GENERAL SURGERY,AIQ,GEN,"?14,093","?87,216",2,"? 10,000,000",3101,
1,4316,Kerala,"Little Flower Hosp, Angamaly",DNBGENERAL MEDICINE,DNB Post MBBS,GEN,"? 125,000","? 55,120",0,? 0,690,
1,4317,Telangana,"Kamineni Hospital, King Koti",DNBRADIO DIAGNOSIS,DNB Post MBBS,GEN,"? 125,000","?67,032",0,? 0,150,
1,4318,Karnataka,"St Philomena's Hosp,Bangalore",DNBGENERAL MEDICINE,DNB Post MBBS,GEN,"? 125,000","? 56,250",0,? 0,371,
1,4320,Maharashtra,"BJMC, Pune",PAEDIATRICS,AIQ,EWS,"?1,57,100","? 93,559",1,"? 5,000,000",1296,
1,4322,Madhya Pradesh,"NSC Bose Med Coll, Jabalpur",PAEDIATRICS,AIQ,GEN,"?1,01,500","? 75,444",1,"?10,00,000",1150,
1,4323,Punjab,"Govt Med Coll, Amritsar",OBG,AIQ,GEN,"?1,25,000","?76,000",2,"?20,00,000",951,
1,4324,Haryana,"Pt BD Sharma, Rohtak",GENERAL MEDICINE,AIQ,SC,"?1,25,000","?1,04,346",0,?0,2080,
1,4325,Tamil Nadu,"Madras Med Coll, Chennai",GENERAL SURGERY,AIQ,OBC,"?50,000","?54,025",2,"?40,00,000",7285,
1,4327,Maharashtra,"Rajarshee CSM Govt MC,Kolhapur",OBG,AIQ,GEN,"?1,57,100","? 93,559",1,"? 5,000,000",665,
1,4328,Kerala,"Medical College, Trivandrum",OBG,AIQ,GEN,"?69,470","? 57,876",1,"?50,00,000",2126,
1,4330,Odisha,"SCB, Cuttack",GENERAL SURGERY,AIQ,GEN,"?35,000","? 73,042",2,"?55,09,464",2106,
1,4331,Jharkhand,"Tata Main Hospital, Jamshedpur",DNBGENERAL MEDICINE,DNB Post MBBS,GEN,"? 125,000","? 52,000",0,? 0,983,
1,4332,Maharashtra,"MGM NewBombay Hosp,Navi Mumbai",DNBGENERAL MEDICINE,DNB Post MBBS,GEN,"? 125,000","? 89,698",0,? 0,400,
1,4333,Uttar Pradesh,"SN Med Coll, Agra",OBG,AIQ,GEN,"?24,000","?1,10,646",2,"?40,00,000",976,
1,4334,Kerala,"Medical Trust Hospital, Kochi",DNBGENERAL MEDICINE,DNB Post MBBS,GEN,"? 125,000","? 57,876",0,? 0,575,
1,4335,Tamil Nadu,Govt Thoothukudi Med Coll,PAEDIATRICS,AIQ,OBC,"?50,000","?54,025",2,"?40,00,000",1212,
1,4336,Maharashtra,"Lokmanya Tilak, Sion, Mumbai",DMRD,AIQ,EWS,"?1,57,100","? 93,559",1,"? 5,000,000",1462,
1,4337,Assam,"Assam Med Coll, Dibrugarh",DERMATOLOGY,AIQ,OBC,"?27,300","?55,200",2,"?20,00,000",1365,
1,4338,Delhi,"VMMC, Delhi",PSYCHIATRY,AIQ,OBC,"?15,000","?1,20,965",1,"? 2,000,000",1550,
1,4340,Maharashtra,"DrHedgewarRugnalaya,Aurangabad",DNBGENERAL MEDICINE,DNB Post MBBS,GEN,"? 125,000","?81,000",0,? 0,500,
1,4341,Maharashtra,"Rajiv Gandhi MedColl,Thane,MUM",DNBGENERAL MEDICINE,DNB Post MBBS,OBC,"? 125,000","?93,359",1,"? 5,000,000",500,
1,4342,Assam,"Assam Med Coll, Dibrugarh",GENERAL MEDICINE,AIQ,OBC,"?27,300","?55,200",2,"?20,00,000",1365,
1,4343,Gujarat,"Govt Med Coll, Surat",ORTHOPAEDICS,AIQ,GEN,"?30,000","? 100,800",1,"?40,00,000",1150,
1,4346,Uttar Pradesh,"JNMC (AMU), Aligarh",OBG,AIQ,GEN,"?54,700","?1,14,975",0,? 0,1269,
1,4348,Maharashtra,"Seth GS, Mumbai",ORTHOPAEDICS,AIQ,SC,"?1,57,100","? 93,559",1,"? 5,000,000",2250,
1,4350,Tamil Nadu,"Madras Med Coll, Chennai",GENERAL SURGERY,AIQ,OBC,"?50,000","?54,025",2,"?40,00,000",7285,
1,4351,Karnataka,"Raichur IMS, Raichur",PAEDIATRICS,AIQ,GEN,"?1,23,400","? 56,250",1,"?50,00,000",500,
1,4352,Tamil Nadu,"ESI PGIMSR, KK Nagar, Chennai",GENERAL SURGERY,AIQ,GEN,"?2,50,000","?1,15,506",2,"?10,00,000",470,
1,4353,Gujarat,"MP Shah, Jamnagar",RADIO DIAGNOSIS,AIQ,SC,"?30,000","? 100,800",1,"?40,00,000",1250,
1,4355,Maharashtra,"KB Bhabha MunicGenHosp, Mumbai",DNBORTHOPAEDICS,DNB Post MBBS,GEN,"? 125,000","? 80,757",0,?0,436,
1,4356,Rajasthan,"RNT, Udaipur",OBG,AIQ,GEN,"?14,093","?87,216",2,"? 15,000,000",2206,
1,4357,Delhi,"Max SS Hosp, Patparganj,Delhi",DNBGENERAL MEDICINE,DNB Post MBBS,GEN,"? 125,000","? 60,000",0,? 0,402,
1,4358,Odisha,"SCB, Cuttack",GENERAL SURGERY,AIQ,GEN,"?35,000","? 73,042",2,"?55,09,464",2106,
1,4359,Delhi,"Lady Hardinge, Delhi",OBG,AIQ,SC,"?16,200","?1,26,927",1,"? 2,000,000",877,
1,4360,Haryana,"BPS Med Coll, Sonepat",DNBGENERAL MEDICINE,DNB Post MBBS,GEN,"? 125,000","? 104,346",0,?0,550,
1,4361,Haryana,"Metro Heart Inst, Faridabad",DNBGENERAL MEDICINE,DNB Post MBBS,GEN,"? 125,000","? 90,208",0,? 0,400,
1,4362,West Bengal,Burdwan Medical College,PAEDIATRICS,AIQ,GEN,"?12,000","? 61,634",3,"?30,00,000",1099,
1,4363,Maharashtra,"GovtMedColl,ChhatrapatiSambhajiNgr",PAEDIATRICS,AIQ,GEN,"?1,57,100","? 93,559",1,"? 5,000,000",1177,
1,4364,Himachal Pradesh,"IGMC, Shimla",OBG,AIQ,GEN,"?24,000","?40,000",2,"?40,00,000",1031,
1,4365,Tamil Nadu,"Kanyakumari Med Coll, Asaripallam",PAEDIATRICS,AIQ,GEN,"?50,000","?54,025",2,"?40,00,000",840,
1,4366,Tamil Nadu,Thanjavur Med Coll,TBRD,AIQ,OBC,"?50,000","?54,025",2,"?40,00,000",1466,
1,4367,Punjab,"Fortis Hospital, Mohali",DNBGENERAL MEDICINE,DNB Post MBBS,GEN,"? 125,000","?76,000",0,? 0,350,
1,4369,Karnataka,"Sankara Eye Hosp, Bangalore",DNBOPHTHALMOLOGY,DNB Post MBBS,GEN,"? 125,000","?56,250",0,? 0,225,
1,4370,Maharashtra,"Saideep Healthcare, Ahmednagar",DNBGENERAL MEDICINE,DNB Post MBBS,GEN,"? 125,000","?64,000",0,? 0,260,
1,4371,Maharashtra,"Sahyadri SS Hosp, Karve Road",DNBGENERAL MEDICINE,DNB Post MBBS,GEN,"? 125,000","? 89,000",0,? 0,225,
1,4374,Tamil Nadu,"Cancer Institute, Adyar,Chennai",DNBRADIO DIAGNOSIS,DNB Post MBBS,GEN,"? 125,000","? 47,000",0,? 0,545,
1,4376,Maharashtra,"Topiwala, Mumbai",PAEDIATRICS,AIQ,EWS,"?1,57,100","? 93,559",1,"? 5,000,000",1300,
1,4377,Rajasthan,"SMS, Jaipur",PAEDIATRICS,AIQ,OBC,"?14,093","?87,216",2,"? 10,000,000",5702,
1,4378,Karnataka,"ESI, Bangalore",OBG,AIQ,GEN,"?2,50,000","?1,14,016",2,"?10,00,000",530,
1,4380,Tamil Nadu,"Kovai MedicalCentre,Coimbatore",DNBANAESTHESIOLOGY,DNB Post MBBS,GEN,"? 125,000","? 48,000",0,? 0,1650,
1,4381,Maharashtra,"MGM NewBombay Hosp,Navi Mumbai",DNBGENERAL MEDICINE,DNB Post MBBS,GEN,"? 125,000","? 89,698",0,? 0,400,
1,4383,West Bengal,"Coll of Med & JNM Hosp, Nadia",DNBDERMATOLOGY,DNB Post MBBS,GEN,"? 125,000","? 61,635",0,? 0,550,
1,4384,Madhya Pradesh,"Bombay Hospital, Indore",DNBGENERAL MEDICINE,DNB Post MBBS,GEN,"? 125,000","? 75,444",0,? 0,350,
1,4385,Kerala,"Caritas Hospital, Kottayam",DNBGENERAL MEDICINE,DNB Post MBBS,GEN,"? 125,000","? 57,876",0,? 0,660,
1,4386,Maharashtra,"GovtMedColl,ChhatrapatiSambhajiNgr",GENERAL SURGERY,AIQ,EWS,"?1,57,100","? 93,559",1,"? 5,000,000",1177,
1,4387,Delhi,"Maharaja Agrasen Hosp, Delhi",DNBGENERAL MEDICINE,DNB Post MBBS,GEN,"? 125,000","? 63,000",0,? 0,400,
1,4389,Karnataka,"Bangalore Med Coll, Bangalore",OPHTHALMOLOGY,AIQ,GEN,"?1,23,400","? 56,250",1,"?50,00,000",1993,
1,4390,Maharashtra,"Topiwala, Mumbai",RADIO DIAGNOSIS,AIQ,SC,"?1,57,100","? 93,559",1,"? 5,000,000",1300,
1,4393,Gujarat,"Govt Med Coll, Surat",OBG,AIQ,GEN,"?30,000","? 100,800",1,"?40,00,000",1150,
1,4395,Karnataka,"Mandya IMS, Mandya",GENERAL SURGERY,AIQ,GEN,"?1,23,400","? 56,250",1,"?50,00,000",910,
1,4396,Maharashtra,"Max Super Spec Hosp, Nagpur",DNBGENERAL MEDICINE,DNB Post MBBS,GEN,"? 125,000","? 76,429",0,? 0,200,
1,4397,Tamil Nadu,"Cancer Institute, Adyar,Chennai",DNBRADIO DIAGNOSIS,DNB Post MBBS,GEN,"? 125,000","? 47,000",0,? 0,545,
1,4398,Gujarat,"PDU Med Coll, Rajkot",PAEDIATRICS,AIQ,GEN,"?30,000","? 100,800",1,"?40,00,000",750,
1,4400,Delhi,"MAMC, Delhi",ORTHOPAEDICS,DU,GEN,"?16,200","?1,32,336",1,"? 2,000,000",2800,
1,4401,Kerala,"KIMS, Trivandrum",DNBGENERAL MEDICINE,DNB Post MBBS,GEN,"? 125,000","? 57,876",0,? 0,650,
1,4402,Odisha,"Ispat Gen Hospital, Rourkela",DNBGENERAL MEDICINE,DNB Post MBBS,GEN,"? 125,000","? 70,686",0,? 0,600,
1,4403,Karnataka,"Kasturba Med Coll, Mangalore",DERMATOLOGY,MNG,GEN,"?28,70,000","? 56,250",0,? 0,1290,
1,4404,Karnataka,"ESI, Bangalore",GENERAL SURGERY,AIQ,GEN,"?2,50,000","?1,14,016",2,"?10,00,000",530,
1,4405,Assam,"Health City Hospital, Guwahati",DNBRADIO DIAGNOSIS,DNB Post MBBS,GEN,"? 125,000","? 52,000",0,? 0,200,
1,4406,Maharashtra,"Rajarshee CSM Govt MC,Kolhapur",PAEDIATRICS,AIQ,GEN,"?1,57,100","? 93,559",1,"? 5,000,000",665,
1,4408,Maharashtra,"MGM NewBombay Hosp,Navi Mumbai",DNBGENERAL MEDICINE,DNB Post MBBS,GEN,"? 125,000","? 89,698",0,? 0,400,
1,4410,Karnataka,"Shimoga IMS, Shimoga",OBG,AIQ,GEN,"?1,23,400","? 56,250",1,"?50,00,000",950,
1,4413,Rajasthan,"SNMC, Jodhpur",OBG,AIQ,GEN,"?14,093","?87,216",2,"? 15,000,000",3101,
1,4415,Uttar Pradesh,"LLRM Med Coll, Meerut",GENERAL SURGERY,AIQ,GEN,"?24,000","?1,10,646",2,"?40,00,000",1090,
1,4417,West Bengal,"IPGMER, Kolkata",GENERAL MEDICINE,AIQ,SC,"?12,000","? 61,634",3,"?30,00,000",2300,
1,4418,Maharashtra,"Pimpri Chinchwad, Pimpri",ORTHOPAEDICS,AIQ,GEN,"?1,57,100","? 93,559",1,"? 5,000,000",750,
1,4419,Karnataka,"Gulbarga IMS, Gulbarga",PAEDIATRICS,AIQ,GEN,"?1,23,400","? 56,250",1,"?50,00,000",873,
1,4420,Telangana,"NIMS, Hyderabad",EMERGENCY MEDICINE,AIQ,EWS,"?72,000","? 116,844",1,"? 2,000,000",1498,
1,4421,Madhya Pradesh,"NSC Bose Med Coll, Jabalpur",PAEDIATRICS,AIQ,GEN,"?1,01,500","? 75,444",1,"?10,00,000",1150,
1,4422,Delhi,"Lady Hardinge, Delhi",OBG,DU,GEN,"?16,200","?1,26,927",1,"? 2,000,000",877,
1,4424,Delhi,"Holy Family Hospital, Delhi",DNBPAEDIATRICS,DNB Post MBBS,GEN,"? 125,000","? 82,150",0,? 0,345,
1,4425,Punjab,"Govt Med Coll, Patiala",ORTHOPAEDICS,AIQ,GEN,"?1,25,000","?76,000",2,"?20,00,000",1130,
1,4426,Karnataka,"SparshHosp,RajarajeshwariNgr,BLR",DNBRADIO DIAGNOSIS,DNB Post MBBS,GEN,"? 125,000","?52,000",0,? 0,400,
1,4427,Karnataka,"Kasturba Med Coll, Manipal",GENERAL MEDICINE,MNG,GEN,"?27,92,000","? 56,250",0,? 0,2032,
1,4428,Andhra Pradesh,"Guntur Med Coll, Guntur",GENERAL MEDICINE,AIQ,SC,"?30,000","? 60,823",0,?0,1170,
1,4429,Odisha,"Apollo Hospital, Bhubaneswar",DNBGENERAL MEDICINE,DNB Post MBBS,GEN,"? 125,000","? 66,916",0,? 0,350,
1,4431,Gujarat,"Govt Med Coll, Bhavnagar",PAEDIATRICS,AIQ,GEN,"?30,000","? 100,800",1,"?40,00,000",720,
1,4432,Telangana,"Kakatiya Med Coll, Warangal",PAEDIATRICS,AIQ,OBC,"?15,000","? 67,032",1,"? 2,000,000",1150,
1,4433,Karnataka,"Shimoga IMS, Shimoga",GENERAL SURGERY,AIQ,GEN,"?1,23,400","? 56,250",1,"?50,00,000",950,
1,4434,Tamil Nadu,Coimbatore Med Coll,OBG,AIQ,GEN,"?50,000","?54,025",2,"?40,00,000",1182,
1,4435,Delhi,"Dr Baba Saheb Ambedkar, Delhi",DNBOBG,DNB Post MBBS,GEN,"? 125,000","? 126,927",1,"?20,00,000",500,
1,4436,Jammu and Kashmir,"Sher-I-Kashmir, Srinagar",DERMATOLOGY,AIQ,OBC,"?11,000","? 80,000",0,?0,1200,
1,4437,Madhya Pradesh,"Gajra Raja Med Coll, Gwalior",OBG,AIQ,GEN,"?1,01,500","? 75,444",1,"?10,00,000",1100,
1,4439,Karnataka,"Kasturba Med Coll, Mangalore",DERMATOLOGY,MNG,GEN,"?28,70,000","? 56,250",0,? 0,1290,
1,4440,Uttarakhand,"VCSG MedCollHosp,PauriGarhwal",DNBDERMATOLOGY,DNB Post MBBS,GEN,"? 125,000","? 76,600",2,"? 25,000,000",774,
1,4441,Gujarat,"Govt Med Coll, Surat",GENERAL SURGERY,AIQ,EWS,"?30,000","? 100,800",1,"?40,00,000",1150,
1,4442,Kerala,"Medical College, Trivandrum",GENERAL SURGERY,AIQ,OBC,"?69,470","? 57,876",1,"?50,00,000",2126,
1,4444,Delhi,"National Inst of TBRD,Delhi",DNBTBRD,DNB Post MBBS,GEN,"? 125,000","? 126,927",0,?0,470,
1,4445,Tamil Nadu,"Dr Kamakshi Mem, Chennai",DNBRADIO DIAGNOSIS,DNB Post MBBS,GEN,"? 125,000","? 48,000",0,? 0,300,
1,4447,Telangana,"Omega Hosp,Gachibowli,Telangana",DNBRADIO DIAGNOSIS,DNB Post MBBS,GEN,"? 125,000","?67,032",0,? 0,200,
1,4448,Uttar Pradesh,"GSVM Med Coll, Kanpur",OBG,AIQ,GEN,"?24,000","?1,10,646",2,"?40,00,000",2083,
1,4449,Rajasthan,"SNMC, Jodhpur",GENERAL SURGERY,AIQ,GEN,"?14,093","?87,216",2,"? 10,000,000",3101,
1,4450,Maharashtra,"SethVCGandhi Mun Gen Hos,Mumbai",DNBGENERAL MEDICINE,DNB Post MBBS,GEN,"? 125,000","? 80,757",0,?0,596,
1,4451,Gujarat,"GMERS MedColl Hosp,Patan",DMRD(NBEMS),NBE Diploma,GEN,"? 125,000","? 75,600",0,? 0,723,
1,4453,Maharashtra,"Grant Med Coll, Mumbai",OPHTHALMOLOGY,AIQ,GEN,"?1,57,100","? 93,559",1,"? 5,000,000",2844,
1,4454,Telangana,"Care Hospital, Banjara Hills",DNBGENERAL MEDICINE,DNB Post MBBS,GEN,"? 125,000","?67,032",0,? 0,444,
1,4455,Gujarat,"BJMC, Ahmedabad",ORTHOPAEDICS,AIQ,OBC,"?30,000","? 100,800",1,"?40,00,000",1557,
1,4456,Uttar Pradesh,"KGMU, Lucknow",PAEDIATRICS,AIQ,OBC,"?54,700","? 126,725",2,"?40,00,000",4500,
1,4458,Delhi,"Lady Hardinge, Delhi",PAEDIATRICS,DU,OBC,"?16,200","?1,26,927",1,"? 2,000,000",877,
1,4459,Kerala,"Caritas Hospital, Kottayam",DNBGENERAL MEDICINE,DNB Post MBBS,GEN,"? 125,000","? 57,876",0,? 0,660,
1,4461,Karnataka,"Gulbarga IMS, Gulbarga",PAEDIATRICS,AIQ,GEN,"?1,23,400","? 56,250",1,"?50,00,000",873,
1,4462,Andhra Pradesh,"Medicover Hosp MVP, ViZAG",DNBRADIO DIAGNOSIS,DNB Post MBBS,GEN,"? 125,000","? 60,823",0,? 0,500,
1,4463,West Bengal,"Govt. Med College, Kolkata",DERMATOLOGY,AIQ,EWS,"?12,000","? 61,634",3,"?30,00,000",2668,
1,4464,Maharashtra,"Pimpri Chinchwad, Pimpri",OBG,AIQ,GEN,"?1,57,100","? 93,559",1,"? 5,000,000",750,
1,4465,Uttar Pradesh,"JNMC (AMU), Aligarh",PAEDIATRICS,AMU,GEN,"?54,700","?1,14,975",0,? 0,1269,
1,4466,Tamil Nadu,"Stanley Med Coll, Chennai",ENT,AIQ,OBC,"?50,000","?54,025",2,"?40,00,000",1661,
1,4467,Maharashtra,"Deenanath Mangeshkar, Pune",DNBOPHTHALMOLOGY,DNB Post MBBS,GEN,"? 125,000","? 89,698",0,? 0,876,
1,4468,Tamil Nadu,"Dr Rela Inst, Chrompet,Chennai",DNBRADIO DIAGNOSIS,DNB Post MBBS,GEN,"? 125,000","? 50,000",0,? 0,450,
1,4469,Assam,"Apollo Excelcare Hosp, Guwahati",DNBRADIO DIAGNOSIS,DNB Post MBBS,GEN,"? 125,000","?56,500",0,? 0,178,
1,4473,Tamil Nadu,"Christian F Hosp, Oddanchatram",DNBGENERAL MEDICINE,DNB Post MBBS,GEN,"? 125,000","? 48,000",0,? 0,299,
1,4475,Maharashtra,"BVDU, Pune",DERMATOLOGY,MNG,GEN,"?44,56,850","? 86,000",1,"? 1,200,000",856,
1,4476,Maharashtra,"Tata Memorial, Mumbai",RADIATION ONCOLOGY,AIQ,GEN,"?1,05,500","? 105,840",1,"?25,00,000",614,
1,4477,Delhi,"Dr Baba Saheb Ambedkar, Delhi",DNBPAEDIATRICS,DNB Post MBBS,GEN,"? 125,000","? 126,927",1,"?20,00,000",500,
1,4478,Andhra Pradesh,"Rangaraya Med Coll, Kakinada",PAEDIATRICS,AIQ,EWS,"?30,000","? 60,823",0,?0,1450,
1,4479,Maharashtra,"Tata Memorial, Mumbai",RADIATION ONCOLOGY,AIQ,GEN,"?1,05,500","? 105,840",1,"?25,00,000",614,
1,4481,Telangana,"Kakatiya Med Coll, Warangal",PAEDIATRICS,AIQ,OBC,"?15,000","? 67,032",1,"? 2,000,000",1150,
1,4484,Maharashtra,"Grant Med Coll, Mumbai",PAEDIATRICS,AIQ,OBC,"?1,57,100","? 93,559",1,"? 5,000,000",2844,
1,4485,Telangana,"Osmania Med Coll, Hyderabad",OBG,AIQ,OBC,"?15,000","? 67,032",1,"? 2,000,000",4800,
1,4486,Karnataka,"VIMS, Bellary",PAEDIATRICS,AIQ,OBC,"?1,23,400","? 56,250",1,"?50,00,000",1295,
1,4490,Maharashtra,"SahyadriSuperSpecHosp, Pune, MH",DNBGENERAL MEDICINE,DNB Post MBBS,GEN,"? 125,000","? 89,000",0,? 0,301,
1,4491,Odisha,"SCB, Cuttack",PAEDIATRICS,AIQ,OBC,"?35,000","? 73,042",2,"?55,09,464",2106,
1,4492,Chhattisgarh,"Pt JNM Med Coll, Raipur",PAEDIATRICS,AIQ,GEN,"?20,000","? 67,500",2,"?50,00,000",1246,
1,4493,Tamil Nadu,"Kauvery Hospital, Chennai",DNBRADIO DIAGNOSIS,DNB Post MBBS,GEN,"? 125,000","? 48,000",0,? 0,300,
1,4494,Tamil Nadu,"Madras Med Coll, Chennai",GENERAL SURGERY,AIQ,OBC,"?50,000","?54,025",2,"?40,00,000",7285,
1,4495,Maharashtra,"PD Hinduja, Mumbai",DNBNEUROSURGERY 6 YRS,DNB Post MBBS,GEN,"? 125,000","? 89,700",0,? 0,400,
1,4496,Gujarat,"GMERS MedColl Hosp,Himmatnagar",DMRD(NBEMS),NBE Diploma,GEN,"? 125,000","? 75,600",0,? 0,750,
1,4497,Maharashtra,"MGIMS, Wardha",OBG,AIQ,GEN,"?1,57,100","? 93,559",1,"? 5,000,000",1000,
1,4499,Rajasthan,"RNT, Udaipur",OBG,AIQ,GEN,"?14,093","?87,216",2,"? 15,000,000",2206,
1,4500,Rajasthan,"SMS, Jaipur",GENERAL SURGERY,AIQ,OBC,"?14,093","?87,216",2,"? 10,000,000",5702,
1,4502,Madhya Pradesh,"Gajra Raja Med Coll, Gwalior",PAEDIATRICS,AIQ,GEN,"?1,01,500","? 75,444",1,"?10,00,000",1100,
1,4503,Uttar Pradesh,"IMS(BHU), Varanasi",ORTHOPAEDICS,AIQ,OBC,"?48,226","?1,12,054",0,? 0,2424,
1,4504,Karnataka,"Hassan IMS, Hassan",OPHTHALMOLOGY,AIQ,GEN,"?1,23,400","? 56,250",1,"?50,00,000",Info Not Available,
1,4505,Tamil Nadu,Coimbatore Med Coll,GENERAL SURGERY,AIQ,GEN,"?50,000","?54,025",2,"?40,00,000",1182,
1,4506,Karnataka,"Apollo Hosp, Bannerghatta, BLR",DNBGENERAL MEDICINE,DNB Post MBBS,GEN,"? 125,000","? 56,250",0,? 0,350,
1,4507,Andhra Pradesh,"Medicover Hosp MVP, ViZAG",DNBRADIO DIAGNOSIS,DNB Post MBBS,GEN,"? 125,000","? 60,823",0,? 0,500,
1,4508,Tamil Nadu,"Kilpauk Med Coll, Chennai",TBRD,AIQ,GEN,"?50,000","?54,025",2,"?40,00,000",1700,
1,4510,Delhi,"VP Chest Institute, Delhi",TBRD,AIQ,OBC,"?16,200","?1,32,336",1,"? 2,000,000",128,
1,4511,Tamil Nadu,"ESI PGIMSR, KK Nagar, Chennai",GENERAL SURGERY,AIQ,GEN,"?2,50,000","?1,15,506",2,"?10,00,000",470,
1,4512,Maharashtra,"DrBSAmbedkar MunGenHosp, Mumbai",DNBGENERAL MEDICINE,DNB Post MBBS,OBC,"? 125,000","? 80,757",0,?0,444,
1,4513,Karnataka,"Sri Shankara Cancer Hosp, BLR",DNBRADIO DIAGNOSIS,DNB Post MBBS,GEN,"? 125,000","?56,250",0,? 0,500,
1,4514,Gujarat,"BJMC, Ahmedabad",EMERGENCY MEDICINE,AIQ,GEN,"?30,000","? 100,800",1,"?40,00,000",1557,
1,4515,Maharashtra,"Grant Med Coll, Mumbai",PSYCHIATRY,AIQ,GEN,"?1,57,100","? 93,559",1,"? 5,000,000",2844,
1,4516,Maharashtra,"Seth GS, Mumbai",GENERAL MEDICINE,AIQ,ST,"?1,57,100","? 93,559",1,"? 5,000,000",2250,
1,4517,Telangana,"ESIC Med Coll,Sanath Nagar",EMERGENCY MEDICINE,AIQ,OBC,"?2,50,000","? 130,653",2,"?10,00,000",690,
1,4518,Tamil Nadu,Govt Dharmapuri Med Coll,PAEDIATRICS,AIQ,GEN,"?50,000","?54,025",2,"?40,00,000",Info Not Available,
1,4523,Odisha,"SCB, Cuttack",PAEDIATRICS,AIQ,OBC,"?35,000","? 73,042",2,"?55,09,464",2106,
1,4525,Telangana,"Kakatiya Med Coll, Warangal",PAEDIATRICS,AIQ,EWS,"?15,000","? 67,032",1,"? 2,000,000",1150,
1,4526,Tamil Nadu,"Madras Med Coll, Chennai",DERMATOLOGY,AIQ,EWS,"?50,000","?54,025",2,"?40,00,000",7285,
1,4527,Karnataka,"Shimoga IMS, Shimoga",PAEDIATRICS,AIQ,OBC,"?1,23,400","? 56,250",1,"?50,00,000",950,
1,4528,Assam,"Gauhati Med Coll, Guwahati",GENERAL SURGERY,AIQ,GEN,"?27,300","?55,200",2,"?20,00,000",2185,
1,4529,Jammu and Kashmir,"Govt Med Coll Hosp, Anantnag",DNBDERMATOLOGY,DNB Post MBBS,GEN,"? 125,000","? 59,500",0,? 0,363,
1,4530,Pondicherry,"IGMC & RI, Pondicherry",DERMATOLOGY,AIQ,EWS,"?1,10,000","? 43,000",0,? 0,750,
1,4532,Tamil Nadu,"Vadamalayan Hospital, Madurai",DNBRADIO DIAGNOSIS,DNB Post MBBS,GEN,"? 125,000","? 48,000",0,? 0,200,
1,4535,Kerala,"Mar Sleeva Medicity, Kottayam",DNBGENERAL MEDICINE,DNB Post MBBS,GEN,"? 125,000","? 60,000",0,? 0,648,
1,4536,Karnataka,"KIMS, Hubli",OBG,AIQ,OBC,"?1,23,400","? 56,250",1,"?50,00,000",1200,
1,4538,Karnataka,"Kasturba Med Coll, Manipal",DERMATOLOGY,MNG,GEN,"?28,70,000","? 56,250",0,? 0,2032,
1,4539,Delhi,"MAMC, Delhi",PAEDIATRICS,DU,OBC,"?16,200","?1,32,336",1,"? 2,000,000",2800,
1,4540,Kerala,"Medical College, Trivandrum",GENERAL SURGERY,AIQ,OBC,"?69,470","? 57,876",1,"?50,00,000",2126,
1,4541,Karnataka,"Sri Shankara Cancer Hosp, BLR",DNBRADIO DIAGNOSIS,DNB Post MBBS,GEN,"? 125,000","?56,250",0,? 0,500,
1,4542,Kerala,"Govt Med Coll, Thrissur",OBG,AIQ,GEN,"?69,470","? 57,876",1,"?50,00,000",1400,
1,4543,Karnataka,"Bangalore Med Coll, Bangalore",GENERAL SURGERY,AIQ,OBC,"?1,23,400","? 56,250",1,"?50,00,000",1993,
1,4545,Chhattisgarh,"VedantaMedResFoun-BALCO,Raipur",DNBNUCLEAR MEDICINE,DNB Post MBBS,GEN,"? 125,000","?1,00,000",0,? 0,170,
1,4546,Odisha,"PGIMER&CapitalHosp,Bhubaneswar",TBRD,AIQ,GEN,"?35,000","? 73,042",2,"?55,09,464",760,
1,4547,Gujarat,"Govt Med Coll, Surat",ORTHOPAEDICS,AIQ,GEN,"?30,000","? 100,800",1,"?40,00,000",1150,
1,4549,Maharashtra,"GovtMedColl,ChhatrapatiSambhajiNgr",OBG,AIQ,OBC,"?1,57,100","? 93,559",1,"? 5,000,000",1177,
1,4550,West Bengal,Burdwan Medical College,PAEDIATRICS,AIQ,GEN,"?12,000","? 61,634",3,"?30,00,000",1099,
1,4551,Bihar,"Patna Med Coll, Patna",OBG,AIQ,GEN,"?9,000","? 82,000",2,"?25,00,000",1748,
1,4552,Jammu and Kashmir,"Govt Med Coll, Jammu",RADIO DIAGNOSIS,AIQ,SC,"?25,000","? 63,240",0,?0,2663,
1,4553,Uttar Pradesh,"KGMU, Lucknow",GENERAL SURGERY,AIQ,OBC,"?54,700","? 126,725",2,"?40,00,000",4500,
1,4554,Kerala,"Little Flower Hosp, Angamaly",DNBGENERAL MEDICINE,DNB Post MBBS,GEN,"? 125,000","? 55,120",0,? 0,690,
1,4555,Karnataka,"Kasturba Med Coll, Manipal",RADIO DIAGNOSIS,MNG,GEN,"?33,98,000","? 56,250",0,? 0,2032,
1,4556,West Bengal,"College of Med & SDH, Kolkata",PAEDIATRICS,AIQ,GEN,"?12,000","? 61,634",3,"?30,00,000",500,
1,4557,Delhi,"Jaipur Golden Hospital, Delhi",DNBGENERAL MEDICINE,DNB Post MBBS,GEN,"? 125,000","? 70,000",0,? 0,242,
1,4558,Andhra Pradesh,"Medicover Hosp MVP, ViZAG",DNBRADIO DIAGNOSIS,DNB Post MBBS,GEN,"? 125,000","? 60,823",0,? 0,500,
1,4559,Maharashtra,"Saideep Healthcare, Ahmednagar",DNBGENERAL MEDICINE,DNB Post MBBS,GEN,"? 125,000","?64,000",0,? 0,260,
1,4560,Kerala,"Govt Med Coll, Kottayam",ORTHOPAEDICS,AIQ,GEN,"?69,470","? 57,876",1,"?50,00,000",2094,
1,4561,Uttar Pradesh,"IMS(BHU), Varanasi",GENERAL MEDICINE,AIQ,SC,"?48,226","?1,12,054",0,? 0,2424,
1,4562,West Bengal,"RG Kar Med Coll, Kolkata",GENERAL SURGERY,AIQ,GEN,"?12,000","? 61,634",3,"?30,00,000",1663,
1,4563,Haryana,"BPS Med Coll, Sonepat",DNBGENERAL MEDICINE,DNB Post MBBS,EWS,"? 125,000","? 104,346",0,?0,550,
1,4565,Gujarat,"PDU Med Coll, Rajkot",OBG,AIQ,GEN,"?30,000","? 100,800",1,"?40,00,000",750,
1,4566,Uttar Pradesh,"JNMC (AMU), Aligarh",GENERAL SURGERY,AIQ,OBC,"?54,700","?1,14,975",0,? 0,1269,
1,4567,Maharashtra,"VMMC, Solapur",GENERAL SURGERY,AIQ,GEN,"?1,57,100","? 93,559",1,"? 5,000,000",763,
1,4568,Gujarat,"BJMC, Ahmedabad",OBG,AIQ,EWS,"?30,000","? 100,800",1,"?40,00,000",1557,
1,4570,Andhra Pradesh,"Kurnool Med Coll, Kurnool",PAEDIATRICS,AIQ,GEN,"?30,000","? 60,823",0,?0,1150,
1,4571,Maharashtra,"BJMC, Pune",OBG,AIQ,OBC,"?1,57,100","? 93,559",1,"? 5,000,000",1296,
1,4572,Maharashtra,"Asian IMS, Dombivli (E)",DNBGENERAL MEDICINE,DNB Post MBBS,GEN,"? 125,000","?83,000",0,? 0,Info Not Available,
1,4573,Maharashtra,"SahyadriSuperSpecHosp, Pune, MH",DNBGENERAL MEDICINE,DNB Post MBBS,GEN,"? 125,000","? 89,000",0,? 0,301,
1,4574,Rajasthan,"SMS, Jaipur",RADIO DIAGNOSIS,AIQ,SC,"?14,093","?87,216",2,"? 15,000,000",5702,
1,4575,Maharashtra,"Grant Med Coll, Mumbai",ORTHOPAEDICS,AIQ,OBC,"?1,57,100","? 93,559",1,"? 5,000,000",2844,
1,4576,Rajasthan,"JLNMC, Ajmer",PAEDIATRICS,AIQ,GEN,"?14,093","?87,216",2,"? 10,000,000",1428,
1,4577,Karnataka,"Bangalore Med Coll, Bangalore",OPHTHALMOLOGY,AIQ,GEN,"?1,23,400","? 56,250",1,"?50,00,000",1993,
1,4579,Rajasthan,"SP Med Coll, Bikaner",GENERAL SURGERY,AIQ,GEN,"?14,093","?87,216",2,"? 10,000,000",1570,
1,4580,Andhra Pradesh,"Rangaraya Med Coll, Kakinada",GENERAL SURGERY,AIQ,GEN,"?30,000","? 60,823",0,?0,1450,
1,4582,Andhra Pradesh,"Lalitha SS Hospital, Guntur",DNBRADIO DIAGNOSIS,DNB Post MBBS,GEN,"? 125,000","? 60,900",0,? 0,250,
1,4584,Kerala,"Medical College, Trivandrum",PMR,AIQ,GEN,"?69,470","? 57,876",1,"?50,00,000",2126,
1,4585,Rajasthan,"SNMC, Jodhpur",OBG,AIQ,GEN,"?14,093","?87,216",2,"? 15,000,000",3101,
1,4586,West Bengal,Murshidabad Med Coll,RADIO DIAGNOSIS,AIQ,EWS,"?12,000","? 61,634",3,"?30,00,000",1208,
1,4587,Kerala,"Medical College, Trivandrum",OPHTHALMOLOGY,AIQ,GEN,"?69,470","? 57,876",1,"?50,00,000",2126,
1,4588,Rajasthan,"SMS, Jaipur",OPHTHALMOLOGY,AIQ,GEN,"?14,093","?87,216",2,"? 10,000,000",5702,
1,4596,Delhi,"MAMC, Delhi",OBG,DU,EWS,"?16,200","?1,32,336",1,"? 2,000,000",2800,
1,4597,Gujarat,"HCG Hosp,Ellisbridge,Ahmedabad",DNBGENERAL MEDICINE,DNB Post MBBS,GEN,"? 125,000","? 84,000",0,? 0,151,
1,4599,Uttar Pradesh,"KGMU, Lucknow",PSYCHIATRY,AIQ,GEN,"?54,700","? 126,725",2,"?40,00,000",4500,
1,4601,Tamil Nadu,"Dr Kamakshi Mem, Chennai",DNBRADIO DIAGNOSIS,DNB Post MBBS,GEN,"? 125,000","? 48,000",0,? 0,300,
1,4602,Maharashtra,"Kokilaben Dhirubhai Ambani,MUM",DNBPAEDIATRICS,DNB Post MBBS,GEN,"? 125,000","?85,000",0,? 0,550,
1,4603,Uttar Pradesh,"Vivekananda Polyclinic,Lucknow",DNBGENERAL MEDICINE,DNB Post MBBS,GEN,"? 125,000","? 61,100",0,? 0,350,
1,4605,West Bengal,"Manipal Hospital,EM Bypass,Kolkata",DNBGENERAL MEDICINE,DNB Post MBBS,GEN,"? 125,000","?61,634",0,? 0,500,
1,4606,Delhi,"ESI Hospital,Basaidarapur",DMRD(NBEMS),NBE Diploma,GEN,"? 125,000","? 130,846",2,"?10,00,000",600,
1,4607,Odisha,"SCB, Cuttack",OBG,AIQ,OBC,"?35,000","? 73,042",2,"?55,09,464",2106,
1,4608,Karnataka,"Shimoga IMS, Shimoga",OBG,AIQ,GEN,"?1,23,400","? 56,250",1,"?50,00,000",950,
1,4609,Uttar Pradesh,"SN Med Coll, Agra",GENERAL SURGERY,AIQ,GEN,"?24,000","?1,10,646",2,"?40,00,000",976,
1,4610,Gujarat,"PDU Med Coll, Rajkot",GENERAL SURGERY,AIQ,GEN,"?30,000","? 100,800",1,"?40,00,000",750,
1,4611,Assam,"Assam Med Coll, Dibrugarh",RADIO DIAGNOSIS,AIQ,SC,"?27,300","?55,200",2,"?20,00,000",1365,
1,4613,Maharashtra,"VMMC, Solapur",GENERAL SURGERY,AIQ,GEN,"?1,57,100","? 93,559",1,"? 5,000,000",763,
1,4614,Tamil Nadu,"Madurai Med Coll, Madurai",GENERAL SURGERY,AIQ,OBC,"?50,000","?54,025",2,"?40,00,000",3518,
1,4615,Delhi,"Hindu Rao Hospital, Delhi",DNBPAEDIATRICS,DNB Post MBBS,GEN,"? 125,000","? 139,680",1,"?20,00,000",980,
1,4618,Kerala,"Valluvanad Hosp, Ottapalam",DNBRADIO DIAGNOSIS,DNB Post MBBS,GEN,"? 125,000","? 57,876",0,? 0,205,
1,4620,Odisha,"VIMSAR, Burla",GENERAL SURGERY,AIQ,GEN,"?35,000","? 73,042",2,"?55,09,464",1071,
1,4621,Karnataka,"Sri Shankara Cancer Hosp, BLR",DNBRADIO DIAGNOSIS,DNB Post MBBS,GEN,"? 125,000","?56,250",0,? 0,500,
1,4622,Punjab,"Guru Govind Singh, Faridkot",DERMATOLOGY,AIQ,EWS,"?1,25,000","?76,000",2,"?20,00,000",1025,
1,4624,Maharashtra,"Grant Med Coll, Mumbai",OBG,AIQ,OBC,"?1,57,100","? 93,559",1,"? 5,000,000",2844,
1,4625,West Bengal,"Healthworld Hospital, Durgapur",DNBRADIO DIAGNOSIS,DNB Post MBBS,GEN,"? 125,000","? 61,635",0,? 0,300,
1,4626,Madhya Pradesh,"MGM Med Coll, Indore",ORTHOPAEDICS,AIQ,GEN,"?1,01,500","? 75,444",1,"?10,00,000",1300,
1,4628,Jharkhand,"Tata Main Hospital, Jamshedpur",DNBGENERAL MEDICINE,DNB Post MBBS,GEN,"? 125,000","? 52,000",0,? 0,983,
1,4630,Delhi,"Lady Hardinge, Delhi",RADIO DIAGNOSIS,DU,SC,"?16,200","?1,26,927",1,"? 2,000,000",877,
1,4632,Tamil Nadu,"Vadamalayan Hospital, Madurai",DNBRADIO DIAGNOSIS,DNB Post MBBS,GEN,"? 125,000","? 48,000",0,? 0,200,
1,4633,Karnataka,"KIMS, Hubli",GENERAL SURGERY,AIQ,GEN,"?1,23,400","? 56,250",1,"?50,00,000",1200,
1,4634,Tamil Nadu,"Naruvi Hospitals, Vellore, TN",DNBRADIO DIAGNOSIS,DNB Post MBBS,GEN,"? 125,000","? 48,000",0,? 0,475,
1,4635,Tamil Nadu,Govt Thiruvannamalai Med Coll,PAEDIATRICS,AIQ,GEN,"?50,000","?54,025",2,"?40,00,000",500,
1,4637,Gujarat,"BJMC, Ahmedabad",OPHTHALMOLOGY,AIQ,GEN,"?30,000","? 100,800",1,"?40,00,000",1557,
1,4639,Tamil Nadu,"Arvind Eye Hosp, Coimbatore",DNBOPHTHALMOLOGY,DNB Post MBBS,GEN,"? 125,000","? 48,000",0,? 0,450,
1,4640,Karnataka,"KIMS, Hubli",ORTHOPAEDICS,AIQ,GEN,"?1,23,400","? 56,250",1,"?50,00,000",1200,
1,4641,Tamil Nadu,"Royal Care SS Hosp, Coimbatore",DNBGENERAL MEDICINE,DNB Post MBBS,GEN,"? 125,000","? 48,000",0,? 0,401,
1,4642,Maharashtra,"Seth GS, Mumbai",ANAESTHESIOLOGY,AIQ,GEN,"?1,57,100","? 93,559",1,"? 5,000,000",2250,
1,4643,Tamil Nadu,"Madras Med Coll, Chennai",ANAESTHESIOLOGY,AIQ,GEN,"?50,000","?54,025",2,"?40,00,000",7285,
1,4644,West Bengal,"Manipal Hospital,EM Bypass,Kolkata",DNBGENERAL MEDICINE,DNB Post MBBS,GEN,"? 125,000","?61,634",0,? 0,500,
1,4645,Karnataka,"ESI, Bangalore",OBG,AIQ,GEN,"?2,50,000","?1,14,016",2,"?10,00,000",530,
1,4646,Karnataka,"Sagar Hosp, Jayanagar, BLR",DNBRADIO DIAGNOSIS,DNB Post MBBS,GEN,"? 125,000","? 56,250",0,? 0,200,
1,4647,Madhya Pradesh,"Gajra Raja Med Coll, Gwalior",PAEDIATRICS,AIQ,GEN,"?1,01,500","? 75,444",1,"?10,00,000",1100,
1,4648,Madhya Pradesh,"Bombay Hospital, Indore",DNBGENERAL MEDICINE,DNB Post MBBS,GEN,"? 125,000","? 75,444",0,? 0,350,
1,4650,Himachal Pradesh,"IGMC, Shimla",PAEDIATRICS,AIQ,GEN,"?24,000","?40,000",2,"?40,00,000",1031,
1,4651,Gujarat,"Medical College, Baroda",GENERAL SURGERY,AIQ,EWS,"?30,000","? 100,800",1,"?40,00,000",1250,
1,4654,Delhi,"UCMS, Delhi",OBG,DU,GEN,"?47,220","?1,32,336",1,"? 2,000,000",1000,
1,4655,Haryana,"SHKM Gov Med Coll, Nuh",DNBGENERAL MEDICINE,DNB Post MBBS,GEN,"? 125,000","?1,04,346",0,?0,647,
1,4656,Rajasthan,"SMS, Jaipur",PAEDIATRICS,AIQ,OBC,"?14,093","?87,216",2,"? 10,000,000",5702,
1,4657,Telangana,"NIMS, Hyderabad",ORTHOPAEDICS,AIQ,GEN,"?72,000","? 116,844",1,"? 2,000,000",1498,
1,4658,Rajasthan,"SMS, Jaipur",RADIO DIAGNOSIS,AIQ,ST,"?14,093","?87,216",2,"? 15,000,000",5702,
1,4659,West Bengal,"Narayana SS Hospital, Howrah",DNBRADIO DIAGNOSIS,DNB Post MBBS,GEN,"? 125,000","? 61,396",0,? 0,288,
1,4660,Uttar Pradesh,"KGMU, Lucknow",PAEDIATRICS,AIQ,OBC,"?54,700","? 126,725",2,"?40,00,000",4500,
1,4661,West Bengal,"Narayana SS Hospital, Howrah",DNBRADIO DIAGNOSIS,DNB Post MBBS,GEN,"? 125,000","? 61,396",0,? 0,288,
1,4662,Delhi,"ESIC Hospital, Okhla",DNBGENERAL MEDICINE,DNB Post MBBS,GEN,"? 125,000","? 130,653",2,"?10,00,000",350,
1,4663,Tamil Nadu,"Rajah Muthiah, Annamalainagar",PAEDIATRICS,AIQ,GEN,"?50,000","?54,025",2,"?40,00,000",1400,
1,4664,Maharashtra,"Govt Med Coll, Miraj",PAEDIATRICS,AIQ,GEN,"?1,57,100","? 93,559",1,"? 5,000,000",725,
1,4665,Tamil Nadu,"SRMC & RI, Chennai",RADIO DIAGNOSIS,MNG,GEN,"?32,00,000","? 48,000",0,? 0,1800,
1,4669,Kerala,"Caritas Hospital, Kottayam",DNBGENERAL MEDICINE,DNB Post MBBS,GEN,"? 125,000","? 57,876",0,? 0,660,
1,4671,Delhi,"Chacha Nehru Bal Chikit, Delhi",PAEDIATRICS,AIQ,EWS,"?35,000","?1,10,652",1,"? 2,000,000",221,
1,4672,Uttar Pradesh,"IMS(BHU), Varanasi",TBRD,AIQ,OBC,"?48,226","?1,12,054",0,? 0,2424,
1,4673,Kerala,"Govt Med Coll, Thrissur",ORTHOPAEDICS,AIQ,GEN,"?69,470","? 57,876",1,"?50,00,000",1400,
1,4675,West Bengal,Calcutta National Med Coll,GENERAL MEDICINE,AIQ,OBC,"?12,000","? 61,634",3,"?30,00,000",1470,
1,4676,Uttar Pradesh,"Dr RML IMS, Lucknow",OBG,AIQ,OBC,"?35,000","? 126,726",2,"?40,00,000",1368,
1,4677,Andhra Pradesh,"Guntur Med Coll, Guntur",OBG,AIQ,GEN,"?30,000","? 60,823",0,?0,1170,
1,4678,Haryana,"Pt BD Sharma, Rohtak",PAEDIATRICS,AIQ,OBC,"?1,25,000","?1,04,346",0,?0,2080,
1,4679,West Bengal,Calcutta National Med Coll,ORTHOPAEDICS,AIQ,GEN,"?12,000","? 61,634",3,"?30,00,000",1470,
1,4680,Maharashtra,"Tata Memorial, Mumbai",RADIATION ONCOLOGY,AIQ,GEN,"?1,05,500","? 105,840",1,"?25,00,000",614,
1,4682,Maharashtra,"VMMC, Solapur",PAEDIATRICS,AIQ,GEN,"?1,57,100","? 93,559",1,"? 5,000,000",763,
1,4683,Jharkhand,"Tata Main Hospital, Jamshedpur",DNBGENERAL MEDICINE,DNB Post MBBS,GEN,"? 125,000","? 52,000",0,? 0,983,
1,4684,Delhi,"MAMC, Delhi",ANAESTHESIOLOGY,AIQ,GEN,"?16,200","?1,32,336",1,"? 2,000,000",2800,
1,4685,Andhra Pradesh,"Rangaraya Med Coll, Kakinada",GENERAL SURGERY,AIQ,GEN,"?30,000","? 60,823",0,?0,1450,
1,4687,Telangana,"Govt Med Coll, Siddipet",PAEDIATRICS,AIQ,OBC,"?15,000","? 67,032",1,"? 2,000,000",780,
1,4688,Delhi,"MAMC, Delhi",GENERAL SURGERY,DU,OBC,"?16,200","?1,32,336",1,"? 2,000,000",2800,
1,4689,Kerala,"Medical Trust Hospital, Kochi",DNBGENERAL MEDICINE,DNB Post MBBS,GEN,"? 125,000","? 57,876",0,? 0,575,
1,4690,Bihar,"Darbhanga, Lehriasarai",GENERAL MEDICINE,AIQ,OBC,"?9,000","? 82,000",2,"?25,00,000",1030,
1,4691,Bihar,"Patna Med Coll, Patna",ORTHOPAEDICS,AIQ,GEN,"?9,000","? 82,000",2,"?25,00,000",1748,
1,4692,Andhra Pradesh,"KIMS Saveera Hosp, Anantapuram",DNBRADIO DIAGNOSIS,DNB Post MBBS,GEN,"? 125,000","? 60,000",0,? 0,250,
1,4693,Haryana,"Metro Heart Inst, Faridabad",DNBGENERAL MEDICINE,DNB Post MBBS,GEN,"? 125,000","? 90,208",0,? 0,400,
1,4694,Telangana,"Osmania Med Coll, Hyderabad",ENT,AIQ,OBC,"?15,000","? 67,032",1,"? 2,000,000",4800,
1,4695,Tamil Nadu,"Meenakshi Hospital, Tanjore",DNBRADIO DIAGNOSIS,DNB Post MBBS,GEN,"? 125,000","? 48,000",0,? 0,200,
1,4696,Chandigarh,"GMC, Chandigarh",GENERAL SURGERY,AIQ,OBC,"?34,500","?1,09,926",0,? 0,967,
1,4697,Uttar Pradesh,"KGMU, Lucknow",OPHTHALMOLOGY,AIQ,GEN,"?54,700","? 126,725",2,"?40,00,000",4500,
1,4699,Delhi,"Lady Hardinge, Delhi",GENERAL SURGERY,AIQ,SC,"?16,200","?1,26,927",1,"? 2,000,000",877,
1,4700,Maharashtra,"BJMC, Pune",GENERAL SURGERY,AIQ,OBC,"?1,57,100","? 93,559",1,"? 5,000,000",1296,
1,4701,Telangana,"KIMS SunShine Hosp, Hyd",DNBGENERAL MEDICINE,DNB Post MBBS,GEN,"? 125,000","?67,032",0,? 0,300,
1,4702,Andhra Pradesh,"SV Med Coll, Tirupati",PAEDIATRICS,AIQ,GEN,"?30,000","? 60,823",0,?0,940,
1,4704,Uttar Pradesh,"Shaik-ul-Hind, Saharanpur",GENERAL MEDICINE,AIQ,OBC,"?24,000","?1,10,646",2,"?40,00,000",500,
1,4707,Maharashtra,"Topiwala, Mumbai",PAEDIATRICS,AIQ,OBC,"?1,57,100","? 93,559",1,"? 5,000,000",1300,
1,4708,Andhra Pradesh,"Kurnool Med Coll, Kurnool",OBG,AIQ,GEN,"?30,000","? 60,823",0,?0,1150,
1,4709,Kerala,"Valluvanad Hosp, Ottapalam",DNBRADIO DIAGNOSIS,DNB Post MBBS,GEN,"? 125,000","? 57,876",0,? 0,205,
1,4710,Odisha,"MKCG, Berhampur",GENERAL SURGERY,AIQ,GEN,"?35,000","? 73,042",2,"?55,09,464",1140,
1,4713,Bihar,"Patna Med Coll, Patna",ORTHOPAEDICS,AIQ,GEN,"?9,000","? 82,000",2,"?25,00,000",1748,
1,4714,Odisha,"SCB, Cuttack",OBG,AIQ,OBC,"?35,000","? 73,042",2,"?55,09,464",2106,
1,4715,Tamil Nadu,"Naruvi Hospitals, Vellore, TN",DNBRADIO DIAGNOSIS,DNB Post MBBS,GEN,"? 125,000","? 48,000",0,? 0,475,
1,4716,Karnataka,"Bangalore Baptist, Bangalore",DMRD(NBEMS),NBE Diploma,GEN,"? 125,000","? 56,250",0,? 0,450,
1,4717,Bihar,"Jawaharlal Nehru, Bhagalpur",GENERAL MEDICINE,AIQ,OBC,"?9,000","? 82,000",2,"?25,00,000",800,
1,4718,Karnataka,"Koppal Inst of MS, Koppal",PAEDIATRICS,AIQ,OBC,"?1,23,400","? 56,250",1,"?50,00,000",Info Not Available,
1,4719,Madhya Pradesh,"MGM Med Coll, Indore",OBG,AIQ,OBC,"?1,01,500","? 75,444",1,"?10,00,000",1300,
1,4720,Tamil Nadu,"Madras Med Coll, Chennai",DERMATOLOGY,AIQ,SC,"?50,000","?54,025",2,"?40,00,000",7285,
1,4721,Maharashtra,"SahyadriSuperSpecHosp, Pune, MH",DNBGENERAL MEDICINE,DNB Post MBBS,GEN,"? 125,000","? 89,000",0,? 0,301,
1,4723,Gujarat,"BJMC, Ahmedabad",OPHTHALMOLOGY,AIQ,GEN,"?30,000","? 100,800",1,"?40,00,000",1557,
1,4724,Punjab,"Govt Med Coll, Amritsar",ORTHOPAEDICS,AIQ,GEN,"?1,25,000","?76,000",2,"?20,00,000",951,
1,4726,West Bengal,"School of Tropical Med,Kolkata",DERMATOLOGY,AIQ,OBC,"?12,000","? 61,634",3,"?30,00,000",173,
1,4728,Maharashtra,"Max Super Spec Hosp, Nagpur",DNBGENERAL MEDICINE,DNB Post MBBS,GEN,"? 125,000","? 76,429",0,? 0,200,
1,4729,Gujarat,"PDU Med Coll, Rajkot",GENERAL SURGERY,AIQ,GEN,"?30,000","? 100,800",1,"?40,00,000",750,
1,4730,Gujarat,"BJMC, Ahmedabad",PAEDIATRICS,AIQ,OBC,"?30,000","? 100,800",1,"?40,00,000",1557,
1,4731,Madhya Pradesh,"MGM Med Coll, Indore",PSYCHIATRY,AIQ,GEN,"?1,01,500","? 75,444",1,"?10,00,000",1300,
1,4733,Tamil Nadu,"AarthiScans,Vadaplni,CHN(Joint)",DNBRADIO DIAGNOSIS,DNB Post MBBS,GEN,"? 125,000","? 50,000",0,? 0,0,
1,4734,Maharashtra,"UnitedCIIGMAInstofMS,Aurangabad",DNBGENERAL MEDICINE,DNB Post MBBS,GEN,"? 125,000","? 85,000",0,? 0,175,
1,4735,Tamil Nadu,"Kilpauk Med Coll, Chennai",GENERAL SURGERY,AIQ,GEN,"?50,000","?54,025",2,"?40,00,000",1700,
1,4736,Maharashtra,"Topiwala, Mumbai",RADIO DIAGNOSIS,AIQ,SC,"?1,57,100","? 93,559",1,"? 5,000,000",1300,
1,4738,Tamil Nadu,Govt Vellore Med Coll,GENERAL MEDICINE,AIQ,EWS,"?50,000","?54,025",2,"?40,00,000",2858,
1,4739,Maharashtra,"Dr RN Cooper Gen Hosp, Mumbai",DMRD(NBEMS),NBE Diploma,GEN,"? 125,000","? 80,757",0,?0,940,
1,4741,Karnataka,"Kasturba Med Coll, Manipal",RADIO DIAGNOSIS,MNG,GEN,"?33,98,000","? 56,250",0,? 0,2032,
1,4746,Telangana,"Kakatiya Med Coll, Warangal",GENERAL SURGERY,AIQ,GEN,"?15,000","? 67,032",1,"? 2,000,000",1150,
1,4747,Tamil Nadu,"Dr Rangarajan Mem Hosp,Chennai",DNBGENERAL MEDICINE,DNB Post MBBS,GEN,"? 125,000","? 54,000",0,? 0,201,
1,4748,Maharashtra,"BJMC, Pune",OBG,AIQ,OBC,"?1,57,100","? 93,559",1,"? 5,000,000",1296,
1,4749,Tamil Nadu,"Sri RamakrishnaHosp,Coimbatore",DNBGENERAL MEDICINE,DNB Post MBBS,GEN,"? 125,000","? 48,000",0,? 0,1009,
1,4750,Maharashtra,"Grant Med Coll, Mumbai",OPHTHALMOLOGY,AIQ,GEN,"?1,57,100","? 93,559",1,"? 5,000,000",2844,
1,4751,Jammu and Kashmir,"Govt Med Coll, Srinagar",PAEDIATRICS,AIQ,GEN,"?32,500","? 63,240",0,?0,3120,
1,4752,Karnataka,"Kasturba Med Coll, Manipal",GENERAL MEDICINE,MNG,GEN,"?27,92,000","? 56,250",0,? 0,2032,
1,4753,Maharashtra,"Govt Med Coll, Miraj",PAEDIATRICS,AIQ,GEN,"?1,57,100","? 93,559",1,"? 5,000,000",725,
1,4754,Kerala,"Medical Trust Hospital, Kochi",DNBGENERAL MEDICINE,DNB Post MBBS,GEN,"? 125,000","? 57,876",0,? 0,575,
1,4755,Telangana,"Apollo Hosp,Jubilee Hills,Hyd",DNBCARDIOTHORACIC 6 YRS,DNB Post MBBS,GEN,"? 125,000","?67,032",0,? 0,550,
1,4756,Andhra Pradesh,"KIMS Saveera Hosp, Anantapuram",DNBRADIO DIAGNOSIS,DNB Post MBBS,GEN,"? 125,000","? 60,000",0,? 0,250,
1,4757,Karnataka,"Kasturba Med Coll, Manipal",GENERAL MEDICINE,MNG,GEN,"?27,92,000","? 56,250",0,? 0,2032,
1,4758,Telangana,"KIMS SunShine Hosp, Hyd",DNBGENERAL MEDICINE,DNB Post MBBS,GEN,"? 125,000","?67,032",0,? 0,300,
1,4759,Tamil Nadu,"Kanchi Kamakoti, Chennai",DNBPAEDIATRICS,DNB Post MBBS,GEN,"? 125,000","? 48,000",0,? 0,200,
1,4760,Tamil Nadu,"Madras Med Coll, Chennai",ENT,AIQ,GEN,"?50,000","?54,025",2,"?40,00,000",7285,
1,4761,Kerala,"MVR Cancer Centre, Kozhikode",DNBRADIO DIAGNOSIS,DNB Post MBBS,GEN,"? 125,000","? 55,120",0,? 0,250,
1,4763,Tamil Nadu,Tirunelveli Med Coll,OBG,AIQ,GEN,"?50,000","?54,025",2,"?40,00,000",1737,
1,4764,Rajasthan,"RNT, Udaipur",OBG,AIQ,GEN,"?14,093","?87,216",2,"? 15,000,000",2206,
1,4765,West Bengal,Calcutta National Med Coll,OBG,AIQ,GEN,"?12,000","? 61,634",3,"?30,00,000",1470,
1,4766,Telangana,"Govt Med Coll, Nizamabad",PAEDIATRICS,AIQ,GEN,"?15,000","? 67,032",1,"? 2,000,000",500,
1,4768,Maharashtra,"PD Hinduja, Mumbai",DNBNEUROSURGERY 6 YRS,DNB Post MBBS,GEN,"? 125,000","? 89,700",0,? 0,400,
1,4769,Uttar Pradesh,"JNMC (AMU), Aligarh",GENERAL SURGERY,AIQ,OBC,"?54,700","?1,14,975",0,? 0,1269,
1,4770,Maharashtra,"Grant Med Coll, Mumbai",ORTHOPAEDICS,AIQ,OBC,"?1,57,100","? 93,559",1,"? 5,000,000",2844,
1,4771,Maharashtra,"GovtMedColl,ChhatrapatiSambhajiNgr",RADIO DIAGNOSIS,AIQ,SC,"?1,57,100","? 93,559",1,"? 5,000,000",1177,
1,4772,Jammu and Kashmir,"Govt Med Coll, Srinagar",PAEDIATRICS,AIQ,GEN,"?32,500","? 63,240",0,?0,3120,
1,4773,Jharkhand,"CIP, Ranchi",PSYCHIATRY,AIQ,GEN,"? 3,000","? 100,706",0,? 0,643,
1,4774,Jammu and Kashmir,"Govt Med Coll, Jammu",OBG,AIQ,GEN,"?25,000","? 63,240",0,?0,2663,
1,4776,Delhi,"ABVIMS (Dr RML Hosp), Delhi",OBG,IP,GEN,"? 51,000","? 136,008",1,"? 2,000,000",1626,
1,4779,Kerala,"Govt Med Coll, Kozhikode",DERMATOLOGY,AIQ,EWS,"?69,470","? 57,876",1,"?50,00,000",3025,
1,4780,Jammu and Kashmir,"Sher-I-Kashmir, Srinagar",GENERAL MEDICINE,AIQ,OBC,"?11,000","? 80,000",0,?0,1200,
1,4781,Gujarat,"Medical College, Baroda",PAEDIATRICS,AIQ,OBC,"?30,000","? 100,800",1,"?40,00,000",1250,
1,4783,Maharashtra,"BJMC, Pune",OBG,AIQ,OBC,"?1,57,100","? 93,559",1,"? 5,000,000",1296,
1,4785,Maharashtra,"Govt Med Coll, Miraj",GENERAL SURGERY,AIQ,GEN,"?1,57,100","? 93,559",1,"? 5,000,000",725,
1,4786,Haryana,"Fortis Memorial RI, Gurgaon",DNBGENERAL MEDICINE,DNB Post MBBS,GEN,"? 125,000","? 57,000",0,? 0,300,
1,4787,West Bengal,"RG Kar Med Coll, Kolkata",OBG,AIQ,GEN,"?12,000","? 61,634",3,"?30,00,000",1663,
1,4789,Maharashtra,"Bethany Hospital, Thane",DNBGENERAL MEDICINE,DNB Post MBBS,GEN,"? 125,000","? 83,000",0,? 0,190,
1,4790,Tamil Nadu,"Dr Rangarajan Mem Hosp,Chennai",DNBGENERAL MEDICINE,DNB Post MBBS,GEN,"? 125,000","? 54,000",0,? 0,201,
1,4791,Haryana,"Artemis Health Inst, Gurgaon",DNBGENERAL MEDICINE,DNB Post MBBS,GEN,"? 125,000","? 56,000",0,? 0,520,
1,4793,Delhi,"Deen Dayal Upadhyay, Delhi",DNBGENERAL SURGERY,DNB Post MBBS,GEN,"? 125,000","? 126,927",1,"?20,00,000",640,
1,4794,Karnataka,"Bangalore Med Coll, Bangalore",GENERAL SURGERY,AIQ,OBC,"?1,23,400","? 56,250",1,"?50,00,000",1993,
1,4796,Uttar Pradesh,"MLN Med Coll, Allahabad",GENERAL SURGERY,AIQ,GEN,"?24,000","?1,10,646",2,"?40,00,000",Info Not Available,
1,4797,Telangana,"NIMS, Hyderabad",ORTHOPAEDICS,AIQ,OBC,"?72,000","? 116,844",1,"? 2,000,000",1498,
1,4798,Tamil Nadu,"Sri RamakrishnaHosp,Coimbatore",DNBGENERAL MEDICINE,DNB Post MBBS,GEN,"? 125,000","? 48,000",0,? 0,1009,
1,4799,Andhra Pradesh,"Guntur Med Coll, Guntur",PAEDIATRICS,AIQ,EWS,"?30,000","? 60,823",0,?0,1170,
1,4800,Maharashtra,"Grant Med Coll, Mumbai",PAEDIATRICS,AIQ,OBC,"?1,57,100","? 93,559",1,"? 5,000,000",2844,
1,4801,Uttar Pradesh,"IMS(BHU), Varanasi",OBG,AIQ,OBC,"?48,226","?1,12,054",0,? 0,2424,
1,4803,Bihar,"Patna Med Coll, Patna",PAEDIATRICS,AIQ,GEN,"?9,000","? 82,000",2,"?25,00,000",1748,
1,4806,Rajasthan,"JLNMC, Ajmer",GENERAL SURGERY,AIQ,GEN,"?14,093","?87,216",2,"? 10,000,000",1428,
1,4807,Odisha,"MKCG, Berhampur",GENERAL SURGERY,AIQ,GEN,"?35,000","? 73,042",2,"?55,09,464",1140,
1,4808,Uttar Pradesh,"SN Med Coll, Agra",OBG,AIQ,GEN,"?24,000","?1,10,646",2,"?40,00,000",976,
1,4809,Jharkhand,"Tata Main Hospital, Jamshedpur",DNBGENERAL MEDICINE,DNB Post MBBS,GEN,"? 125,000","? 52,000",0,? 0,983,
1,4810,Kerala,"Mar Sleeva Medicity, Kottayam",DNBGENERAL MEDICINE,DNB Post MBBS,GEN,"? 125,000","? 60,000",0,? 0,648,
1,4811,Karnataka,"Sagar Hosp, Jayanagar, BLR",DNBRADIO DIAGNOSIS,DNB Post MBBS,GEN,"? 125,000","? 56,250",0,? 0,200,
1,4812,Madhya Pradesh,"Gandhi Med Coll, Bhopal",ORTHOPAEDICS,AIQ,GEN,"?1,01,500","? 75,444",1,"?10,00,000",1135,
1,4813,Madhya Pradesh,"Gajra Raja Med Coll, Gwalior",PAEDIATRICS,AIQ,GEN,"?1,01,500","? 75,444",1,"?10,00,000",1100,
1,4814,Andhra Pradesh,"SV Med Coll, Tirupati",PAEDIATRICS,AIQ,GEN,"?30,000","? 60,823",0,?0,940,
1,4816,Maharashtra,"Deenanath Mangeshkar, Pune",DNBPAEDIATRICS,DNB Post MBBS,GEN,"? 125,000","? 89,698",0,? 0,876,
1,4817,Assam,"Gauhati Med Coll, Guwahati",PAEDIATRICS,AIQ,GEN,"?27,300","?55,200",2,"?20,00,000",2185,
1,4818,Kerala,"Malabar IMS, Kozhikode",DNBPAEDIATRICS,DNB Post MBBS,GEN,"? 125,000","? 57,876",0,? 0,573,
1,4819,Maharashtra,"Bethany Hospital, Thane",DNBGENERAL MEDICINE,DNB Post MBBS,GEN,"? 125,000","? 83,000",0,? 0,190,
1,4820,Maharashtra,"Masina Hospital, Mumbai",DNBGENERAL MEDICINE,DNB Post MBBS,GEN,"? 125,000","?86,000",0,? 0,270,
1,4821,Madhya Pradesh,"Gandhi Med Coll, Bhopal",OBG,AIQ,GEN,"?1,01,500","? 75,444",1,"?10,00,000",1135,
1,4822,Maharashtra,"Seth GS, Mumbai",ANAESTHESIOLOGY,AIQ,GEN,"?1,57,100","? 93,559",1,"? 5,000,000",2250,
1,4823,Gujarat,"BJMC, Ahmedabad",ORTHOPAEDICS,AIQ,EWS,"?30,000","? 100,800",1,"?40,00,000",1557,
1,4824,Chandigarh,"Govt MultSpec Hosp, Chandigarh",DMRD(NBEMS),NBE Diploma,OBC,"? 125,000","? 109,926",0,? 0,500,
1,4825,Karnataka,"Aster CMI Hospital, Bangalore",DNBGENERAL MEDICINE,DNB Post MBBS,GEN,"? 125,000","? 56,250",0,? 0,509,
1,4826,Maharashtra,"BJMC, Pune",OPHTHALMOLOGY,AIQ,GEN,"?1,57,100","? 93,559",1,"? 5,000,000",1296,
1,4827,Jammu and Kashmir,"Govt Med Coll, Srinagar",GENERAL MEDICINE,AIQ,OBC,"?32,500","? 63,240",0,?0,3120,
1,4828,Tamil Nadu,"Royal Care SS Hosp, Coimbatore",DNBGENERAL MEDICINE,DNB Post MBBS,GEN,"? 125,000","? 48,000",0,? 0,401,
1,4830,Gujarat,"MP Shah, Jamnagar",GENERAL SURGERY,AIQ,GEN,"?30,000","? 100,800",1,"?40,00,000",1250,
1,4831,Kerala,"Medical Trust Hospital, Kochi",DNBGENERAL MEDICINE,DNB Post MBBS,GEN,"? 125,000","? 57,876",0,? 0,575,
1,4835,Telangana,"MNJ Inst of Oncology,Hyderabad",DNBRADIO DIAGNOSIS,DNB Post MBBS,EWS,"? 125,000","? 67,032",0,? 0,500,
1,4836,Tamil Nadu,"Rajah Muthiah, Annamalainagar",PAEDIATRICS,AIQ,OBC,"?50,000","?54,025",2,"?40,00,000",1400,
1,4839,Andhra Pradesh,"Guntur Med Coll, Guntur",PAEDIATRICS,AIQ,OBC,"?30,000","? 60,823",0,?0,1170,
1,4840,Karnataka,"Kasturba Med Coll, Manipal",RADIO DIAGNOSIS,MNG,GEN,"?33,98,000","? 56,250",0,? 0,2032,
1,4841,Maharashtra,"Govt Med Coll, Nanded",OBG,AIQ,GEN,"?1,57,100","? 93,559",1,"? 5,000,000",750,
1,4842,Punjab,"Punjab Inst of MS, Jalandhar",DNBGENERAL MEDICINE,DNB Post MBBS,GEN,"? 125,000","?67,968",0,? 0,750,
1,4843,Manipur,"RIMS, Imphal",OBG,AIQ,GEN,"?5,000","? 109,926",1,"?20,00,000",1074,
1,4844,Karnataka,"Shimoga IMS, Shimoga",PAEDIATRICS,AIQ,OBC,"?1,23,400","? 56,250",1,"?50,00,000",950,
1,4845,Madhya Pradesh,"NSC Bose Med Coll, Jabalpur",GENERAL SURGERY,AIQ,GEN,"?1,01,500","? 75,444",1,"?10,00,000",1150,
1,4847,Rajasthan,"SMS, Jaipur",GENERAL SURGERY,AIQ,OBC,"?14,093","?87,216",2,"? 10,000,000",5702,
1,4850,Maharashtra,"Saideep Healthcare, Ahmednagar",DNBGENERAL MEDICINE,DNB Post MBBS,GEN,"? 125,000","?64,000",0,? 0,260,
1,4851,Rajasthan,"SMS, Jaipur",GENERAL SURGERY,AIQ,OBC,"?14,093","?87,216",2,"? 10,000,000",5702,
1,4852,Maharashtra,"Rajiv Gandhi MedColl,Thane,MUM",DNBGENERAL MEDICINE,DNB Post MBBS,OBC,"? 125,000","?93,359",1,"? 5,000,000",500,
1,4853,Gujarat,"GMERS MedColl Hosp,Himmatnagar",DNBDERMATOLOGY,DNB Post MBBS,OBC,"? 125,000","? 100,800",0,? 0,750,
1,4854,Uttar Pradesh,"Rajkiya Med Coll, Jalaun",GENERAL MEDICINE,AIQ,OBC,"?24,000","?1,10,646",2,"?40,00,000",Info Not Available,
1,4855,Tamil Nadu,Coimbatore Med Coll,GENERAL SURGERY,AIQ,GEN,"?50,000","?54,025",2,"?40,00,000",1182,
1,4856,West Bengal,"Nilratan Sircar, Kolkata",OBG,AIQ,GEN,"?12,000","? 61,634",3,"?30,00,000",1920,
1,4857,Gujarat,"Shree Mahavir Health, Surat",DNBGENERAL MEDICINE,DNB Post MBBS,GEN,"? 125,000","? 84,000",0,? 0,257,
1,4858,Delhi,"ESI, Basaidarpur, Delhi",ORTHOPAEDICS,AIQ,GEN,"?2,50,000","?1,30,846",2,"?10,00,000",600,
1,4859,Haryana,"Kalpana Chawla GMC Hosp,Karnal",DNBGENERAL MEDICINE,DNB Post MBBS,OBC,"? 125,000","? 104,346",0,?0,556,
1,4860,Rajasthan,"SMS, Jaipur",OBG,AIQ,EWS,"?14,093","?87,216",2,"? 15,000,000",5702,
1,4861,Bihar,"Patna Med Coll, Patna",PAEDIATRICS,AIQ,GEN,"?9,000","? 82,000",2,"?25,00,000",1748,
1,4862,Madhya Pradesh,"NSC Bose Med Coll, Jabalpur",GENERAL SURGERY,AIQ,GEN,"?1,01,500","? 75,444",1,"?10,00,000",1150,
1,4863,Goa,"Goa Med Coll, Panaji",OBG,AIQ,GEN,"?1,22,522","?80,000",1,"?50,00,000",1160,
1,4864,Delhi,"Hindu Rao Hospital, Delhi",DNBGENERAL SURGERY,DNB Post MBBS,GEN,"? 125,000","? 139,680",1,"?20,00,000",980,
1,4866,Tamil Nadu,"Madras Med Coll, Chennai",PATHOLOGY,AIQ,GEN,"?50,000","?54,025",2,"?40,00,000",7285,
1,4868,Tamil Nadu,"Kongunad Hosp, Coimbatore",DNBRADIO DIAGNOSIS,DNB Post MBBS,GEN,"? 125,000","? 50,000",0,? 0,425,
1,4869,Kerala,"Govt Med Coll, Thrissur",TBRD,AIQ,OBC,"?69,470","? 57,876",1,"?50,00,000",1400,
1,4870,Rajasthan,"SMS, Jaipur",PSYCHIATRY,AIQ,GEN,"?14,093","?87,216",2,"? 10,000,000",5702,
1,4871,Rajasthan,"RNT, Udaipur",ORTHOPAEDICS,AIQ,GEN,"?14,093","?87,216",2,"? 10,000,000",2206,
1,4874,Rajasthan,"Govt Med Coll, Kota",PAEDIATRICS,AIQ,GEN,"?14,093","?87,216",2,"? 10,000,000",2581,
1,4876,Maharashtra,"Lilavati Hospital, Mumbai",DMRD(NBEMS),NBE Diploma,GEN,"? 125,000","? 86,630",0,? 0,330,
1,4877,Kerala,"Holy Cross Hospital, Kollam",DNBGENERAL MEDICINE,DNB Post MBBS,GEN,"? 125,000","? 57,876",0,? 0,390,
1,4878,Jammu and Kashmir,"Sher-I-Kashmir, Srinagar",GENERAL MEDICINE,AIQ,EWS,"?11,000","? 80,000",0,?0,1200,
1,4879,Maharashtra,"UnitedCIIGMAInstofMS,Aurangabad",DNBGENERAL MEDICINE,DNB Post MBBS,GEN,"? 125,000","? 85,000",0,? 0,175,
1,4881,Gujarat,"BJMC, Ahmedabad",OPHTHALMOLOGY,AIQ,GEN,"?30,000","? 100,800",1,"?40,00,000",1557,
1,4883,Rajasthan,"RNT, Udaipur",GENERAL SURGERY,AIQ,GEN,"?14,093","?87,216",2,"? 10,000,000",2206,
1,4884,Karnataka,"Bidar IMS, Bidar",PAEDIATRICS,AIQ,GEN,"?1,23,400","? 56,250",1,"?50,00,000",500,
1,4885,Jammu and Kashmir,"Govt Med Coll, Srinagar",GENERAL MEDICINE,AIQ,OBC,"?32,500","? 63,240",0,?0,3120,
1,4887,Karnataka,"Sagar Hosp, Jayanagar, BLR",DNBRADIO DIAGNOSIS,DNB Post MBBS,GEN,"? 125,000","? 56,250",0,? 0,200,
1,4888,Karnataka,"St Martha's Hosp, Bangalore",DNBGENERAL MEDICINE,DNB Post MBBS,GEN,"? 125,000","?56,250",0,? 0,504,
1,4890,Delhi,"VMMC, Delhi",ORTHOPAEDICS,IP,GEN,"?15,000","?1,20,965",1,"? 2,000,000",1550,
1,4892,Maharashtra,"GovtMedColl,ChhatrapatiSambhajiNgr",ORTHOPAEDICS,AIQ,GEN,"?1,57,100","? 93,559",1,"? 5,000,000",1177,
1,4893,Jammu and Kashmir,"Sher-I-Kashmir, Srinagar",RADIO DIAGNOSIS,AIQ,SC,"?11,000","? 80,000",0,?0,1200,
1,4894,Rajasthan,"Govt Med Coll, Kota",OBG,AIQ,GEN,"?14,093","?87,216",2,"? 15,000,000",2581,
1,4895,Gujarat,"MP Shah, Jamnagar",GENERAL SURGERY,AIQ,GEN,"?30,000","? 100,800",1,"?40,00,000",1250,
1,4897,Maharashtra,"KamalnayanBajajHosp,Aurangabad",DNBGENERAL MEDICINE,DNB Post MBBS,GEN,"? 125,000","?92,470",0,? 0,300,
1,4898,Karnataka,"KIMS, Hubli",OBG,AIQ,EWS,"?1,23,400","? 56,250",1,"?50,00,000",1200,
1,4900,Madhya Pradesh,"MGM Med Coll, Indore",TBRD,AIQ,GEN,"?1,01,500","? 75,444",1,"?10,00,000",1300,
1,4901,West Bengal,Calcutta National Med Coll,GENERAL MEDICINE,AIQ,OBC,"?12,000","? 61,634",3,"?30,00,000",1470,
1,4902,Delhi,"VP Chest Institute, Delhi",TBRD,AIQ,EWS,"?16,200","?1,32,336",1,"? 2,000,000",128,
1,4903,Uttar Pradesh,"MLN Med Coll, Allahabad",GENERAL SURGERY,AIQ,GEN,"?24,000","?1,10,646",2,"?40,00,000",Info Not Available,
1,4904,Karnataka,"Mysore Med Coll, Mysore",OBG,AIQ,EWS,"?1,23,400","? 56,250",1,"?50,00,000",1050,
1,4906,Maharashtra,"Asian IMS, Dombivli (E)",DNBGENERAL MEDICINE,DNB Post MBBS,GEN,"? 125,000","?83,000",0,? 0,Info Not Available,
1,4908,Gujarat,"Medical College, Baroda",OBG,AIQ,EWS,"?30,000","? 100,800",1,"?40,00,000",1250,
1,4909,Bihar,"Patna Med Coll, Patna",PAEDIATRICS,AIQ,GEN,"?9,000","? 82,000",2,"?25,00,000",1748,
1,4910,Uttar Pradesh,"KGMU, Lucknow",GENERAL SURGERY,AIQ,OBC,"?54,700","? 126,725",2,"?40,00,000",4500,
1,4911,Haryana,"Artemis Health Inst, Gurgaon",DNBGENERAL MEDICINE,DNB Post MBBS,GEN,"? 125,000","? 56,000",0,? 0,520,
1,4912,Uttar Pradesh,"UP Univ of Med Sci, Etawah",PAEDIATRICS,AIQ,GEN,"?24,000","?1,10,646",2,"?40,00,000",1268,
1,4913,Tamil Nadu,Chengalpattu Med Coll,GENERAL SURGERY,AIQ,GEN,"?50,000","?54,025",2,"?40,00,000",700,
1,4914,Maharashtra,"KamalnayanBajajHosp,Aurangabad",DNBGENERAL MEDICINE,DNB Post MBBS,GEN,"? 125,000","?92,470",0,? 0,300,
1,4916,Bihar,"Patna Med Coll, Patna",OBG,AIQ,OBC,"?9,000","? 82,000",2,"?25,00,000",1748,
1,4917,Uttar Pradesh,"Dr RML IMS, Lucknow",RADIO DIAGNOSIS,AIQ,SC,"?35,000","? 126,726",2,"?40,00,000",1368,
1,4918,Maharashtra,"Govt Med Coll, Akola",PAEDIATRICS,AIQ,GEN,"?1,57,100","? 93,559",1,"? 5,000,000",1050,
1,4919,Tamil Nadu,"Kilpauk Med Coll, Chennai",GENERAL SURGERY,AIQ,GEN,"?50,000","?54,025",2,"?40,00,000",1700,
1,4920,Tamil Nadu,Coimbatore Med Coll,RADIO DIAGNOSIS,AIQ,SC,"?50,000","?54,025",2,"?40,00,000",1182,
1,4922,Karnataka,"Mandya IMS, Mandya",DERMATOLOGY,AIQ,SC,"?1,23,400","? 56,250",1,"?50,00,000",910,
1,4923,Delhi,"MAMC, Delhi",DDVL,AIQ,OBC,"?16,200","?1,32,336",1,"? 2,000,000",2800,
1,4924,Jammu and Kashmir,"Sher-I-Kashmir, Srinagar",GENERAL SURGERY,AIQ,GEN,"?11,000","? 80,000",0,?0,1200,
1,4925,Kerala,"MVR Cancer Centre, Kozhikode",DNBRADIO DIAGNOSIS,DNB Post MBBS,GEN,"? 125,000","? 55,120",0,? 0,250,
1,4926,Tamil Nadu,"Madras Med Coll, Chennai",DERMATOLOGY,AIQ,SC,"?50,000","?54,025",2,"?40,00,000",7285,
1,4927,Andhra Pradesh,"SV Med Coll, Tirupati",PAEDIATRICS,AIQ,GEN,"?30,000","? 60,823",0,?0,940,
1,4928,Maharashtra,"VMMC, Solapur",OBG,AIQ,GEN,"?1,57,100","? 93,559",1,"? 5,000,000",763,
1,4929,Haryana,"BPS Med Coll, Sonepat",DMRD(NBEMS),NBE Diploma,GEN,"? 125,000","? 104,346",0,?0,550,
1,4930,Maharashtra,"Tata Memorial, Mumbai",RADIATION ONCOLOGY,AIQ,GEN,"?1,05,500","? 105,840",1,"?25,00,000",614,
1,4931,Tamil Nadu,"Madurai Med Coll, Madurai",OBG,AIQ,OBC,"?50,000","?54,025",2,"?40,00,000",3518,
1,4932,Andhra Pradesh,"Kurnool Med Coll, Kurnool",PAEDIATRICS,AIQ,OBC,"?30,000","? 60,823",0,?0,1150,
1,4933,West Bengal,Calcutta National Med Coll,OBG,AIQ,GEN,"?12,000","? 61,634",3,"?30,00,000",1470,
1,4934,Telangana,"Osmania Med Coll, Hyderabad",OBG,AIQ,EWS,"?15,000","? 67,032",1,"? 2,000,000",4800,
1,4935,Delhi,"VMMC, Delhi",ANAESTHESIOLOGY,AIQ,GEN,"?15,000","?1,20,965",1,"? 2,000,000",1550,
1,4936,Uttar Pradesh,"KGMU, Lucknow",RADIATION ONCOLOGY,AIQ,GEN,"?54,700","? 126,725",2,"?40,00,000",4500,
1,4937,Karnataka,"Kasturba Med Coll, Mangalore",RADIO DIAGNOSIS,MNG,GEN,"?33,98,000","? 56,250",0,? 0,1290,
1,4938,Andhra Pradesh,"Rangaraya Med Coll, Kakinada",PAEDIATRICS,AIQ,OBC,"?30,000","? 60,823",0,?0,1450,
1,4939,Rajasthan,"JLNMC, Ajmer",PAEDIATRICS,AIQ,GEN,"?14,093","?87,216",2,"? 10,000,000",1428,
1,4941,Tamil Nadu,Tirunelveli Med Coll,ORTHOPAEDICS,AIQ,GEN,"?50,000","?54,025",2,"?40,00,000",1737,
1,4942,Delhi,"VMMC, Delhi",ANAESTHESIOLOGY,AIQ,GEN,"?15,000","?1,20,965",1,"? 2,000,000",1550,
1,4943,West Bengal,Calcutta National Med Coll,OBG,AIQ,GEN,"?12,000","? 61,634",3,"?30,00,000",1470,
1,4944,Gujarat,"BJMC, Ahmedabad",OPHTHALMOLOGY,AIQ,GEN,"?30,000","? 100,800",1,"?40,00,000",1557,
1,4945,Maharashtra,"SRTT, Ambajogai",ORTHOPAEDICS,AIQ,GEN,"?1,57,100","? 93,559",1,"? 5,000,000",518,
1,4946,Karnataka,"St Martha's Hosp, Bangalore",DNBGENERAL MEDICINE,DNB Post MBBS,GEN,"? 125,000","?56,250",0,? 0,504,
1,4947,Telangana,"Continental Hosp, Hyderabad",DNBGENERAL MEDICINE,DNB Post MBBS,GEN,"? 125,000","?67,032",0,? 0,587,
1,4948,Uttar Pradesh,"JNMC (AMU), Aligarh",PAEDIATRICS,AMU,GEN,"?54,700","?1,14,975",0,? 0,1269,
1,4949,Rajasthan,"Govt Med Coll, Kota",PAEDIATRICS,AIQ,GEN,"?14,093","?87,216",2,"? 10,000,000",2581,
1,4951,Uttar Pradesh,"IMS(BHU), Varanasi",OBG,BHU,GEN,"?48,226","?1,12,054",0,? 0,2424,
1,4952,Himachal Pradesh,"IGMC, Shimla",GENERAL MEDICINE,AIQ,OBC,"?24,000","?40,000",2,"?40,00,000",1031,
1,4953,Andhra Pradesh,"Guntur Med Coll, Guntur",OBG,AIQ,GEN,"?30,000","? 60,823",0,?0,1170,
1,4955,Andhra Pradesh,"Guntur Med Coll, Guntur",PAEDIATRICS,AIQ,OBC,"?30,000","? 60,823",0,?0,1170,
1,4956,Telangana,"Gandhi Med Coll, Secunderabad",OBG,AIQ,OBC,"?15,000","? 67,032",1,"? 2,000,000",1200,
1,4957,Karnataka,"Gadag IMS, Gadag",OBG,AIQ,GEN,"?1,23,400","? 56,250",1,"?50,00,000",Info Not Available,
1,4958,Maharashtra,"VishwaRaj Hospital, Pune",DNBGENERAL MEDICINE,DNB Post MBBS,GEN,"? 125,000","? 72,000",0,? 0,300,
1,4959,Gujarat,"Govt Med Coll, Surat",PAEDIATRICS,AIQ,OBC,"?30,000","? 100,800",1,"?40,00,000",1150,
1,4960,Madhya Pradesh,"NSC Bose Med Coll, Jabalpur",GENERAL SURGERY,AIQ,GEN,"?1,01,500","? 75,444",1,"?10,00,000",1150,
1,4962,Karnataka,"Manipal Hosp, Rustum Bagh, BLR",DNBNEUROSURGERY 6 YRS,DNB Post MBBS,GEN,"? 125,000","? 56,250",0,? 0,600,
1,4963,Tamil Nadu,"Kilpauk Med Coll, Chennai",OBG,AIQ,OBC,"?50,000","?54,025",2,"?40,00,000",1700,
1,4964,Andhra Pradesh,"Lalitha SS Hospital, Guntur",DNBRADIO DIAGNOSIS,DNB Post MBBS,GEN,"? 125,000","? 60,900",0,? 0,250,
1,4965,Delhi,"ABVIMS (Dr RML Hosp), Delhi",PAEDIATRICS,IP,EWS,"? 51,000","? 136,008",1,"? 2,000,000",1626,
1,4966,Odisha,"UtkalInstofMedSci, Bhubaneswar",DNBGENERAL MEDICINE,DNB Post MBBS,GEN,"? 125,000","? 72,100",0,? 0,200,
1,4967,Rajasthan,"SMS, Jaipur",OPHTHALMOLOGY,AIQ,GEN,"?14,093","?87,216",2,"? 10,000,000",5702,
1,4968,Kerala,"Cosmopolitan Hosp, Trivandrum",DNBGENERAL MEDICINE,DNB Post MBBS,GEN,"? 125,000","? 57,876",0,? 0,360,
1,4969,Goa,"Goa Med Coll, Panaji",ENT,AIQ,GEN,"?1,22,522","?80,000",1,"?50,00,000",1160,
1,4971,Andhra Pradesh,"SV Med Coll, Tirupati",PAEDIATRICS,AIQ,OBC,"?30,000","? 60,823",0,?0,940,
1,4974,Rajasthan,"SP Med Coll, Bikaner",OBG,AIQ,GEN,"?14,093","?87,216",2,"? 15,000,000",1570,
1,4975,Rajasthan,"Govt Med Coll, Kota",OBG,AIQ,GEN,"?14,093","?87,216",2,"? 15,000,000",2581,
1,4976,Maharashtra,"MPGIMER, Nashik",PAEDIATRICS,AIQ,GEN,"?1,57,100","? 93,559",1,"? 5,000,000",560,
1,4977,Maharashtra,"VishwaRaj Hospital, Pune",DNBGENERAL MEDICINE,DNB Post MBBS,GEN,"? 125,000","? 72,000",0,? 0,300,
1,4979,Madhya Pradesh,"Choithram Hospital, Indore",DNBGENERAL MEDICINE,DNB Post MBBS,GEN,"? 125,000","? 75,444",0,? 0,350,
1,4980,Assam,"Gauhati Med Coll, Guwahati",ORTHOPAEDICS,AIQ,GEN,"?27,300","?55,200",2,"?20,00,000",2185,
1,4981,West Bengal,Calcutta National Med Coll,GENERAL MEDICINE,AIQ,OBC,"?12,000","? 61,634",3,"?30,00,000",1470,
1,4982,Andhra Pradesh,"Andhra Med Coll, Vizag",OBG,AIQ,OBC,"?30,000","? 60,823",0,?0,1030,
1,4983,Tamil Nadu,"Kauvery Hospital,Vadapalani",DNBRADIO DIAGNOSIS,DNB Post MBBS,GEN,"? 125,000","? 48,000",0,? 0,150,
1,4984,Gujarat,"MP Shah, Jamnagar",OBG,AIQ,GEN,"?30,000","? 100,800",1,"?40,00,000",1250,
1,4988,Kerala,"Govt Med Coll, Thrissur",OPHTHALMOLOGY,AIQ,GEN,"?69,470","? 57,876",1,"?50,00,000",1400,
1,4990,Gujarat,"BJMC, Ahmedabad",DERMATOLOGY,AIQ,SC,"?30,000","? 100,800",1,"?40,00,000",1557,
1,4991,Jharkhand,"Rajendra IMS, Ranchi",PAEDIATRICS,AIQ,GEN,"? 1,550","?1,00,770",3,"?30,00,000",1754,
1,4992,Delhi,"Aakash HC SS Hospital, Dwarka",DNBGENERAL MEDICINE,DNB Post MBBS,GEN,"? 125,000","? 80,000",0,? 0,200,
1,4994,Rajasthan,"Govt Med Coll, Kota",OBG,AIQ,GEN,"?14,093","?87,216",2,"? 15,000,000",2581,
1,4995,Chhattisgarh,"JLN Main Hosp & RC, Bhilai",DNBGENERAL MEDICINE,DNB Post MBBS,GEN,"? 125,000","?67,500",0,? 0,860,
1,4996,Rajasthan,"JLNMC, Ajmer",PAEDIATRICS,AIQ,GEN,"?14,093","?87,216",2,"? 10,000,000",1428,
1,4997,Gujarat,"MP Shah, Jamnagar",GENERAL SURGERY,AIQ,GEN,"?30,000","? 100,800",1,"?40,00,000",1250,
1,4998,Telangana,"Osmania Med Coll, Hyderabad",ORTHOPAEDICS,AIQ,GEN,"?15,000","? 67,032",1,"? 2,000,000",4800,
1,4999,Haryana,"Pt BD Sharma, Rohtak",PAEDIATRICS,AIQ,EWS,"?1,25,000","?1,04,346",0,?0,2080,
1,5000,Haryana,"Pt BD Sharma, Rohtak",OPHTHALMOLOGY,AIQ,GEN,"?1,25,000","?1,04,346",0,?0,2080,
1,5001,Maharashtra,"Sushrut Hosp & RC, Chembur, MH",DNBGENERAL MEDICINE,DNB Post MBBS,GEN,"? 125,000","? 76,000",0,? 0,100,
1,5002,Gujarat,"Shree Mahavir Health, Surat",DNBGENERAL MEDICINE,DNB Post MBBS,GEN,"? 125,000","? 84,000",0,? 0,257,
1,5004,Rajasthan,"SP Med Coll, Bikaner",PAEDIATRICS,AIQ,OBC,"?14,093","?87,216",2,"? 10,000,000",1570,
1,5005,Andhra Pradesh,"Guntur Med Coll, Guntur",GENERAL SURGERY,AIQ,GEN,"?30,000","? 60,823",0,?0,1170,
1,5006,Bihar,"AN Magadh, Gaya",DERMATOLOGY,AIQ,EWS,"?9,000","? 82,000",2,"?25,00,000",425,
1,5007,Uttarakhand,"Doon Med Coll, Dehradun",PAEDIATRICS,AIQ,GEN,"?60,000","?71,257",2,"?2,50,00,000",750,
1,5008,Uttar Pradesh,"IMS(BHU), Varanasi",TBRD,BHU,GEN,"?48,226","?1,12,054",0,? 0,2424,
1,5009,West Bengal,Calcutta National Med Coll,GENERAL SURGERY,AIQ,GEN,"?12,000","? 61,634",3,"?30,00,000",1470,
1,5010,Madhya Pradesh,"NSC Bose Med Coll, Jabalpur",OBG,AIQ,GEN,"?1,01,500","? 75,444",1,"?10,00,000",1150,
1,5011,Maharashtra,"Indira Gandhi MedColl, Nagpur",PAEDIATRICS,AIQ,OBC,"?1,57,100","? 93,559",1,"? 5,000,000",822,
1,5012,Kerala,"Govt Med Coll, Kottayam",ANAESTHESIOLOGY,AIQ,GEN,"?69,470","? 57,876",1,"?50,00,000",2094,
1,5013,Karnataka,"St Martha's Hosp, Bangalore",DNBGENERAL MEDICINE,DNB Post MBBS,GEN,"? 125,000","?56,250",0,? 0,504,
1,5015,Madhya Pradesh,"Gandhi Med Coll, Bhopal",ORTHOPAEDICS,AIQ,GEN,"?1,01,500","? 75,444",1,"?10,00,000",1135,
1,5017,Maharashtra,"KEM Hospital, Pune",DNBPAEDIATRICS,DNB Post MBBS,GEN,"? 125,000","?90,000",0,? 0,568,
1,5018,Odisha,"Care Hospital, Bhubaneswar",DNBGENERAL MEDICINE,DNB Post MBBS,GEN,"? 125,000","? 68,801",0,? 0,230,
1,5019,Delhi,"VMMC, Delhi",OPHTHALMOLOGY,IP,GEN,"?15,000","?1,20,965",1,"? 2,000,000",1550,
1,5020,Jammu and Kashmir,"Govt Med Coll, Srinagar",GENERAL MEDICINE,AIQ,ST,"?32,500","? 63,240",0,?0,3120,
1,5022,West Bengal,"District Hospital, Howrah",DNBGENERAL MEDICINE,DNB Post MBBS,GEN,"? 125,000","? 61,635",0,? 0,642,
1,5025,Maharashtra,"GovtMedColl,ChhatrapatiSambhajiNgr",PAEDIATRICS,AIQ,OBC,"?1,57,100","? 93,559",1,"? 5,000,000",1177,
1,5030,Himachal Pradesh,"RPG, Tanda",GENERAL MEDICINE,AIQ,OBC,"?24,000","?40,000",2,"?40,00,000",828,
1,5034,Rajasthan,"JLNMC, Ajmer",PAEDIATRICS,AIQ,GEN,"?14,093","?87,216",2,"? 10,000,000",1428,
1,5035,Tamil Nadu,"ESI PGIMSR, KK Nagar, Chennai",OBG,AIQ,GEN,"?2,50,000","?1,15,506",2,"?10,00,000",470,
1,5036,Rajasthan,"RNT, Udaipur",PAEDIATRICS,AIQ,EWS,"?14,093","?87,216",2,"? 10,000,000",2206,
1,5037,Kerala,"Medical College, Trivandrum",OBG,AIQ,OBC,"?69,470","? 57,876",1,"?50,00,000",2126,
1,5038,Maharashtra,"MPGIMER, Nashik",GENERAL SURGERY,AIQ,GEN,"?1,57,100","? 93,559",1,"? 5,000,000",560,
