State,Institute,Institute Type,University,Year of Establishment,Total PG Seats,Total Hospital Beds
Jammu & Kashmir,"Acharya Shri Chander College of Medical Sciences, Jammu",Private,"Jammu University, Jammu",1995,40,510
Maharashtra,"Ashwini Rural Medical College, Hospital & Research Centre, Solapur",Private,"Maharashtra University of Health Sciences, Nashik",2012,48,660
Uttar Pradesh,"Autonomous State Medical College, Etah",Govt,"Atal Bihari Vajpayee Medical University, Lucknow",2021,2,0
Karnataka,"BBC Trust Multispeciality Hospital, Koppal",Private,NBEMS,0,1,100
Maharashtra,"Bhaktivedanta Hospital & Research Institute, Thane",Private,NBEMS,1986,10,200
Karnataka,"Chinmaya Mission Hospital, Bangalore",Private,NBEMS,1969,12,200
Karnataka,"Aster CMI Hospital, Bangalore",Private,NBEMS,2016,20,500
Haryana,"Civil Hospital, Gurugram",Govt,NBEMS,2004,10,300
Kerala,"Craft Hospital & Research Centre, Kodungallur",Private,NBEMS,1990,0,250
Telangana,"Deccan College of Medical Sciences, Hyderabad",Private,"Kaloji Narayana Rao University of Health Sciences, Warangal",1985,76,500
Andhra Pradesh,"Ankura Hospitals for Women & Children, Vijayawada",Private,NBEMS,0,1,100
Madhya Pradesh,"Choithram Hospital & Research Centre, Indore",Private,NBEMS,1979,15,425
Chhattisgarh,"ARPA Medcity Hospital & Research Institute, Bilaspur",Private,NBEMS,0,2,102
Odisha,"Bhima Bhoi Medical College & Hospital, Balangir",Govt,NBEMS,2018,15,600
Odisha,"Advanced Medical Research Institute (AMRI) Hospital, Bhubaneswar",Private,NBEMS,1996,15,400
Madhya Pradesh,"Apollo Sage Hospital, Bhopal",Private,NBEMS,0,3,200
Delhi,"Deen Dayal Upadhyay Hospital, New Delhi",Govt,NBEMS,1950,25,645
Andhra Pradesh,"ACSR Government Medical College, Nellore",Govt,"Dr. NTR University of Health Sciences, Vijayawada",2014,56,750
Bihar,"Akhand Jyoti Eye Hospital, Mastichak, Saran",Private,NBEMS,0,3,175
Pondicherry,"Arvind Eye Hospital, Pondicherry",Private,NBEMS,2003,7,650
Delhi,"Batra Hospital & Medical Research Centre, Delhi",Private,NBEMS,1987,19,495
Bihar,"Darbhanga Medical College, Lehriasarai",Govt,"Aryabhatta Knowledge University, Patna",1946,155,1030
Uttar Pradesh,"Autonomous State Medical College, Hardoi",Govt,"Atal Bihari Vajpayee Medical University, Lucknow",2021,4,0
Uttar Pradesh,"Career Institute of Medical Sciences & Hospital, Lucknow",Private,"Dr. Ram Manohar Lohia Avadh University, Faizabad",2011,76,400
Delhi,"Centre For Sight, Dwarka, Delhi",Private,NBEMS,2018,2,0
Tamil Nadu,"Chettinad Super Speciality Hospital, Kelambakkam",Private,NBEMS,2009,4,500
Gujarat,"Bhailal Amin General Hospital, Vadodara",Private,NBEMS,1964,3,1961
Meghalaya,"Civil Hospital, Shillong",Govt,NBEMS,1923,8,400
Uttar Pradesh,"Government Medical College, Kannauj",Govt,"King Georges Medical University, Lucknow",2012,64,500
Telangana,"Aditya Hospital, Uppal, Hyderabad",Private,NBEMS,2005,0,100
Delhi,"Base Hospital, Delhi",AFMS,NBEMS,1960,35,998
Maharashtra,"Bombay Hospital Institute of Medical Sciences, Mumbai",Private,"Maharashtra University of Health Sciences, Nashik",1952,24,725
West Bengal,"Antara Psychiatric Hospital, Baruipur, Kolkata",Private,NBEMS,1989,1,200
Chhattisgarh,"Chhattisgarh Institute of Medical Sciences, Bilaspur",Govt,"Pt. Deendayal Upadhyay Memorial Health Sciences and Ayush University, Raipur",2001,68,550
West Bengal,"College of Medicine & JNM Hospital, Nadia",Govt,"West Bengal University of Health Sciences, Kolkata",2010,31,500
Punjab,"Civil Hospital, Kapurthala",Govt,NBEMS,1955,2,130
West Bengal,"Command Hospital, Kolkata",AFMS,"West Bengal University of Health Sciences, Kolkata",1975,38,980
Uttar Pradesh,"ADK Jain Eye Hospital, Khekra",Private,NBEMS,2019,1,25
Karnataka,"AJ Institute of Medical Sciences & Research Centre, Mangalore",Private,"Rajiv Gandhi University of Health Sciences, Bangalore",2002,128,910
Telangana,"Apollo Spectra Hospitals, Secunderabad",Private,NBEMS,2016,4,150
Telangana,"Aster Prime Hospital, Hyderabad",Private,NBEMS,2006,4,204
Gujarat,"BT Savani Kidney Hospital, Rajkot",Private,NBEMS,2003,0,100
Assam,"Choudhury Eye Hospital & Research Centre, Silchar",Private,NBEMS,2004,4,50
Punjab,"Civil Hospital, Barnala",Govt,NBEMS,1963,2,150
Uttar Pradesh,"Autonomous State Medical College, Jaunpur",Govt,"Atal Bihari Vajpayee Medical University, Lucknow",2021,0,430
Punjab,"Christian Medical College, Ludhiana",Private,"Baba Farid University of Health Sciences, Faridkot",1953,76,845
Haryana,"Civil Hospital, Rohtak",Govt,NBEMS,1959,4,500
Tamil Nadu,"Aakash Hospital, Chennai",Private,NBEMS,2008,2,120
Maharashtra,"Aditya Birla Memorial Hospital, Pune",Private,NBEMS,1969,17,350
Haryana,"Artemis Hospital, Gurgaon",Private,NBEMS,2007,18,520
Andhra Pradesh,"Bhimavaram Hospitals, West Godavari",Govt-Private,NBEMS,2000,4,200
Karnataka,"Aster Whitefield, Bangalore",Private,NBEMS,0,4,343
Maharashtra,"Bharati Vidyapeeth University Medical College, Pune",Deemed,"Bharati Vidyapeeth University (Deemed), Pune",1989,153,1200
Delhi,"ABVIMS (Formerly PGIMER) & Dr. RML Hospital, New Delhi",Govt,"Guru Gobind Singh Indraprastha University, Delhi",2008,207,1532
Uttar Pradesh,"Autonomous State Medical College, Deoria",Govt,"Atal Bihari Vajpayee Medical University, Lucknow",2021,0,340
Nagaland,"Christian Institute of Health Sciences & Research, Dimapur",Private,NBEMS,2007,12,200
Assam,"Fakhruddin Ali Ahmed Medical College, Barpeta",Govt,"Srimanta Shankardeva University of Health Sciences, Guwahati",2012,52,550
Karnataka,"General Hospital, Tiptur",Govt,NBEMS,1956,4,200
Jammu & Kashmir,"District Hospital, Duderhama Ganderbal",Govt,NBEMS,2013,15,100
Tamil Nadu,"Divisional Railway Hospital, Madurai",Public Sector,NBEMS,1960,1,200
Maharashtra,"Dr. DY Patil Medical College, Navi Mumbai",Deemed,"Padmashree Dr. D Y Patil University (Deemed), Navi Mumbai",1989,205,1410
Telangana,"Anand Eye Institute, Hyderabad",Private,NBEMS,1994,2,50
Telangana,"Bhaskar Medical College, Yenkapally",Private,"Kaloji Narayana Rao University of Health Sciences, Warangal",2005,72,600
Haryana,"Aarvy Healthcare, Gurugram",Private,NBEMS,2012,6,100
Uttar Pradesh,"Balrampur Hospital, Lucknow",Govt,NBEMS,1869,16,656
Kerala,"Amrita School of Medicine, Kochi",Deemed,"Amrita Vishwa Vidyapeetham University (Deemed), Coimbatore",2000,117,1400
Telangana,"Apollo Hospital, Hyderguda",Private,NBEMS,1988,4,150
Telangana,"Apollo Hospital, Jubilee Hills, Hyderabad",Private,NBEMS,1988,28,550
Maharashtra,"Bharati Vidyapeeth Deemed University Medical College & Hospital, Sangli",Deemed,"Bharati Vidyapeeth University (Deemed), Pune",2005,98,780
Telangana,"Amrutha Childrens Hospital, Warangal",Private,NBEMS,0,3,100
Assam,"Apollo Excelcare Hospital, Guwahati",Private,NBEMS,1983,4,180
Tamil Nadu,"Apollo Proton Cancer Centre, Chennai",Private,NBEMS,2019,2,135
Tamil Nadu,"Apollo Speciality Hospitals, Ariyamangalam",Private,NBEMS,2010,2,150
Maharashtra,"Bharat Ratna Dr. Babasaheb Ambedkar Municipal General Hospital, Mumbai",Govt,NBEMS,1953,21,444
Haryana,"Adesh Medical College & Hospital, Shahabad, Kurukshetra",Private,"Pt. BD. Sharma University of Health Sciences, Rohtak",2017,50,750
Punjab,"Amandeep Hospital, Pathankot",Private,NBEMS,1990,3,110
Telangana,"Ankura Medical & Research Centre, Hyderabad",Private,NBEMS,2019,1,100
Andhra Pradesh,"Apollo Institute of Medical Sciences & Research, Chittoor",Private,"Dr. NTR University of Health Sciences, Vijayawada",2016,38,410
Madhya Pradesh,"Apollo Rajshree Hospitals, Indore",Private,NBEMS,2008,2,180
Kerala,"Baby Memorial Hospital, Kannur",Private,NBEMS,2022,4,160
Jharkhand,"Central Hospital, Dhanbad",Public Sector,NBEMS,1958,10,399
Punjab,"Dr. BR Ambedkar State Institute of Medical Sciences, Mohali",Govt,"Baba Farid University of Health Sciences, Faridkot",2021,20,330
Delhi,"Fortis Escorts Heart Institute, New Delhi",Private,NBEMS,1988,5,310
Rajasthan,"Geetanjali Medical College & Hospital, Udaipur",Private,"Geetanjali University , Udaipur",2008,155,1420
Chhattisgarh,"District Hospital, Kabirdham",Govt,NBEMS,1956,1,200
Maharashtra,"Armed Forces Medical College, Pune",AFMS,"Maharashtra University of Health Sciences, Nashik",1962,196,1086
Telangana,"Cure Well Hospital, Warangal",Private,NBEMS,2005,2,50
West Bengal,"Advanced Medicare & Research Institute (AMRI), Kolkata",Private,NBEMS,1996,6,300
Uttar Pradesh,"Anand Hospital, Meerut",Private,NBEMS,2007,2,225
Kerala,"Apollo Adlux Hospital, Angamaly",Private,NBEMS,2019,9,300
Uttar Pradesh,"Autonomous State Medical College, Pratapgarh",Govt,"Atal Bihari Vajpayee Medical University, Lucknow",2021,2,320
Telangana,"Aditya Hospitals, Boggulakunta, Hyderabad",Private,NBEMS,0,0,200
Haryana,"Alchemist Hospital, Panchkula",Private,NBEMS,2008,8,200
Karnataka,"Apollo BGS Hospital, Mysore",Private,NBEMS,2001,12,215
Karnataka,"Bhagwan Mahaveer Jain Hospital, Bangalore",Private,NBEMS,1990,12,200
Madhya Pradesh,"Cancer Hospital & Research Institute, Gwalior",Govt,NBEMS,1971,1,306
Telangana,"Ankura Hospital for Women & Children, Madinaguda, Hyderabad",Private,NBEMS,2012,2,75
Andhra Pradesh,"Area Hospital, Chirala",Govt,NBEMS,1978,1,120
Maharashtra,"Asha Hospital, Nagpur",Private,NBEMS,0,3,160
Tamil Nadu,"ACS Medical College & Hospital, Chennai",Deemed,"Dr. MGR Educational and Research Institute (Deemed), Chennai",2008,75,810
West Bengal,"AMRI Hospitals, Mukundapur, Kolkata",Private,NBEMS,2011,0,170
Haryana,"Aadhar Health Institute, Hisar",Private,NBEMS,2002,9,200
Delhi,"Aakash Healthcare Super Specialty Hospital, Delhi",Private,NBEMS,2011,13,200
Tamil Nadu,"Aarthi Hospital, Kovilpatti",Private,NBEMS,1994,6,150
Pondicherry,"Aarupadai Veedu Medical College, Pondicherry",Deemed,"Vinayaka Missions University (Deemed), Salem",1999,99,540
Tamil Nadu,"Abhi Eye Hospital, Attur",Private,NBEMS,2005,1,25
Odisha,"Acharya Harihar Regional Cancer Centre, Cuttack",Govt,"Utkal University, Bhubaneswar",1981,6,507
Karnataka,"Adichunchanagiri Institute of Medical Sciences, Bellur",Private,"Rajiv Gandhi University of Health Sciences, Bangalore",1985,125,1120
Kerala,"Ahalia Diabetes Hospital, Palakkad",Private,NBEMS,2003,10,50
Kerala,"Ahalia Foundation Eye Hospital, Palakkad",Private,NBEMS,2005,3,100
Haryana,"Al Falah School of Medical Sciences & Research Centre, Faridabad",Private,"Al-Falah University, Faridabad",2019,61,300
Punjab,"Amandeep Medicity, Amritsar",Private,NBEMS,1990,6,500
Kerala,"Amardeep Eye Care, Kollam",Private,NBEMS,2005,2,20
Haryana,"Amrita School of Medicine, Faridabad",Deemed,"Amrita Vishwa Vidyapeetham University (Deemed), Coimbatore",2023,21,3100
Maharashtra,"Anand Rishiji Hospital & Medical Research Centre, Ahmednagar",Private,NBEMS,2001,6,260
Telangana,"Ankura Hospital for Women & Children, JNTU-Hi Tech City Road, Hyderabad",Private,NBEMS,2011,0,50
Uttar Pradesh,"Apex Hospital, Moradabad",Private,NBEMS,2018,4,100
Odisha,"Apollo Hospital, Bhubaneshwar",Private,NBEMS,1983,10,350
Karnataka,"Apollo Hospital, Sheshadripuram, Bangalore",Private,NBEMS,2015,0,200
Tamil Nadu,"Apollo KH Hospital, Melvisharam",Private,NBEMS,2003,4,100
Tamil Nadu,"Apollo Speciality Hospital, Madurai",Private,NBEMS,1997,9,250
Maharashtra,"Apple Saraswati Multispecialty Hospital, Kolhapur",Private,NBEMS,1994,7,200
Andhra Pradesh,"Area Hospital, Adoni",Govt,NBEMS,1967,2,200
Andhra Pradesh,"Area Hospital, Gudur",Govt,NBEMS,1964,2,180
Andhra Pradesh,"Area Hospital, Kadiri",Govt,NBEMS,1962,1,250
Andhra Pradesh,"Area Hospital, Kandukur",Govt,NBEMS,1985,1,100
Andhra Pradesh,"Area Hospital, Kuppam",Govt,NBEMS,1991,2,150
Andhra Pradesh,"Area Hospital, Nuzvid",Govt,NBEMS,1982,2,200
Madhya Pradesh,"Arihant Hospital & Research Centre, Indore",Private,NBEMS,2002,2,300
Delhi,"Army Hospital Research & Referral, New Delhi",AFMS,"Delhi University, Delhi",1999,60,994
Jharkhand,"Asarfi Hospital, Dhanbad",Private,NBEMS,2011,8,100
Maharashtra,"Asian Heart Institute & Research Centre, Bandra East, Mumbai",Private,NBEMS,2002,2,150
Maharashtra,"Asian Institute of Medical Sciences, Dombivli (E)",Private,NBEMS,2016,5,150
Uttar Pradesh,"Asian Vivekanand Superspeciality Hospital, Moradabad",Private,NBEMS,0,6,250
Maharashtra,"Aster Aadhar Hospital, Kolhapur",Private,NBEMS,1998,4,157
Uttar Pradesh,"Autonomous State Medical College & SNM District Hospital, Firozabad",Govt,NBEMS,1954,18,500
Uttar Pradesh,"Autonomous State Medical College, Fatehpur",Govt,"Atal Bihari Vajpayee Medical University, Lucknow",2021,0,0
Kerala,"Azeezia Institute of Medical Science, Kollam",Private,"Kerala University of Health Sciences, Thrissur",2008,21,540
Gujarat,"BJ Medical College, Ahmedabad",Govt,"Gujarat University, Ahmedabad",1946,418,2500
West Bengal,"BM Birla Heart Research Centre, Kolkata",Private,NBEMS,1989,2,210
Gujarat,"Banas Medical College & Research Institute, Palanpur, Gujarat",Private,"Hemchandracharya North Gujarat University, Patan",2018,0,0
Karnataka,"Bangalore West Lions Superspecialty Eye Hospital, Bangalore",Private,NBEMS,1984,2,17
West Bengal,"Barasat Government Medical College & Hospital, Kolkata",Govt,"West Bengal University of Health Sciences, Kolkata",2022,12,500
West Bengal,"Baruipur Sub Division Hospital, Baruipur",Govt,NBEMS,1970,2,100
Kerala,"Believers Church Medical College Hospital, Thiruvalla",Private,"Kerala University of Health Sciences, Thrissur",2016,18,490
Maharashtra,"Bhabha Atomic Research Centre, Mumbai",Govt,"Homi Bhabha National Institute (Deemed), Mumbai",1954,34,390
Haryana,"Bhagwan Das Hospital, Sonipat",Private,NBEMS,2019,4,105
Jharkhand,"Bhagwan Mahavir Medica Superspecialty Hospital, Ranchi",Private,NBEMS,2014,3,300
Karnataka,"Bhanavi Hospital, Mysore",Private,NBEMS,2013,2,100
Maharashtra,"Bharat Ratna Atal Bihari Vajpayee Medical College, Pune",Private,"Maharashtra University of Health Sciences, Nashik",2022,0,2400
Maharashtra,"Bhatia General Hospital, Mumbai",Private,NBEMS,1932,6,200
Chhattisgarh,"Bhattar Hospital (Balgopal Children Hospital & Research Institute), Raipur",Private,NBEMS,1999,4,118
Gujarat,"Bhavsinhji & Maharani Rupaliba General Hospital, Porbandar",Govt,NBEMS,1865,16,300
Odisha,"Bhima Bhoi Government Medical College & Hospital, Balangir",Govt,"Sambalpur University, Burla",2018,0,0
Madhya Pradesh,"Bhopal Memorial Hospital & Research Centre, Bhopal",Govt,"Madhya Pradesh Medical Science University, Jabalpur",1984,10,350
Maharashtra,"Breach Candy Hospital, Mumbai",Private,NBEMS,1946,18,213
Haryana,"CMC Hospital, Hisar",Private,NBEMS,2001,2,100
Telangana,"CMR Institute of Medical Sciences, Medchal",Private,"Kaloji Narayana Rao University of Health Sciences, Warangal",2023,0,750
Tamil Nadu,"CSI Kalyani General Hospital,, Chennai",Private,NBEMS,1909,10,220
Punjab,"Capitol Hospital, Jalandhar",Private,NBEMS,2014,2,185
Telangana,"Care Hospital, Banjara Hills, Hyderabad",Private,NBEMS,2000,17,435
Odisha,"Care Hospital, Bhubaneswar",Private,NBEMS,2016,4,205
Telangana,"Care Hospital, Hi Tech City, Hyderabad",Private,NBEMS,2000,5,220
Telangana,"Care Hospital, Hyderabad",Private,NBEMS,1997,6,305
Kerala,"Caritas Hospital, Kottayam",Private,NBEMS,1962,19,655
Bihar,"Central Super Speciality Hospital, Patna",Govt,NBEMS,2019,6,200
Delhi,"Centre for Sight, Delhi",Private,NBEMS,1996,2,15
Uttar Pradesh,"Chandra Mother & Eye Care, Lucknow",Private,NBEMS,2000,2,15
Chhattisgarh,"Chandulal Chandrakar Memorial Government. Medical College, Durg",Govt,"Pt. Deendayal Upadhyay Memorial Health Sciences and Ayush University, Raipur",2013,0,750
Karnataka,"Chikkamagaluru Institute of Medical Sciences, Chikkamagaluru",Govt,"Rajiv Gandhi University of Health Sciences, Bangalore",1932,0,400
Punjab,"Chintpurni Medical College (The White Medical College & Hospital), Pathankot",Private,"Baba Farid University of Health Sciences, Faridkot",2011,0,320
Rajasthan,"Chirayu Hospital, Jaipur",Private,NBEMS,2015,3,200
West Bengal,"Chittaranjan National Cancer Institute, Kolkata",Govt,NBEMS,1950,11,400
Tamil Nadu,"Christian Fellowship Hospital, Oddanchatram",Private,NBEMS,1955,13,300
Uttar Pradesh,"City Hospital, Gorakhpur",Private,NBEMS,2014,2,112
Mizoram,"Civil Hospital, Aizawl",Govt,NBEMS,1896,11,300
West Bengal,"Contai Sub Divisional Hospital, Contai",Govt,NBEMS,2014,2,250
West Bengal,"Coochbehar Government Medical College & Hospital, Coochbehar",Govt,"West Bengal University of Health Sciences, Kolkata",2019,0,500
Kerala,"Cosmopolitan Hospital, Trivandrum",Private,NBEMS,1982,15,360
Uttar Pradesh,"Cosmos Hospital, Moradabad",Private,NBEMS,2004,1,120
Gujarat,"Cottage Hospital, Rajkot",Govt,NBEMS,1955,2,150
Rajasthan,"Dana Shivam Heart & Superspeciality Hospital, Jaipur",Private,NBEMS,2015,0,100
Punjab,"Dayanand Medical College & Hospital, Ludhiana",Private,"Baba Farid University of Health Sciences, Faridkot",1963,101,1625
Maharashtra,"Deenanath Mangeshkar Hospital & Research Centre, Pune",Private,NBEMS,2001,36,800
Delhi,"Delhi Heart & Lung Institute, Delhi",Private,NBEMS,2003,1,100
Rajasthan,"Dhanwantri Hospital & Research Centre, Jaipur",Private,NBEMS,1994,1,100
Odisha,"Dharanidhar Medical College & Hospital (DDMCH), Keonjhar",Govt,"MSCBD University, Baripada",2016,0,500
Haryana,"District Civil Hospital, Rewari",Govt,NBEMS,1885,1,200
Chhattisgarh,"District Hospital, Baikunthapur",Govt,NBEMS,0,0,0
Karnataka,"District Hospital, Dharwad",Govt,NBEMS,0,24,250
Uttarakhand,"Doon Medical College, Dehradun",Govt,"Hemwati Nandan Bahuguna Uttarakhand Medical Education University, Dehradun",2016,60,436
Andhra Pradesh,"Dr. Anji Reddy Super Specialities Hospital, Narasaraopet",Private,NBEMS,2007,2,100
Rajasthan,"Dr. SN Medical College, Jodhpur",Govt,"Rajasthan University of Health Sciences, Jaipur",1965,182,0
Madhya Pradesh,"ESIC Model Hospital & Occupational Disease Centre, Indore",Govt,NBEMS,1982,7,300
Tamil Nadu,"Faculty of Medicine, Sri Lalithambigai Medical College & Hospital",Private,"The Tamilnadu Dr. MGR Medical University, Chennai",2021,0,600
Maharashtra,"General Hospital, Amravati",Govt,NBEMS,1914,1,700
Rajasthan,"Gheesibai Memorial Mittal Hospital & Research Centre, Ajmer",Private,NBEMS,2005,6,250
Tamil Nadu,"Government Head Quarters Hospital, Kancheepuram",Govt,NBEMS,1982,3,200
Tamil Nadu,"Government Head Quarters Hospital, Karaikudi",Govt,NBEMS,1963,2,400
Rajasthan,"Government Medical College, Dungarpur",Govt,"Rajasthan University of Health Sciences, Jaipur",2018,4,300
Punjab,"Amandeep Hospital, Amritsar",Private,NBEMS,1990,4,200
Andhra Pradesh,"APL & ANR Area Hospital, Gudiwada",Govt,NBEMS,2003,6,100
Odisha,"Ashwini Hospital, Cuttack",Private,NBEMS,2006,3,150
Uttar Pradesh,"Autonomous State Society Medical College, Mirzapur",Govt,"Atal Bihari Vajpayee Medical University, Lucknow",2021,0,0
Tamil Nadu,"Aravind Eye Hospital & Postgraduate Institute of Ophthalmology, Theni",Private,NBEMS,1985,1,40
Maharashtra,"Ashoka Medicover Hospital, Nashik",Private,NBEMS,2015,6,225
West Bengal,"Burdwan Medical College, Burdwan",Govt,"West Bengal University of Health Sciences, Kolkata",1969,136,0
Uttar Pradesh,"Autonomous State Medical College, Ghazipur",Govt,"Atal Bihari Vajpayee Medical University, Lucknow",2021,1,300
Bihar,"Bihar State Institute of Mental Health & Allied Sciences (BIMHAS), Bhojpur",Govt,NBEMS,2018,3,200
Telangana,"Apollo Institute of Medical Sciences & Research, Hyderabad",Private,"Dr. NTR University of Health Sciences, Vijayawada",2012,53,570
Jharkhand,"Central Hospital, Ranchi",Public Sector,NBEMS,1965,6,200
Karnataka,"CSI Holdsworth Memorial Hospital, Mysore",Private,NBEMS,1906,0,280
Gujarat,"Apple Hospital, Surat",Private,NBEMS,1956,0,100
West Bengal,"Asansol District Hospital, Asansol",Govt,NBEMS,1980,16,300
Assam,"Cachar Cancer Hospital & Research Centre, Cachar",Private,NBEMS,1995,1,100
Tamil Nadu,"Chengalpattu Medical College, Chengalpattu",Govt,"The Tamilnadu Dr. MGR Medical University, Chennai",1965,94,800
Haryana,"Civil Hospital, Bahadurgarh",Govt,NBEMS,2003,2,100
Punjab,"Deep Nursing Home & Children Hospital, Ludhiana",Private,NBEMS,1988,2,190
Assam,"Aditya Diagnostics & Hospital, Dibrugarh",Private,NBEMS,1998,5,210
Uttar Pradesh,"Autonomous State Medical College, Siddharthnagar",Govt,"Atal Bihari Vajpayee Medical University, Lucknow",2021,0,0
Karnataka,"Apollo Speciality Hospital, Jayanagar, Bangalore",Private,NBEMS,2005,0,150
Delhi,"Central Health Education Bureau, New Delhi",Govt,"Delhi University, Delhi",1956,20,0
Jammu & Kashmir,"District Hospital, Kulgam",Govt,NBEMS,2008,7,200
Karnataka,"ESIC Medical College, Gulbarga",Govt,"Rajiv Gandhi University of Health Sciences, Bangalore",2013,64,500
Delhi,"Fortis Hospital, Shalimar Bagh",Private,NBEMS,2010,9,262
Maharashtra,"Government Medical College & Hospital, Baramati",Govt,"Maharashtra University of Health Sciences, Nashik",2019,15,300
Andhra Pradesh,"Andhra Hospital, Vijayawada",Private,NBEMS,2004,7,500
Tamil Nadu,"Arvind Eye Hospital, Coimbatore",Private,NBEMS,1997,6,450
Delhi,"BM Gupta Hospital, Uttam Nagar",Private,NBEMS,0,4,100
Kerala,"Chaithanya Eye Institute, Ernakulam",Private,NBEMS,2005,2,50
Gujarat,"Bankers Heart Institute, Vadodara",Private,NBEMS,2004,0,100
Kerala,"Bharath Hospital, Kottayam",Private,NBEMS,1969,5,175
Bihar,"BIG Apollo Spectra Hospitals, Patna",Private,NBEMS,2009,4,100
Karnataka,"Al Ameen Medical College, Bijapur",Private,"Rajiv Gandhi University of Health Sciences, Bangalore",1984,75,1040
West Bengal,"Apollo Multispecialty Hospitals Limited, Kolkata",Private,NBEMS,2003,36,700
Uttar Pradesh,"Charak Hospital & Research Center, Lucknow",Private,NBEMS,2003,10,150
Tamil Nadu,"Annapoorna Medical College & Hospital, Salem",Private,"The Tamilnadu Dr. MGR Medical University, Chennai",2011,10,762
Delhi,"Army College of Medical Sciences, New Delhi",Private,"Guru Gobind Singh Indraprastha University, Delhi",2008,0,997
Karnataka,"Basel Mission CSI Hospital, Gadag-Betgeri",Private,NBEMS,1945,4,150
Madhya Pradesh,"Bhagyoday Tirth Chikitsalay, Sagar",Private,NBEMS,1993,4,408
Kerala,"Al Azhar Medical College & Super Speciality Hospital, Thodupuzha",Private,"Kerala University of Health Sciences, Thrissur",2014,14,740
Gujarat,"Care Hospital of Medical Sciences (CIMS Hospital), Ahmedabad",Private,NBEMS,2010,2,350
Telangana,"Citi Neuro Centre, Hyderabad",Private,NBEMS,2005,0,150
Gujarat,"Apex Heart Institute, Ahmedabad",Private,NBEMS,2012,0,100
Andhra Pradesh,"Apollo Hospital, Kakinada",Private,NBEMS,2005,4,200
Andhra Pradesh,"Area Hospital, Narasaraopet",Govt,NBEMS,2019,2,150
Maharashtra,"Bai Jerbai Wadia Hospital for Children, Mumbai",Private,NBEMS,1928,3,525
West Bengal,"Calcutta National Medical College, Kolkata",Govt,"West Bengal University of Health Sciences, Kolkata",1948,145,1470
Kerala,"Ahalia Women & Childrens Hospital, Palakkad",Private,NBEMS,2009,4,100
Karnataka,"Akash Institute of Medical Sciences & Research Centre, Bangalore",Private,"Rajiv Gandhi University of Health Sciences, Bangalore",2016,97,760
West Bengal,"Barjora Super Specialty Hospital, Barjora",Govt,NBEMS,2019,1,200
Tamil Nadu,"Dhanvantri Critical Care Center, Erode",Private,NBEMS,2010,2,160
Maharashtra,"Divisional Railway Hospital, Thane",Public Sector,NBEMS,1955,2,150
Maharashtra,"Dr. DY Patil Medical College, Hospital & Research Centre, Pune",Deemed,"Dr. DY Patil University (Deemed), Pimpri, Pune",1995,243,1400
West Bengal,"District Hospital, Nadia",Govt,NBEMS,1956,8,550
Tamil Nadu,"Aravind Eye Hospitals & Postgraduate Institute of Ophthalmology, Madurai",Private,"The Tamilnadu Dr. MGR Medical University, Chennai",1976,20,1090
Madhya Pradesh,"Civil Hospital (Rani Durgawati Elgin), Jabalpur",Govt,NBEMS,1896,4,300
Haryana,"Command Hospital, Chandimandir",AFMS,"Kurukshetra University, Kurukshetra",0,11,658
Uttar Pradesh,"Command Hospital, Lucknow",AFMS,"King Georges Medical University, Lucknow",2011,18,900
Madhya Pradesh,"All is Well Multi Speciality Hospital, Mohammadpura",Private,NBEMS,2010,4,50
Andhra Pradesh,"Apollo Speciality Hospitals, Nellore",Private,NBEMS,0,1,180
Madhya Pradesh,"Bombay Hospital, Indore",Private,NBEMS,1950,18,350
Bihar,"Anugrah Narayan Magadh Medical College (ANMMC), Gaya",Govt,"Aryabhatta Knowledge University, Patna",1970,49,0
Telangana,"Asha Hospital, Hyderabad",Private,NBEMS,1998,4,96
West Bengal,"College of Medicine & Sagore Dutta Hospital, Kolkata",Govt,"West Bengal University of Health Sciences, Kolkata",2011,46,450
Andhra Pradesh,"Apollo Hospital, Visakhapatnam",Private,NBEMS,2016,8,350
Andhra Pradesh,"Andhra Medical College, Visakhapatnam",Govt,"Dr. NTR University of Health Sciences, Vijayawada",1923,318,0
Assam,"Assam Medial College, Dibrugarh",Govt,"Srimanta Shankardeva University of Health Sciences, Guwahati",1947,191,0
Tamil Nadu,"Cancer Institute (WIA), Chennai",Private,NBEMS,1954,3,200
Chhattisgarh,"Central Hospital, SEC Railway, Bilaspur",Public Sector,NBEMS,2003,7,104
Haryana,"Al Aafia Civil Hospital, Alwar",Govt,NBEMS,2007,2,50
Karnataka,"Bangalore Baptist Hospital, Hebbal",Private,NBEMS,1973,41,450
Rajasthan,"Bhandari Hospital & Research Centre, Jaipur",Private,NBEMS,1984,4,150
Uttar Pradesh,"Aanandlok Remedial Research Centre, Gorakhpur",Private,NBEMS,0,4,100
Telangana,"AIG Hospital, Hyderabad",Private,NBEMS,2018,16,720
Chhattisgarh,"Apollo Hospital, Bilaspur",Private,NBEMS,2001,12,300
Uttar Pradesh,"Autonomous State Medical College, Ayodhya (Faizabad)",Govt,NBEMS,2021,17,300
West Bengal,Bishnupur District Hospital,Govt,NBEMS,1976,1,250
Delhi,"Chacha Nehru Bal Chiktsalaya, Delhi",Govt,NBEMS,1979,0,221
Kerala,"Daya General Hospital, Thrissur",Private,NBEMS,2001,13,250
Chhattisgarh,"Ekta Institute of Child Health, Raipur",Private,NBEMS,2006,2,130
Tamil Nadu,"Devadoss Multi Speciality Hospital, Madurai",Private,NBEMS,1993,2,250
Karnataka,"District Hospital, Ballari",Govt,NBEMS,1996,24,210
Andhra Pradesh,"District Hospital, Machilipatnam",Govt,NBEMS,1967,6,320
West Bengal,"Dr. BC Roy Postgraduate Institute of Paediatric Sciences, Kolkata",Govt,"West Bengal University of Health Sciences, Kolkata",2010,16,400
Arunachal Pradesh,"Bakin Pertin General Hospital & Training Centre, East Siang",Govt,NBEMS,2007,1,150
Tamil Nadu,"Apollo Hospital, Greams Lane, Chennai",Private,NBEMS,1983,37,745
Meghalaya,"Bethany Hospital, Shillong",Private,NBEMS,1987,4,200
West Bengal,"Deben Mahato (Sadar) Hospital, Purulia",Govt,NBEMS,0,0,548
Rajasthan,"Bhagwan Mahavir Cancer Hospital & Research Centre, Jaipur",Private,NBEMS,1997,11,300
Jammu & Kashmir,"166 Military Hospital, Jammu",AFMS,NBEMS,1970,4,0
Bihar,"Bhagwan Mahavir Institute of Medical Sciences (formerly VIMS), Pawapuri",Govt,"Aryabhatta Knowledge University, Patna",2013,26,600
West Bengal,"Deben Mahata Government Medical College & Hospital, Purulia",Govt,"West Bengal University of Health Sciences, Kolkata",2020,13,300
Jharkhand,"Bokaro General Hospital, Bokaro",Public Sector,NBEMS,1966,26,910
Telangana,"Citizens Specialty Hospital, Hyderabad",Private,NBEMS,2005,4,293
Tamil Nadu,"Coimbatore Childtrust Hospitals, Coimbatore",Private,NBEMS,1994,2,100
Kerala,"Amala Institute of Medical Sciences, Thrissur",Private,"Kerala University of Health Sciences, Thrissur",2002,62,1200
Odisha,"Capital Hospital, Bhubaneswar",Govt,NBEMS,1965,20,500
Jharkhand,"Central Institute of Psychiatry, Ranchi",Govt,"Ranchi University, Ranchi",1918,34,643
Madhya Pradesh,"CHL Hospital, Indore",Private,NBEMS,2001,3,200
Telangana,"Cygnus Institute of Gastroenterology, Hyderabad",Private,NBEMS,2012,0,100
West Bengal,"Bhagirathi Neotia Woman & Child Care Centre, New Town",Private,NBEMS,2002,3,108
Chhattisgarh,"Chandulal Chandrakar Memorial Hospital, Bhilai",Private,NBEMS,1975,2,105
Maharashtra,"Alliance Multispeciality Hospital, Ichalkaranji.",Private,NBEMS,2018,9,104
Maharashtra,"Anuradha Superspeciality Eye Hospital, Sangli",Private,NBEMS,2000,1,50
Rajasthan,"Apex Hospital, Jaipur",Private,NBEMS,1994,4,150
Kerala,"Chaithanya Eye Hospital, Trivandrum",Private,NBEMS,1995,6,37
Uttar Pradesh,"Chandan Hospital, Lucknow",Private,NBEMS,1988,13,203
Tamil Nadu,"Dharan Hospital, Salem",Private,NBEMS,2007,4,300
Uttar Pradesh,"District Women Hospital, Barabanki",Govt,NBEMS,0,2,0
Tamil Nadu,"Dr. Agarwals Eye Hospital & Research Centre, Chennai",Private,NBEMS,1957,6,100
West Bengal,"All India Institute of Hygiene & Public Health, Kolkata",Govt,"West Bengal University of Health Sciences, Kolkata",1932,27,1500
Andhra Pradesh,"Area Hospital, Amalapuram",Govt,NBEMS,1976,4,150
Andhra Pradesh,"Area Hospital, Srikalahasthi, Chittoor",Govt,NBEMS,1976,4,150
Karnataka,"Aster RV Hospital, Bangalore",Private,NBEMS,2019,1,250
Tripura,"Atal Bihari Vajpayee Regional Cancer Center, Agartala",Govt,NBEMS,1980,0,200
Tamil Nadu,"Bhaarath Medical College & Hospital, Chennai",Deemed,"Bharath Institute of Higher Education & Research (Deemed), Chennai",2020,0,300
Gujarat,"Bharat Cancer Hospital & Research Institute, Surat",Private,NBEMS,2009,1,100
Maharashtra,"ACPM Medical College, Dhule",Private,"Maharashtra University of Health Sciences, Nashik",1990,37,725
Telangana,"Apollo Hospital, Secunderabad",Private,NBEMS,1988,2,450
Madhya Pradesh,"BHEL Kasturba Hospital, Bhopal",Public Sector,NBEMS,1966,2,231
Andhra Pradesh,"Area Hospital, Nagari",Govt,NBEMS,1989,4,120
Punjab,"Arora Eye Hospital & Retina Centre, Jalandhar",Private,NBEMS,1999,1,10
Rajasthan,"Alakh Nayan Mandir Institute of Ophthalmology, Udaipur",Private,NBEMS,1997,2,0
Kerala,"Almadeena Institute of Medical Science, Kottakkal",Private,NBEMS,2002,9,230
West Bengal,"AMRI Hospitals, Sarat Bose Road, Kolkata",Private,NBEMS,0,2,105
Haryana,"Civil Hospital, Ambala Cantt",Govt,NBEMS,1884,6,3090
Uttar Pradesh,"7 Air Force Hospital, Kanpur",AFMS,NBEMS,0,6,410
Delhi,"Action Cancer Hospital, New Delhi",Private,NBEMS,2010,2,130
West Bengal,"AMRI Hospital, Kolkata",Private,NBEMS,2001,0,214
West Bengal,"Balurghat DH & SSH, Dakshin Dinajpur",Govt,NBEMS,1970,2,500
Maharashtra,"College of Physicians & Surgeons, Mumbai",Private,"CPS, Mumbai",1912,0,0
Karnataka,"Adarsha Hospital, Udupi",Private,NBEMS,2005,7,200
Maharashtra,"BJ Government. Medical College, Pune",Govt,"Maharashtra University of Health Sciences, Nashik",1964,213,1450
Haryana,"Accord Superspeciality Hospital, Faridabad",Private,NBEMS,2017,4,380
Karnataka,"Dharwad Institute of Mental Health & Neurosciences, Dharwad",Govt,"Rajiv Gandhi University of Health Sciences, Bangalore",1845,10,375
Kerala,"Dr. Chandrakanth Malabar Super speciality Eye Hospital, Kozhikode",Private,NBEMS,2000,4,50
Punjab,"District Hospital, Mohali",Govt,NBEMS,2006,4,300
Rajasthan,"Dr. Kothari's Eye Hospital, Udaipur",Private,NBEMS,1979,1,25
Karnataka,"Anugraha Eye Hospital, Vijayapura",Private,NBEMS,2004,2,30
Kerala,"Comtrust Eye Hospital, Calicut",Private,NBEMS,1998,4,45
Maharashtra,"Daga Memorial Women Government Hospital, Nagpur",Govt,NBEMS,1956,13,300
Maharashtra,"BKL Walawalkar Rural Medical College, Ratnagiri",Private,"Maharashtra University of Health Sciences, Nashik",2015,41,500
Tamil Nadu,"Abirami Kidney Care Dr. Thangavelu Hospital, Erode",Private,NBEMS,1985,0,100
Punjab,"Adesh Institute of Medical Sciences & Research, Bhatinda",Private,"Adesh University, Bathinda",2006,76,650
Telangana,"Arundathi Institute of Medical Sciences, Medchal",Private,"Kaloji Narayana Rao University of Health Sciences, Warangal",2023,0,300
Chhattisgarh,"Atal Bihari Vajpayee Memorial Government Medical College, Rajnandgaon",Govt,"Pt. Deendayal Upadhyay Memorial Health Sciences and Ayush University, Raipur",2014,13,535
Tamil Nadu,"Chettinad Hospital & Research Institute, Kanchipuram",Deemed,"Chettinad Academy of Research & Education (Deemed), Chettinad",2006,256,1200
Rajasthan,"CKS Hospital, Jaipur",Private,NBEMS,2016,2,200
Andhra Pradesh,"Balaji Instt. of Surgery, Research & Rehabilitation for the Disabled (BIRRD), Tirupati",Private,NBEMS,1994,4,500
Haryana,"Civil Hospital, Palwal",Govt,NBEMS,1954,3,200
Telangana,"Continental Hospital, Hyderabad",Private,NBEMS,2013,16,587
Tripura,"Agartala Government Medical College, Agartala",Govt,"Tripura University, Agartala",2005,89,727
Andhra Pradesh,"Amara Hospital, Tirupati",Private,NBEMS,2021,3,100
Tamil Nadu,"Arokya Hospital, Salem",Private,NBEMS,2008,2,125
Tamil Nadu,"Billroth Hospital, Chennai",Private,NBEMS,1990,4,330
Rajasthan,"American International Institute of Medical Sciences, Bedwas",Private,"Rajasthan University of Health Sciences, Jaipur",2016,39,725
Andaman Nicobar Islands,"Andaman & Nicobar Islands Institute of Medical Sciences, Port Blair",Govt,"Pondicherry University, Pondicherry",2015,7,540
Uttarakhand,"Brij Lal Hospital & Research Centre, Nainital",Private,NBEMS,2007,0,230
Gujarat,"CU Shah Medical College, Surendra Nagar",Private,"Saurashtra University, Rajkot",2000,59,0
Rajasthan,"District Hospital, Dholpur",Govt,NBEMS,1956,25,300
Kerala,"District Hospital, Palakkad",Govt,NBEMS,1956,7,467
Uttar Pradesh,"Fortis Hospital, Noida",Private,NBEMS,2004,14,278
Haryana,"Gaba Hospital, Yamuna Nagar",Private,NBEMS,1983,2,50
Madhya Pradesh,"Government Medical College, Chhindwara",Govt,"Madhya Pradesh Medical Science University, Jabalpur",2019,0,1300
Telangana,"Government Medical College, Jayashankar Bhupalpally",Govt,"Kaloji Narayana Rao University of Health Sciences, Warangal",2023,0,500
Kerala,"Dhanya Mission Hospital, Chalakudy",Private,NBEMS,1982,1,100
Rajasthan,"Anand Hospital & Eye Centre, Jaipur",Private,NBEMS,2001,2,50
Andhra Pradesh,"Ankura Hospital for Women & Children, Chittoor",Private,NBEMS,2011,1,50
Karnataka,"Arihant Hospital, Belagavi",Private,NBEMS,0,2,100
Tamil Nadu,"Arunai Medical College, Thiruvannamalai",Private,"The Tamilnadu Dr. MGR Medical University, Chennai",2021,0,330
Madhya Pradesh,"Baderia Metro Prime Multispecialty Hospital, Jabalpur",Private,NBEMS,2007,3,160
Gujarat,"BAPS Pramukh Swami Hospital, Surat",Private,NBEMS,2005,2,150
Tamil Nadu,"Coimbatore Medical College, Coimbatore",Govt,"The Tamilnadu Dr. MGR Medical University, Chennai",1966,121,1000
Maharashtra,"Datta Meghe Medical College, Nagpur",Deemed,"Datta Meghe Institute of Higher Education & Research (Deemed), Sawangi-Meghe (Wardha)",2020,54,480
Gujarat,"Apollo Hospital International, Gandhi Nagar",Private,NBEMS,1983,13,289
Uttar Pradesh,"Apollomedics Superspeciality Hospital, Lucknow",Private,NBEMS,2016,21,300
Tamil Nadu,"Arasan Eye Hospital, Erode",Private,NBEMS,1997,2,30
Karnataka,"Belagavi Institute of Medical Sciences, Belagavi",Govt,"KLE Academy of Higher Education & Research (Deemed), Belgaum",2006,68,1000
Jharkhand,"Alam Hospital & Research Centre, Ranchi",Private,NBEMS,1985,2,150
Maharashtra,"Anand Hospital, Vaijapur",Private,NBEMS,1984,0,250
Telangana,"CC Shroff Memorial Hospital, Hyderabad",Private,NBEMS,1987,5,170
Madhya Pradesh,"Choithram Netralaya, Indore",Private,NBEMS,1990,5,154
Tamil Nadu,"Aravind Eye Hospital, Chennai",Private,NBEMS,2017,9,250
Telangana,"Ayaan Institute of Medical Sciences, Moinabad",Private,"Dr. NTR University of Health Sciences, Vijayawada",2018,0,500
Haryana,"BPS Government Medical College for Women, Sonepat",Govt,"Pt. BD. Sharma University of Health Sciences, Rohtak",2012,75,550
Delhi,"Chacha Nehru Bal Chikitsalaya, Delhi",Govt,"Guru Gobind Singh Indraprastha University, Delhi",0,4,221
Telangana,"Chalmeda Anand Rao Institute of Medical Sciences, Karimnagar",Private,"Dr. NTR University of Health Sciences, Vijayawada",2003,128,750
Maharashtra,"Apollo Hospital, Navi Mumbai",Private,NBEMS,1983,19,500
Karnataka,"Command Hospital Air Force, Bangalore",AFMS,"Rajiv Gandhi University of Health Sciences, Bangalore",1968,34,716
Gujarat,"Aayush Multispeciality Hospital, Morbi",Private,NBEMS,2015,3,200
Jammu & Kashmir,"ASYM District Hospital, Budgam",Govt,NBEMS,2013,2,200
Maharashtra,"Bethany Hospital, Thane",Private,NBEMS,1997,2,190
West Bengal,"Chittaranjan Seva Sadan College of Obstetrics & Child Health, Bhowanipore",Govt,NBEMS,1978,4,200
Bihar,"Anup Institute of Orthopaedics & Rehabilitation, Patna",Private,NBEMS,1985,1,50
Karnataka,"Bangalore Medical College & Research Institute, Bangalore",Govt,"Rajiv Gandhi University of Health Sciences, Bangalore",1955,286,1993
West Bengal,"Bankura Sammilani Medical College, Bankura",Govt,"West Bengal University of Health Sciences, Kolkata",1956,82,0
Madhya Pradesh,"Bansal Hospital, Bhopal",Private,NBEMS,2014,13,301
Karnataka,"BGS Global Institute of Medical Sciences, Bangalore",Private,"Rajiv Gandhi University of Health Sciences, Bangalore",2013,78,766
Punjab,"Civil Hospital, Pathankot",Govt,NBEMS,1954,4,200
Assam,"Central Hospital, Guwahati",Govt,NBEMS,1968,3,200
Rajasthan,"Central Hospital, Jaipur",Govt,NBEMS,1970,4,86
Punjab,"District Hospital, Nawanshahr",Govt,NBEMS,2006,1,250
Chhattisgarh,"District Hospital, Surajpur",Govt,NBEMS,2012,1,100
Jammu & Kashmir,"District Hospital, Udhampur",Govt,NBEMS,0,0,200
Karnataka,"Father Mullers Medical College, Mangalore",Private,"Rajiv Gandhi University of Health Sciences, Bangalore",1999,117,1250
Uttar Pradesh,"District Women Hospital, Saharanpur",Govt,NBEMS,1975,1,110
Haryana,"Ahooja Eye & Dental Institute, Gurgaon",Private,NBEMS,1969,1,0
Andhra Pradesh,"Alluri Sitaram Raju Academy of Medical Sciences, Eluru",Private,"Dr. NTR University of Health Sciences, Vijayawada",2000,158,850
Odisha,"Ashwini Trauma Centre, Cuttack",Private,NBEMS,2006,2,150
Delhi,"Ayushman Hospital & Health Services, Dwarka",Private,NBEMS,1998,3,105
Uttar Pradesh,"BCM Hospital, Sitapur",Private,NBEMS,2004,4,100
Uttar Pradesh,"BRD Medical College, Gorakhpur",Govt,"Gorakhpur University, Gorakhpur",1972,123,700
Maharashtra,"Central India Institute of Medical Sciences, Nagpur",Private,NBEMS,1984,0,110
Karnataka,Chikkaballapura Institute of Medical Sciences,Govt,"Rajiv Gandhi University of Health Sciences, Bangalore",2021,0,330
Uttar Pradesh,"Apex Hospital, Varanasi",Private,NBEMS,2006,11,200
Chhattisgarh,"Apex Superspeciality Hospital & IVF Centre, Raigarh",Private,NBEMS,2014,5,110
Tamil Nadu,"Apollo First Med Hospital, Kilpauk, Chennai",Private,NBEMS,2002,1,102
Assam,"Apollo Hospital, Guwahati",Private,NBEMS,2019,12,214
Tamil Nadu,"Apollo Specialty Hospital, Ayanambakkam, Chennai",Private,NBEMS,2012,1,277
Karnataka,"Bidar Institute of Medical Sciences, Bidar",Govt,"Rajiv Gandhi University of Health Sciences, Bangalore",2007,52,750
Madhya Pradesh,"Bundelkhand Medical College, Sagar",Govt,"Madhya Pradesh Medical Science University, Jabalpur",2009,71,750
Haryana,"Civil Hospital, Faridabad",Govt,NBEMS,0,3,0
Tamil Nadu,"Arvind Eye Hospital & PG Institute of Ophthalmology, Tirunelveli Junction",Private,NBEMS,1988,7,142
West Bengal,"Bhagirathi Neotia Woman & Child Care Centre, Rawdon St, Kolkata",Private,NBEMS,2015,2,50
West Bengal,"Chittaranjan Seva Sadan Hospital, Kolkata",Govt,"West Bengal University of Health Sciences, Kolkata",1917,18,200
Karnataka,"Apollo Hospital, Bannerghatta Road, Bangalore",Private,NBEMS,2007,22,250
Telangana,"Asian Institute of Gastroenterology, Hyderabad",Private,NBEMS,2010,0,250
Telangana,"Asian Institute of Nephrology & Urology, Hyderabad",Private,NBEMS,2013,0,100
West Bengal,"Chandannagar Sub Division Hospital, Hooghly",Govt,NBEMS,1990,3,200
Andhra Pradesh,"Aayush NRI LEPL Healthcare, Vijayawada",Private,NBEMS,2006,2,200
Andhra Pradesh,"Area Hospital, Ramachandrapuram",Govt,NBEMS,1985,2,120
Punjab,"Aykai Hospital, Ludhiana",Private,NBEMS,2018,0,100
Tamil Nadu,"Christian Medical College, Vellore",Private,"The Tamilnadu Dr. MGR Medical University, Chennai",1942,241,3000
Punjab,"Civil Hospital, Hoshiarpur",Govt,NBEMS,1921,2,250
Kerala,"Credence Hospital, Trivandrum",Private,NBEMS,2001,1,100
Karnataka,"Amar Hospital, Gangavathi",Private,NBEMS,2001,2,100
Punjab,"Amar Hospital, Patiala",Private,NBEMS,1997,5,158
Tamil Nadu,"Aravind Eye Hospital, Salem",Private,NBEMS,2011,3,75
Karnataka,"Chitradurga Medical College & Research Institute, Chitradurga",Govt,"Rajiv Gandhi University of Health Sciences, Bangalore",2023,0,500
Tamil Nadu,"Bejan Singh Eye Hospital, Kanyakumari",Private,NBEMS,1992,1,25
Delhi,"Dharamshila Narayana Superspeciality Hospital, Delhi",Private,NBEMS,1994,5,191
Andhra Pradesh,"District Hospital, Nellore",Govt,NBEMS,1967,1,500
Uttarakhand,"Gautam Buddha Chikitsa Mahavidyalaya, Dehradun",Private,"Ras Bihari Bose Subharti University, Dehradun",2022,0,0
Karnataka,"Gleneagles BGS Hospital, Kengeri",Private,NBEMS,1999,4,450
Rajasthan,"Global Hospital Institute of Ophthalmology, Abu Road",Private,NBEMS,2007,2,50
Manipur,"Government Medical College, Churachandpur",Govt,"Manipur University, Imphal",2023,0,300
Maharashtra,"Ashwani Sahakari Rugnalaya, Solapur",Private,NBEMS,1983,2,300
Karnataka,"Basaveswara Medical College & Hospital, Chitradurga",Private,"Rajiv Gandhi University of Health Sciences, Bangalore",1999,48,665
Punjab,"Civil Hospital, Gurdaspur",Govt,NBEMS,1962,8,110
Madhya Pradesh,"Amaltas Institute of Medical Sciences, Dewas",Private,"Amaltas University, Dewas",2016,59,300
Maharashtra,"Anil Kulkarni Eye Hospital, Miraj",Private,NBEMS,1995,2,50
Karnataka,"Aralaguppe Mallegowda District Hospital, Chikkamagaluru",Govt,NBEMS,1963,4,250
Haryana,"Asian Institute of Medical Sciences, Faridabad",Private,NBEMS,2010,15,425
West Bengal,"BR Singh Hospital & Centre for Medical Education & Research, Kolkata",Govt,NBEMS,1934,15,525
Karnataka,"Cauvery Heart & Multispeciality Hospital, Mysore",Private,NBEMS,2009,6,200
Kerala,"Chaithanya Eye Hospital & Research Institute, Thiruvalla",Private,NBEMS,1999,2,100
Karnataka,"Chamrajanagar Institute of Medical Sciences, Karnataka",Govt,"Rajiv Gandhi University of Health Sciences, Bangalore",2016,37,450
Gujarat,"Aadicura Superspeciality Hospital, Vadodara",Private,NBEMS,2021,0,50
Andhra Pradesh,"Alluri Sitarama Raju Academy of Medical Sciences, Eluru",Private,NBEMS,2000,0,1100
Kerala,"Aster Medcity, Kochi",Private,NBEMS,2013,15,670
West Bengal,"Bolpur Sub Division Hospital, Bolpur",Govt,NBEMS,1974,6,200
Tamil Nadu,"Chettinad Hospital & Research Institute, Kelambakkam",Private,"Chettinad Academy of Research & Education (Deemed), Chettinad",2006,0,1180
Madhya Pradesh,"Chirayu Medical College & Hospital, Bhopal",Private,"Barkatullah University, Bhopal",2011,98,800
Rajasthan,"Ananta Institute of Medical Sciences & Research Centre, Rajsamand",Private,"Rajasthan University of Health Sciences, Jaipur",2016,102,720
Tamil Nadu,"Arunai Medical College & Hospital, Tiruvannamalai",Private,"The Tamilnadu Dr. MGR Medical University, Chennai",2021,28,300
West Bengal,"Burnpur Hospital, Asansol",Govt,NBEMS,1930,4,360
Tamil Nadu,"Acchutha Eye Care, Erode",Private,NBEMS,2001,2,20
Maharashtra,"All India Institute of Physical Medicine & Rehabilitation, Mumbai",Govt,"Maharashtra University of Health Sciences, Nashik",1955,4,60
Kerala,"Ananthapuri Hospital & Research Institute, Thiruvananthapuram",Private,NBEMS,2005,13,400
Gujarat,Ananya College of Medicine & Research,Private,"Gujarat University, Ahmedabad",2023,0,340
Telangana,"Ankura Hospital for Women & Children, LB Nagar, Hyderabad",Private,NBEMS,2014,1,100
Tamil Nadu,"Apollo Specialty Hospital, 320 Mount Road, Chennai",Private,NBEMS,1983,4,290
Kerala,"Baby Memorial Hospital, Kozhikode",Private,NBEMS,1987,30,500
Rajasthan,"District Hospital, Sirohi",Govt,NBEMS,1964,4,300
Rajasthan,"District Hospital, Baran",Govt,NBEMS,1992,10,300
Tamil Nadu,"ESIC Medical College & Hospital (ESIC Medical College & PGIMSR), KK Nagar, Chennai",Govt,"The Tamilnadu Dr. MGR Medical University, Chennai",2013,77,500
Maharashtra,"Government Medical College, Aurangabad",Govt,"Maharashtra University of Health Sciences, Nashik",1956,200,1170
Chhattisgarh,"District Hospital, Bilaspur",Govt,NBEMS,1966,1,400
Assam,"Gauhati Medical College, Guwahati",Govt,"Srimanta Shankardeva University of Health Sciences, Guwahati",1960,190,0
Maharashtra,"Government Medical College, Chandrapur",Govt,"Maharashtra University of Health Sciences, Nashik",2015,65,681
Karnataka,"District Hospital, Haveri",Govt,NBEMS,2000,8,250
Gujarat,"Dr. MK Shah Medical College & Research Centre, Ahmedabad",Private,"Gujarat University, Ahmedabad",2017,69,700
Telangana,"Government Medical College, Khammam",Govt,"Kaloji Narayana Rao University of Health Sciences, Warangal",2023,0,1200
Maharashtra,"Dr. Vaishampayan Memorial Medical College, Solapur",Govt,"Maharashtra University of Health Sciences, Nashik",1963,91,733
West Bengal,"Ghatal SD Hospital, Medinipur",Govt,NBEMS,1969,3,100
Uttarakhand,"Government Medical College (formerly Uttarakhand Forest Hospital Trust), Haldwani",Govt,"Hemwati Nandan Bahuguna Uttarakhand Medical Education University, Dehradun",2001,69,695
West Bengal,"Fortis Hospital, Kolkata",Private,NBEMS,2003,12,300
Punjab,"Fortis Hospital, Ludhiana",Private,NBEMS,2013,4,0
Jammu & Kashmir,"Government Medical College, Anantnag",Govt,"Kashmir University, Srinagar",2019,63,500
Maharashtra,"Dr. B Nanavati Hospital, Mumbai",Private,NBEMS,1951,18,350
Maharashtra,"Dr. Vithalrao Vikhe Patil Foundations Medical College & Hospital, Ahmednagar",Private,"Maharashtra University of Health Sciences, Nashik",2003,76,860
Maharashtra,"Fortis Hospital, Mumbai",Private,NBEMS,2002,12,440
Karnataka,"General Hospital, Belgaum",Govt,NBEMS,1867,2,750
Kerala,"Government General Hospital, Kozhikode",Govt,NBEMS,1951,4,550
West Bengal,"Desun Hospital & Heart Institute, Kolkata",Govt,NBEMS,2003,2,350
Madhya Pradesh,"District Hospital, Gwalior",Govt,NBEMS,1848,2,550
Kerala,"Government Medical College, Thrissur",Govt,"Kerala University of Health Sciences, Thrissur",1981,143,1400
Uttar Pradesh,"Government Medical College, Shahjahanpur",Govt,"King Georges Medical University, Lucknow",2019,23,600
Jammu & Kashmir,"Government Medical College, Srinagar",Govt,"Kashmir University, Srinagar",1959,258,2150
Punjab,"Government Medical College, Patiala",Govt,"Baba Farid University of Health Sciences, Faridkot",1953,152,1661
Andhra Pradesh,"District Hospital, Markapur, Prakasam",Govt,NBEMS,1967,4,320
Telangana,"Dr. VRK Women's Medical College, Aziznagar",Private,"Dr. NTR University of Health Sciences, Vijayawada",2010,20,500
Bihar,"ESIC Medical College, Patna",Govt,"Aryabhatta Knowledge University, Patna",2021,29,500
Kerala,"Giridhar Eye Institute, Kochi",Private,NBEMS,1997,6,30
Madhya Pradesh,"Government Medical College, Datia",Govt,"Madhya Pradesh Medical Science University, Jabalpur",2018,46,0
Andhra Pradesh,"District Hospital, Proddatur",Govt,NBEMS,1972,4,270
Andhra Pradesh,"Fathima Institute of Medical Sciences, Kadapa",Private,"Dr. NTR University of Health Sciences, Vijayawada",2010,25,0
Chandigarh,"Government Medical College, Chandigarh",Govt,"Punjab University, Chandigarh",1991,155,0
Kerala,"Government Medical College, Kottayam",Govt,"Kerala University of Health Sciences, Thrissur",1960,119,2094
Kerala,"Ernakulam Medical Centre, Kochi",Private,NBEMS,1985,5,250
Haryana,"FIMS Hospital (Frank Institute of Medical Sciences), Sonipat NCR",Private,NBEMS,2014,10,200
Rajasthan,"Fortis Escorts Hospital, Jaipur",Private,NBEMS,2008,6,275
Andhra Pradesh,"Government General Hospital, Rajamahendravaram",Govt,NBEMS,1923,4,310
Maharashtra,"Government Medical College, Jalgaon",Govt,"Maharashtra University of Health Sciences, Nashik",2018,63,456
Maharashtra,"Dr. Vasantrao Pawar Medical College (Formerly NDMVP Samaj), Nashik",Private,"Maharashtra University of Health Sciences, Nashik",1990,74,1000
Karnataka,"ESIC Medical College, Bangalore",Govt,"Rajiv Gandhi University of Health Sciences, Bangalore",2012,88,530
Jammu & Kashmir,"Government District Hospital, Shopian Kashmir",Govt,NBEMS,2007,6,250
Tamil Nadu,"Government Medical College, Ariyalur",Govt,"The Tamilnadu Dr. MGR Medical University, Chennai",2021,0,550
Telangana,"Government Medical College, Jagtial",Govt,"Kaloji Narayana Rao University of Health Sciences, Warangal",2022,0,600
Andhra Pradesh,"GSL Medical College, Rajahmundry",Private,"Dr. NTR University of Health Sciences, Vijayawada",2002,172,1000
Delhi,"Holy Family Hospital, New Delhi",Private,NBEMS,1953,15,345
Andhra Pradesh,"Homi Bhabha Cancer Hospital & Research Centre, Visakhapatnam",Govt,"Dr. NTR University of Health Sciences, Vijayawada",2023,6,250
Andhra Pradesh,"Great Eastern Medical School & Hospital, Srikakulam",Private,"Dr. NTR University of Health Sciences, Vijayawada",2010,87,750
Jammu & Kashmir,"Government Medical College, Udhampur",Govt,"University of Jammu, Jammu",2023,8,0
Telangana,"Government Medical College, Nagarkurnool",Govt,"Kaloji Narayana Rao University of Health Sciences, Warangal",2023,0,500
Delhi,"ESIC Hospital, Okhla Phase-1",Govt,NBEMS,1993,14,350
Tamil Nadu,"Government Head Quarters Hospital, Padmanabhapuram",Govt,NBEMS,0,1,100
Andhra Pradesh,"Government Medical College, Ananthapuram",Govt,"Dr. NTR University of Health Sciences, Vijayawada",2000,117,0
Gujarat,"General Hospital, Mehsana",Govt,NBEMS,1962,1,0
Gujarat,"GMERS Medical College, Hadiyol, Himmatnagar",Govt-Private,"Hemchandracharya North Gujarat University, Patan",2015,35,500
Telangana,"Government Medical College, Karimnagar",Govt,"Kaloji Narayana Rao University of Health Sciences, Warangal",2023,0,1200
Rajasthan,"ESIC Medical College, Alwar",Govt,"Rajasthan University of Health Sciences, Jaipur",2021,14,550
Bihar,"Government Medical College, Bettiah",Govt,"Aryabhatta Knowledge University, Patna",2013,25,300
Madhya Pradesh,"Government Medical College, Khandwa",Govt,"Madhya Pradesh Medical Science University, Jabalpur",2018,28,1500
Uttar Pradesh,"Government Medical College, Badaun",Govt,"Mahatma Jyotiba Phule Rohilkhand University, Bareilly",2019,13,300
Uttar Pradesh,"FH Medical College & Hospital, Etamdapur, Agra",Private,"Dr BR Ambedkar University, Agra",2014,48,500
Maharashtra,"District Hospital for Women, Akola",Govt,NBEMS,1982,6,200
Madhya Pradesh,"District Hospital, Sagar",Govt,NBEMS,1957,10,400
Karnataka,"First Neuro, Brain & Spine Super Speciality Hospital, Mangalore",Private,NBEMS,2015,0,100
Maharashtra,"Government Medical College, Gondia",Govt,"Maharashtra University of Health Sciences, Nashik",2016,56,500
Kerala,"Government Mental Health Centre, Kozhikode",Govt,NBEMS,1872,3,474
West Bengal,"ILS Hospital, Kolkata",Govt,NBEMS,2000,0,560
Madhya Pradesh,"Government Seth Govind Das (Victoria) District Hospital, Jabalpur",Govt,NBEMS,1882,2,700
Uttarakhand,"Himalayan Institute of Medical Sciences, Dehradun",Private,"Swami Rama Himalayan University, Dehradun",1995,127,870
Tamil Nadu,"Institute of Child Health & Hospital for Children, Egmore",Govt,NBEMS,1956,0,400
Tamil Nadu,"Government Medical College, Namakkal",Govt,"The Tamilnadu Dr. MGR Medical University, Chennai",2021,0,300
Jharkhand,"Hazaribagh Medical College, Hazaribagh",Govt,"Binod Bihati Mahto Koyalanchal University, Dhanbad",2019,0,340
Bihar,"Indira Gandhi Institute of Medical Sciences, Sheikhpura, Patna",Govt,"Indira Gandhi Instt of Medical Sciences (Deemed), Patna",1983,103,0
Andhra Pradesh,"INHS Kalyani, Visakhapatnam",AFMS,NBEMS,1962,5,0
Chhattisgarh,"Government Medical College, Mahasamund",Govt,"Pt. Deendayal Upadhyay Memorial Health Sciences and Ayush University, Raipur",2022,0,0
Uttar Pradesh,"ESIC Hospital, Varanasi",Govt,NBEMS,1985,2,100
Haryana,"General Hospital, Panipat",Govt,NBEMS,1958,4,300
Gujarat,"GMERS Medical College, Navsari",Govt-Private,"Veer Narmad South Gujarat University, Surat",2022,16,550
Tamil Nadu,"Government Head Quarters Hospital, Cuddalore",Govt,NBEMS,0,22,300
Punjab,"Dr. Rajan Eyecare Hospital, Phagwara",Private,NBEMS,2001,2,30
Haryana,"Faculty of Medicine & Health Sciences (Formerly SGGST Medical College), Gurgaon",Private,"SGT University, Gurugram",2010,73,830
Andhra Pradesh,"Government District Hospital, Anakapalli",Govt,NBEMS,1985,4,300
Tamil Nadu,"Dr. Rela Institute & Medical Centre, Chennai",Private,NBEMS,2018,7,450
West Bengal,"Egra Sub Divisional Hospital & SSH, Egra",Govt,NBEMS,2004,2,100
Telangana,"Fernandez Hospital, Hyderabad",Private,NBEMS,1948,6,224
Telangana,"Government Medical College, Kamareddy",Govt,"Kaloji Narayana Rao University of Health Sciences, Warangal",2023,0,500
Punjab,"District Hospital, Faridkot",Govt,NBEMS,1973,7,100
Uttar Pradesh,"Dr. Mohanlal Memorial Gandhi Eye Hospital, Aligarh",Private,NBEMS,1928,2,300
Uttar Pradesh,"ESIC Model Hospital, Noida",Govt,NBEMS,0,12,300
Rajasthan,"General Hospital, Karauli",Govt,NBEMS,1955,18,150
Gujarat,"GMERS Medical College, Dharpur Patan",Govt-Private,"Hemchandracharya North Gujarat University, Patan",2012,30,0
Rajasthan,"Dhayal Hospital & Research Centre, Sikar",Private,NBEMS,2003,4,100
Jammu & Kashmir,"District Hospital, Reasi",Govt,NBEMS,2011,1,100
Karnataka,"Dr. Bidaris Ashwini Hospital, Bijapur",Private,NBEMS,2005,3,200
Karnataka,"East Point College of Medical Sciences & Research Centre, Bangalore",Private,"Rajiv Gandhi University of Health Sciences, Bangalore",2017,77,840
Gujarat,"GMERS Medical College, Sola, Ahmedabad",Govt-Private,"Gujarat University, Ahmedabad",2011,89,750
Andhra Pradesh,"Goutami Eye Institute, Rajahmundry",Private,NBEMS,2005,2,50
Rajasthan,"Government Hospital, Barmer",Govt,NBEMS,1952,18,200
Tamil Nadu,"Erode Medical Centre, Erode",Private,NBEMS,1985,4,100
Telangana,"Government Medical College, Suryapet",Govt,"Kaloji Narayana Rao University of Health Sciences, Warangal",2019,21,0
Uttar Pradesh,"GS Medical College & Hospital, Hapur",Private,"Chaudhary Charan Singh University, Meerut",2017,37,500
Tamil Nadu,"Hindu Mission Hospital, Tambaram West",Private,NBEMS,1982,4,150
Delhi,"Human Care Medical Charitable Trust, Delhi",Private,NBEMS,2018,11,380
Tamil Nadu,"Indira Medical College & Hospitals, Thiruvallur",Private,"The Tamilnadu Dr. MGR Medical University, Chennai",2020,0,500
Kerala,"Indo American Hospital, Vaikom",Private,NBEMS,1996,1,100
Telangana,"Government Medical College, Sangareddy",Govt,"Kaloji Narayana Rao University of Health Sciences, Warangal",2022,8,500
Maharashtra,"Holy Spirit Hospital, Mumbai",Private,NBEMS,1967,17,300
Karnataka,"Indiana Hospital & Heart Institute, Mangalore",Private,NBEMS,2011,3,300
Tamil Nadu,"Government Medical College, Virudhunagar",Govt,"The Tamilnadu Dr. MGR Medical University, Chennai",2021,0,326
Goa,"Healthway Hospital, Old Goa",Private,NBEMS,2014,4,175
Telangana,"Government Medical College, Rajanna Sircilla",Govt,"Kaloji Narayana Rao University of Health Sciences, Warangal",2023,0,500
Madhya Pradesh,"Government Medical College, Ratlam",Govt,"Madhya Pradesh Medical Science University, Jabalpur",2018,82,1350
Rajasthan,"Government District Civil Hospital, Suratgarh",Govt,NBEMS,1965,20,200
Tamil Nadu,"Government Kamaraj Hospital, Chidambaram",Govt,NBEMS,1965,4,500
Rajasthan,"Government Medical College, Hanumangarh",Govt,"Rajasthan University of Health Sciences, Jaipur",2023,0,500
Assam,"Dhubri Medical College, Dhubri",Govt,"Srimanta Shankardeva University of Health Sciences, Guwahati",2020,0,500
West Bengal,"Durgapur Steel Plant Hospital, Durgapur",Public Sector,NBEMS,1960,9,250
Telangana,"Father Colombo Institute of Medical Sciences, Warangal",Private,"Kaloji Narayana Rao University of Health Sciences, Warangal",2019,0,500
West Bengal,"ESI Hospital, Kolkata",Govt,NBEMS,1957,2,300
Uttar Pradesh,"District Male Hospital, Agra",Govt,NBEMS,1924,2,150
Tamil Nadu,"Government Head Quarters Hospital, Dindigul",Govt,NBEMS,2004,0,300
Odisha,"DRIEMS Institute of Health Sciences & Hospital, Kairapari",Private,"Utkal University, Bhubaneswar",2023,0,400
Delhi,"ESI PGIMSR & ESI Hospital, Basaidarapur, New Delhi",Govt,"Guru Gobind Singh Indraprastha University, Delhi",2008,57,600
Madhya Pradesh,"Gandhi Medical College, Bhopal",Govt,"Madhya Pradesh Medical Science University, Jabalpur",1955,266,0
Andhra Pradesh,"District Hospital, Madanapalle",Govt,NBEMS,1962,5,320
Karnataka,"Dr. BR Ambedkar Medical College, Bangalore",Private,"Rajiv Gandhi University of Health Sciences, Bangalore",1980,79,0
Rajasthan,"Dr. Virendra Laser, Phaco Surgery Center- Eye Hospital, Jaipur",Private,NBEMS,2005,2,25
Telangana,"District Head Quarters Hospital, Sangareddy",Govt,NBEMS,1975,0,400
Delhi,"ESIC Dental College & Hospital, Rohini",Govt,NBEMS,2010,7,300
Telangana,"Government Medical College, Siddipet",Govt,"Kaloji Narayana Rao University of Health Sciences, Warangal",2018,75,750
Tamil Nadu,"Government Medical College, Krishnagiri",Govt,"The Tamilnadu Dr. MGR Medical University, Chennai",2021,0,500
Pondicherry,"Indira Gandhi Government General Hospital & PG Institute, Pondicherry",Govt,NBEMS,1816,22,626
Assam,"Health City Hospital, Guwahati",Private,NBEMS,2012,11,150
Tamil Nadu,"Government Medical College, Pudukottai",Govt,"The Tamilnadu Dr. MGR Medical University, Chennai",2017,0,360
Tripura,"IGM Hospital, Agartala",Govt,NBEMS,1947,20,500
Tamil Nadu,"Government Medical College, Omandurar",Govt,"The Tamilnadu Dr. MGR Medical University, Chennai",2015,31,700
Punjab,"Fortis Escorts Hospital, Amritsar",Private,NBEMS,2003,2,175
Jammu & Kashmir,"Government Medical College, Doda, Kashmir",Govt,"Kashmir University, Srinagar",2020,14,300
Maharashtra,"District Hospital, Nashik",Govt,NBEMS,0,0,540
Uttar Pradesh,"Dr. Shyama Prasad Mukherjee (Civil) Hospital, Lucknow",Govt,NBEMS,0,9,401
Karnataka,"District Hospital, Chitradurga",Govt,NBEMS,1963,14,500
Jammu & Kashmir,"District Hospital, Pulwama",Govt,NBEMS,1959,18,300
Karnataka,"District Hospital, Ramanagara",Govt,NBEMS,2004,2,200
Karnataka,"Dr. TMA Pai Hospital, Udupi",Private,NBEMS,1984,3,200
Telangana,"General Hospital, Khammam",Govt,NBEMS,0,3,425
Tamil Nadu,"Government Head Quarters Hospital, Kovilpatti",Govt,NBEMS,1982,5,250
Tamil Nadu,"Government Medical College, Kallakurichi",Govt,"The Tamilnadu Dr. MGR Medical University, Chennai",2021,0,500
Haryana,"Dhir Hospital, Bhiwani",Private,NBEMS,1985,3,50
Karnataka,"District Hospital, Chikkaballapur",Govt,NBEMS,2000,13,100
Maharashtra,"District Women Hospital, Amravati",Govt,NBEMS,0,8,150
West Bengal,"Divisional Railway Hospital, Asansol",Public Sector,NBEMS,1920,1,200
Tamil Nadu,"Dr. Agarwals Eye Hospital, Tirunelveli",Private,NBEMS,2006,3,25
Rajasthan,"Government Medical College, Kota",Govt,"Rajasthan University of Health Sciences, Jaipur",1992,188,2985
Rajasthan,"ESIC Model Hospital, Jaipur",Govt,NBEMS,0,9,0
Andhra Pradesh,"Government District Hospital, Chenchupet",Govt,NBEMS,1965,2,250
Telangana,"ESIC Medical College, Sanath Nagar, Hyderabad",Govt,"Kaloji Narayana Rao University of Health Sciences, Warangal",2016,87,800
Uttar Pradesh,"Felix Hospital, Noida",Private,NBEMS,2008,7,200
Gujarat,"General Hospital - Sub District Hospital, Deesa",Govt,NBEMS,1965,2,100
Telangana,"Gleneagles Global Hospital, Hyderabad",Private,NBEMS,1999,0,300
Rajasthan,"Government Medical College, Dausa",Govt,"Rajasthan University of Health Sciences, Jaipur",2023,0,500
Jammu & Kashmir,"Government Medical College, Jammu",Govt,"Jammu University, Jammu",1972,207,0
West Bengal,"District Hospital, Darjeeling",Govt,NBEMS,1864,8,450
West Bengal,"District Hospital, Howrah",Govt,NBEMS,1876,18,600
Odisha,"Fakir Mohan Government Medical College & Hospital, Balasore",Govt,"Fakir Mohan Univeristy, Balasore",2018,0,360
Gujarat,"Government Medical College, Morbi",Govt,"Saurashtra University, Rajkot",2022,0,500
Kerala,"Government Medical College, Thiruvananthapuram",Govt,"Kerala University of Health Sciences, Thrissur",1951,254,1952
Andhra Pradesh,"Government Medical College, Machilipatnam",Govt,"Dr. NTR University of Health Sciences, Vijayawada",2023,0,500
Odisha,"Hi Tech Medical College & Hospital, Bhubaneswar",Private,"Utkal University, Bhubaneswar",2005,87,500
Punjab,"Indus International Hospital, Mohali",Private,NBEMS,1988,10,195
Jammu & Kashmir,"Government Medical College, Rajouri",Govt,"Jammu University, Jammu",2019,13,300
Telangana,"Dr. Patnam Mahender Reddy Institute of Medical Sciences, Chevella, Rangareddy",Private,"Kaloji Narayana Rao University of Health Sciences, Warangal",2019,66,750
Assam,"Diphu Medical College & Hospital, Diphu",Govt,"Srimanta Shankardeva University of Health Sciences, Guwahati",2020,0,550
Karnataka,"District Hospital, Bagalkot",Govt,NBEMS,1963,10,250
Andhra Pradesh,"Gayathri Vidya Parishad Inst. of Health Care & Medical Technology, Visakhapatnam",Private,"Dr. NTR University of Health Sciences, Vijayawada",2016,46,300
Uttar Pradesh,"Government Medical College, Faizabad",Govt,"King Georges Medical University, Lucknow",2019,0,500
Tamil Nadu,"GEM Hospital & Research Centre, Coimbatore",Private,NBEMS,1992,0,200
Gujarat,"GMERS Medical College, Vadnagar, Mehsana",Govt-Private,"Hemchandracharya North Gujarat University, Patan",2017,22,550
Uttar Pradesh,"District Male Hospital, Basti",Govt,NBEMS,1934,4,300
Maharashtra,"Dr. DY Patil Medical College, Kolhapur",Deemed,"DY Patil Education Society (Deemed), Kolhapur",1989,77,2400
Andhra Pradesh,"Gitam Institute of Medical Sciences & Research, Visakhapatnam",Deemed,"Gandhi Institute of Technology and Management (GITAM) (Deemed), Visakhapatnam",2015,52,750
Gujarat,"GMERS Medical College, Valsad",Govt-Private,"Veer Narmad South Gujarat University, Surat",2012,22,500
Rajasthan,"Government Medical College, Bundi",Govt,"Rajasthan University of Health Sciences, Jaipur",2023,0,500
Assam,"Down Town Hospital, Guwahati",Private,NBEMS,1989,11,300
Rajasthan,"Dr. Kamdar Eye Hospital, Jodhpur",Private,NBEMS,2004,2,25
West Bengal,"Durgapur Sub Divisional Hospital, Durgapur",Govt,NBEMS,1978,6,250
Tamil Nadu,"Government Head Quarters Hospital, Nagapattinam",Govt,NBEMS,0,0,545
West Bengal,"District Hospital, Alipurduar",Govt,NBEMS,2016,10,300
Delhi,"Fortis Hospital, Vasant Kunj",Private,NBEMS,2001,3,162
Punjab,"Gian Sagar Medical College & Hospital, Patiala",Private,"Baba Farid University of Health Sciences, Faridkot",2020,8,500
Tamil Nadu,"Government Headquarters Hospital (Now Govt Medical College), Krishnagiri",Govt,NBEMS,2021,0,500
Tamil Nadu,"Government Thiruvannamalai Medical College, Thiruvannamalai",Govt,"The Tamilnadu Dr. MGR Medical University, Chennai",2013,30,440
Delhi,"Hindu Rao Hospital, Delhi",Govt,"Delhi University, Delhi",1951,32,832
Telangana,"Government Medical College, Nizamabad",Govt,"Dr. NTR University of Health Sciences, Vijayawada",2013,73,800
Telangana,"Government Medical College, Kumuram Bheem, Asifabad",Govt,"Kaloji Narayana Rao University of Health Sciences, Warangal",2023,0,500
Tamil Nadu,"Government Periyar Hospital, Mayiladuthurai",Govt,NBEMS,1965,3,550
Maharashtra,"Government Medical College, Nandurbar",Govt,"Maharashtra University of Health Sciences, Nashik",2020,10,0
Tamil Nadu,"Government Medical College, Ramanathapuram",Govt,"The Tamilnadu Dr. MGR Medical University, Chennai",2021,0,500
Rajasthan,"Eternal Heart Care Centre & Research Institute, Jaipur",Private,NBEMS,2013,7,250
Uttar Pradesh,"Government Institute of Medical Sciences, Kasna, Greater Noida",Govt,"King Georges Medical University, Lucknow",2019,60,0
Tamil Nadu,"G Kuppuswamy Naidu Memorial Hospital, Coimbatore",Private,NBEMS,1952,25,600
Rajasthan,"Government Medical College, Karauli",Govt,"Rajasthan University of Health Sciences, Jaipur",2023,0,500
Punjab,"District Hospital, Fatehgarh Sahib",Govt,NBEMS,0,1,100
Tamil Nadu,"Government Head Quarters Hospital, Perambalur",Govt,NBEMS,1965,8,300
Madhya Pradesh,"District Hospital, Morena",Govt,NBEMS,1956,2,350
Gujarat,"General Hospital, Nadiad",Govt,NBEMS,0,0,160
West Bengal,"Government Medical College & Hospital, Jhargram",Govt,"West Bengal University of Health Sciences, Kolkata",2022,0,250
Uttar Pradesh,"Government Medical College, Firozabad",Govt,"King Georges Medical University, Lucknow",2019,25,500
Maharashtra,"District Hospital, Bhandara",Govt,NBEMS,1969,4,300
Andhra Pradesh,"Dr. PSI Medical College, Chinoutpalli",Private,"Dr. NTR University of Health Sciences, Vijayawada",2002,121,800
Himachal Pradesh,"Dr. Rajendar Prasad Government Medical College, Tanda",Govt,"Himachal Pradesh University, Shimla",1996,101,0
Uttar Pradesh,"Era Lucknow Medical College, Lucknow",Private,"Dr. Ram Manohar Lohia Avadh University, Faizabad",1997,115,750
Uttar Pradesh,"Fortune Hospital, Kanpur",Private,NBEMS,2001,3,100
Karnataka,"General Hospital, Pavagada, Tumakuru",Govt,NBEMS,1916,2,500
West Bengal,"Gouri Devi Institute of Medical Sciences & Hospital, Durgapur",Private,"West Bengal University of Health Sciences, Kolkata",2016,53,300
Odisha,"Dr. Agarwals Eye Hospital, Cuttack",Private,NBEMS,2001,2,25
Haryana,"Fortis Memorial Research Institute, Gurgaon",Private,NBEMS,2009,8,310
Maharashtra,"Government Medical College, Parbhani",Govt,"Maharashtra University of Health Sciences, Nashik",2023,0,321
Gujarat,"GRD & KMM Instt. of Kidney Diseases Dr. HLT Instt. of Transplantation, Ahmedabad",Govt,"Gujarat University of Transplantation Sciences, Ahmedabad",1997,6,200
Delhi,"Indraprastha Apollo Hospital, New Delhi",Private,NBEMS,1995,30,718
Telangana,"Government Medical College, Mahabubnagar",Govt,"Kaloji Narayana Rao University of Health Sciences, Warangal",2016,30,750
Telangana,"Government Medical College, Nalgonda",Govt,"Kaloji Narayana Rao University of Health Sciences, Warangal",2019,22,750
Maharashtra,"HCG Manavata Cancer Centre, Nashik",Private,NBEMS,2007,3,200
Bihar,"Indira Gandhi Institute of Cardiology, Patna",Govt,NBEMS,1985,0,150
Rajasthan,"Guru Hasti Chikitsalya, Pipar City",Private,NBEMS,0,1,0
Maharashtra,"Hiranandani Hospital, Navi Mumbai",Private,NBEMS,1972,3,150
Andhra Pradesh,"Guntur Medical College, Guntur",Govt,"Dr. NTR University of Health Sciences, Vijayawada",1946,189,1204
West Bengal,"Indian Institute of Liver & Digestive Sciences, Sonarpur",Govt,NBEMS,2013,0,250
Karnataka,"Institute of Aerospace Medicine Indian Air Force, Bangalore",AFMS,"Rajiv Gandhi University of Health Sciences, Bangalore",1957,10,0
Telangana,"Fernandez Hospital, Banjara Hills, Hyderabad",Private,NBEMS,2016,1,320
Andhra Pradesh,"Government Medical College (formerly RIMS), Ongole",Govt,"Dr. NTR University of Health Sciences, Vijayawada",2011,99,0
Andhra Pradesh,"Government Medical College, Kadapa",Govt,"Dr. NTR University of Health Sciences, Vijayawada",2006,118,0
Tamil Nadu,"Ganga Medical Centre & Hospital, Coimbatore",Private,NBEMS,1975,12,475
Jammu & Kashmir,"Government Medical College, Kathua",Govt,"Jammu University, Jammu",2019,21,500
West Bengal,"Dinhata Sub-Divisional Hospital, Cooch Behar",Govt,NBEMS,1972,5,250
West Bengal,"District Hospital, Jalpaiguri",Govt,NBEMS,0,0,610
Andhra Pradesh,"Dr. Anji Reddy Multi Speciality Hospitals, Piduragalla",Private,NBEMS,2010,2,150
Maharashtra,"Dr. Babasaheb Ambedkar Central Railway Hospital, Mumbai",Public Sector,NBEMS,2020,20,366
Karnataka,"General Hospital, Chintamani, Chikkaballapur",Govt,NBEMS,1956,2,300
West Bengal,"Government Medical College & Hospital, Rampurhat",Govt,"West Bengal University of Health Sciences, Kolkata",2019,13,2013
Uttar Pradesh,"District Combined Hospital, Sec 39, Noida",Govt,NBEMS,0,3,240
Andhra Pradesh,"Government Medical College, Eluru",Govt,"Dr. NTR University of Health Sciences, Vijayawada",2023,0,500
West Bengal,"Diamond Harbour Government Medical College & Hospital, Harindanga",Govt,"West Bengal University of Health Sciences, Kolkata",2019,26,550
Ladakh,"District Hospital, Kargil, Ladakh",Govt,NBEMS,2022,4,300
Andhra Pradesh,"Dr. Ramesh Cardiac & Multi Speciality Hospital, Vijayawada",Private,NBEMS,1980,3,150
Jharkhand,"Dumka Medical College, Dighi Dumka",Govt,"Sidho Kanhu Murmu University, Dumka",2019,0,500
Haryana,"Fortis Escorts Hospital, Faridabad",Private,NBEMS,1988,13,210
Rajasthan,"Government District Hospital, Ajmer",Govt,NBEMS,1952,2,400
Tamil Nadu,"Government Head Quarters Hospital, Virudhunagar",Govt,NBEMS,0,0,326
Himachal Pradesh,"Dr. Radhakrishnan Government Medical College, Hamirpur",Govt,"Himachal Pradesh University, Shimla",2018,10,300
Kerala,"EMS Memorial Co-Operative Hospital & Research Centre, Perinthalmanna",Private,NBEMS,1998,15,540
Gujarat,"GCS Medical College, Ahmedabad",Private,"Gujarat University, Ahmedabad",2011,90,0
Tamil Nadu,"Dhanalakshmi Srinivasan Medical College & Hospital, Siruvachur, Perambalur",Private,"The Tamilnadu Dr. MGR Medical University, Chennai",2011,84,750
Karnataka,"General Hospital, Bangalore",Govt,NBEMS,1985,20,300
Karnataka,"Government District Hospital, Udupi",Govt,NBEMS,1961,1,194
Tamil Nadu,"Government Medical College, Tiruppur",Govt,"The Tamilnadu Dr. MGR Medical University, Chennai",2021,0,300
Andhra Pradesh,"Government Medical College, Vizianagaram",Govt,"Dr. NTR University of Health Sciences, Vijayawada",2023,0,500
Rajasthan,"Indira IVF Hospital, Udaipur",Private,NBEMS,1988,0,25
Himachal Pradesh,"Indira Gandhi Medical College, Shimla",Govt,"Himachal Pradesh University, Shimla",1966,152,872
Rajasthan,"Government Medical College, Pali, Rajasthan",Govt,"Rajasthan University of Health Sciences, Jaipur",2018,37,500
Telangana,"Gandhi Medical College, Secunderabad",Govt,"Dr. NTR University of Health Sciences, Vijayawada",1954,217,2200
Karnataka,"General Hospital, KGF",Govt,NBEMS,1954,1,250
Maharashtra,"Government Medical College, Alibag",Govt,"Maharashtra University of Health Sciences, Nashik",2021,18,500
Chhattisgarh,"District Hospital, Pandari, Raipur",Govt,NBEMS,1956,8,500
Gujarat,"General Hospital, Jamkhambhaliya",Govt,NBEMS,1960,2,150
Jammu & Kashmir,"Government Medical College, Handwara",Govt,"University of Kashmir, Srinagar",2023,19,500
West Bengal,"Dr. BN Bose Sub Divisional Hospital, Barrackpur",Govt,NBEMS,1993,2,200
West Bengal,"ESIC Medical College, Joka, Kolkata",Govt,"West Bengal University of Health Sciences, Kolkata",2013,31,500
Karnataka,"Fortis Hospital, Bannerghatta Road, Bangalore",Private,NBEMS,0,15,284
Karnataka,"General Hospital, Shikaripura",Govt,NBEMS,1963,4,150
Rajasthan,"Government Medical College, Barmer",Govt,"Rajasthan University of Health Sciences, Jaipur",2019,0,500
Telangana,"Government Medical College, Bhadradri Kothagudem",Govt,"Kaloji Narayana Rao University of Health Sciences, Warangal",2021,0,500
Rajasthan,"Government Medical College, Bhilwara",Govt,"Rajasthan University of Health Sciences, Jaipur",2018,22,500
Telangana,"Government Medical College, Jangaon",Govt,"Kaloji Narayana Rao University of Health Sciences, Warangal",2023,0,300
West Bengal,"Dishari Health Point, Mokdumpur",Private,NBEMS,2004,6,126
Uttar Pradesh,"Divisional District Hospital, Azamgarh",Govt,NBEMS,0,10,312
Haryana,"ESIC Medical College, Faridabad",Govt,"Pt. BD. Sharma University of Health Sciences, Rohtak",2015,87,0
Rajasthan,"Government Medical College, Chittorgarh",Govt,"Rajasthan University of Health Sciences, Jaipur",2022,0,500
Haryana,"District Civil Hospital, Ambala",Govt,NBEMS,0,1,0
Madhya Pradesh,"District Hospital, Guna",Govt,NBEMS,1956,2,350
Maharashtra,"Dr. Rajendra Gode Medical College & Hospital, Amravati",Private,NBEMS,2004,4,500
Haryana,"General Hospital, Panchkula",Govt,NBEMS,0,40,0
Kerala,"Government Medical College, Ernakulam",Govt,"Kerala University of Health Sciences, Thrissur",2000,11,700
Delhi,"Guru Gobind Singh Government Hospital, Delhi",Govt,NBEMS,1987,6,300
Uttar Pradesh,"Hind Institute of Medical Sciences, Barabanki",Private,"Dr. Ram Manohar Lohia Avadh University, Faizabad",2009,71,500
Haryana,"Holy Heart Super Speciality & Trauma Centre, Rohtak",Private,NBEMS,2011,0,54
Karnataka,"Indira Gandhi Institute of Child Health, Bangalore",Govt,"Rajiv Gandhi University of Health Sciences, Bangalore",1985,0,450
Andhra Pradesh,"Government Medical College, Nandyal",Govt,"Dr. NTR University of Health Sciences, Vijayawada",2023,0,500
Kerala,"Government Medical College, Kozhikode",Govt,"Kerala University of Health Sciences, Thrissur",1957,215,3025
Karnataka,"General Hospital, Holenarasipura, Hassan",Govt,NBEMS,1939,4,500
Rajasthan,"Government Mahatma Gandhi District Hospital, Banswara",Govt,NBEMS,1965,5,350
Rajasthan,"Government Medical College, Dholpur",Govt,"Rajasthan University of Health Sciences, Jaipur",2022,0,600
Chhattisgarh,"District Hospital, Kanker",Govt,NBEMS,1963,1,220
Maharashtra,"Dr. Ulhas Patil Medical College & Hospital, Jalgaon",Private,"Maharashtra University of Health Sciences, Nashik",2008,55,1200
West Bengal,"Government Medical College, Kolkata",Govt,"West Bengal University of Health Sciences, Kolkata",1838,253,2668
Maharashtra,"District Hospital, Beed",Govt,NBEMS,1950,4,450
Madhya Pradesh,"District Hospital, Sehore",Govt,NBEMS,1992,4,250
Gujarat,"Dr. Kiran C. Patel Medical College & Research Institute, Bharuch",Private,"Veer Narmad South Gujarat University, Surat",2020,0,0
Punjab,"ESIC Model Hospital, Ludhiana",Govt,NBEMS,1979,4,100
Tamil Nadu,"Government Medical College, Karur",Govt,"The Tamilnadu Dr. MGR Medical University, Chennai",2019,0,300
Odisha,"Fakir Mohan Medical College & Hospital, Balasore",Govt,NBEMS,2018,22,500
Karnataka,"Gadag Institute of Medical Sciences, Mallasamudra, Gadag",Govt,"Rajiv Gandhi University of Health Sciences, Bangalore",2015,53,350
Assam,"Dr. B Borooah Cancer Institute (Regional Cancer Centre), Guwahati",Govt,"Srimanta Shankardeva University of Health Sciences, Guwahati",0,5,0
Telangana,"Ekashilaa Hospitals (Formerly Maxcare Hospital), Hanamkonda",Private,NBEMS,2009,9,200
Gujarat,"GMERS Medical College, Junagadh",Govt-Private,"Saurashtra University, Rajkot",2015,32,750
Kerala,"Government Medical College, Kollam",Govt,"Kerala University of Health Sciences, Thrissur",2017,8,500
Gujarat,"Divyam Hospital, Surat",Private,NBEMS,2004,1,100
Uttar Pradesh,"Dr. Ram Manohar Lohia Institute of Medical Sciences, Lucknow",Govt,"King Georges Medical University, Lucknow",2012,103,0
Jammu & Kashmir,"Government Medical College, Baramulla",Govt,"Kashmir University, Srinagar",2019,45,300
Kerala,"Government Medical College, Konni, Pathanamthitta",Govt,"Kerala University of Health Sciences, Thrissur",2022,0,300
Delhi,"Dr. Baba Saheb Ambedkar Medical College, Rohini, Delhi",Govt,"Guru Gobind Singh Indraprastha University, Delhi",2016,37,540
Telangana,"Durgabai Deshmukh Hospital, Hyderabad",Private,NBEMS,1962,10,200
Karnataka,"General Hospital, Doddaballapura",Govt,NBEMS,0,3,100
West Bengal,"Habra State General Hospital, Habra",Govt,NBEMS,1969,6,300
Assam,"Haji Abdul Majid Memorial Hospital & Research Center, Hojai",Private,NBEMS,2005,13,250
Maharashtra,"Government Medical College, Sindhudurg",Govt,"Maharashtra University of Health Sciences, Nashik",2021,5,500
West Bengal,"Healthworld Hospital, Durgapur",Private,NBEMS,2017,16,300
Uttar Pradesh,"Homi Bhabha Cancer Hospital, Varanasi",Govt,"Mahatma Gandhi Kashi Vidyapith, Varanasi",2019,18,150
Maharashtra,"Indira Gandhi Medical College & Hospital, Nagpur",Govt,"Maharashtra University of Health Sciences, Nashik",1968,157,822
Telangana,"Indo American Cancer Institute & Research Centre, Hyderabad",Private,NBEMS,2000,10,150
Tamil Nadu,"Government Medical College, The Nilgiris",Govt,"The Tamilnadu Dr. MGR Medical University, Chennai",2021,0,300
Gujarat,"General Hospital, Vyara",Govt,NBEMS,1984,1,0
Assam,"GNRC Hospital, Dispur",Private,NBEMS,1989,0,150
West Bengal,"Government Medical College & Hospital, Raiganj",Govt,"West Bengal University of Health Sciences, Kolkata",2019,5,250
Delhi,"Dr. Shroff's Charity Eye Hospital, Daryaganj",Private,NBEMS,1922,5,56
Andhra Pradesh,"Government Area Hospital, Narsipatnam",Govt,NBEMS,1962,2,160
Andhra Pradesh,"Government General Hospital, Nandyal",Govt,NBEMS,1988,17,200
Telangana,"Fehmicare Hospital, Hyderabad",Private,NBEMS,2010,1,105
Tamil Nadu,"Frontier Lifeline Hospital, Chennai",Private,NBEMS,2002,0,120
Uttar Pradesh,"Gangasheel Advanced Medical Research Institute, Bareilly",Private,NBEMS,2009,6,450
Tamil Nadu,"Dr. Jeyasekharan Hospital & Nursing Home, Nagercoil",Private,NBEMS,1965,7,500
Karnataka,"General Hospital, Kanakapura, Ramanagara",Govt,NBEMS,1964,2,250
Tamil Nadu,"Government Head Quarters Hospital, Erode",Govt,NBEMS,1955,11,500
Maharashtra,"Government Medical College, Akola",Govt,"Maharashtra University of Health Sciences, Nashik",2002,80,680
Punjab,"Dr. Om Parkash Eye Institute, Amritsar",Private,NBEMS,1995,2,100
Karnataka,"Gopala Gowda Shanthaveri Memorial Hospital, Mysore",Private,NBEMS,1978,6,253
Punjab,"Emergency Medical Care(EMC) Hospital, Amritsar",Private,NBEMS,2003,2,200
Tamil Nadu,"Global Hospital & Health City, Chennai",Private,NBEMS,1999,3,1000
Andhra Pradesh,"Government General Hospital, Eluru",Govt,NBEMS,1952,6,450
Telangana,"District Hospital, Gollaguda",Govt,NBEMS,0,6,550
Maharashtra,"Dr. Rajendra Gode Medical College, Amravati",Private,"Maharashtra University of Health Sciences, Nashik",2023,0,350
Madhya Pradesh,"Gajra Raja Medical College, Gwalior",Govt,"Jiwaji University, Gwalior",1946,175,1100
Rajasthan,"Government Medical College, Alwar",Govt,"Rajasthan University of Health Sciences, Jaipur",2023,0,500
Maharashtra,"Government Medical College, Osmanabad",Govt,"Maharashtra University of Health Sciences, Nashik",0,3,430
Gujarat,"Gujarat Institute of Mental Health Hospital, Ahmedabad",Govt,NBEMS,1951,4,700
Karnataka,"Hosmat Hospital, Bangalore",Private,NBEMS,1994,4,500
Gujarat,"Government Medical College, Porbandar",Govt,"Bhakta Kavi Narsing Mehta University, Bikha Roa, Khadia",2022,0,500
Andhra Pradesh,"Government Medical College, Rajamahendravaram",Govt,"Dr. NTR University of Health Sciences, Vijayawada",2023,0,800
Delhi,"Indian Spinal Injuries Centre, Delhi",Private,NBEMS,1995,2,200
Gujarat,"Gujarat MRI Centre, Navarangpura",Private,NBEMS,2000,2,0
Punjab,"Homi Bhabha Cancer Hospital, Sangrur",Govt,"Baba Farid University of Health Sciences, Faridkot",2022,4,179
West Bengal,"ICARE Institute of Medical Sciences & Research, Haldia",Private,"West Bengal University of Health Sciences, Kolkata",2011,50,400
Madhya Pradesh,"Government Medical College, Satna",Govt,"Madhya Pradesh Medical Science University, Jabalpur",2023,0,250
Maharashtra,"Dr. Shankarrao Chavan Government Medical College, Nanded",Govt,"Maharashtra University of Health Sciences, Nashik",1988,107,600
West Bengal,"Gabberia State General Hospital, Gabberia",Govt,NBEMS,1976,2,200
Tamil Nadu,"Government Medical College, Dindigul",Govt,"The Tamilnadu Dr. MGR Medical University, Chennai",2021,0,500
Chhattisgarh,"Government Medical College, Korba",Govt,"Pt. Deendayal Upadhyay Memorial Health Sciences and Ayush University, Raipur",2020,0,500
Karnataka,"District Hospital, Tumakuru",Govt,NBEMS,1948,21,400
Uttar Pradesh,"District Women Hospital, Raebareli",Govt,NBEMS,1996,1,200
Tamil Nadu,"Dr. Kamakshi Memorial Hospital, Chennai",Private,NBEMS,2004,29,300
Maharashtra,"Gleneagles Hospitals - Super Speciality & Transplant Centre, Mumbai",Private,NBEMS,1999,0,450
Punjab,"Gian Sagar Medical College, Patiala",Private,"Baba Farid University of Health Sciences, Faridkot",2020,0,680
Gujarat,"GMERS Medical College, Gotri, Vadodara",Govt-Private,MS University of Baroda,2011,83,750
Maharashtra,"Dr. LH Hiranandani Hospital, Mumbai",Private,NBEMS,2007,18,244
Tamil Nadu,"Dr. Rangarajan Memorial Hospital, Chennai",Private,NBEMS,1995,18,220
Delhi,"GB Pant Institute of Postgraduate Medical Education & Research, New Delhi",Govt,"Delhi University, Delhi",1964,11,714
Rajasthan,"Government DB General District Hospital, Churu",Govt,NBEMS,1955,22,250
Rajasthan,"Government Medical College, Bharatpur",Govt,"Rajasthan University of Health Sciences, Jaipur",2018,48,500
Tamil Nadu,"Dhanalakshmi Srinivasan Institute of Medical Sciences & Hospital, Thuraiyur Road, Perambalur",Private,"Dhanalakshmi Srinivasan University, Tiruchirappali",2023,0,650
Telangana,"Dr. Raos ENT Super Speciality Hospitals, Hyderabad",Private,NBEMS,1995,2,100
Rajasthan,"Government General Hospital, Madhopur",Govt,NBEMS,2013,28,100
Uttar Pradesh,"Government Medical College & Super Facility Hospital, Azamgarh",Govt,"King Georges Medical University, Lucknow",2013,40,500
Rajasthan,"Government Medical College, Churu",Govt,"Rajasthan University of Health Sciences, Jaipur",1992,7,500
Karnataka,"GR Medical College Hospital & Research Centre, Mangalore",Private,"Rajiv Gandhi University of Health Sciences, Bangalore",2021,0,330
Maharashtra,"Indian Institute of Medical Science & Research, Jalna",Private,"Maharashtra University of Health Sciences, Nashik",2013,46,500
Gujarat,"Haria LG Rotary Hospital, Vapi",Private,NBEMS,1977,2,200
Punjab,"Guru Govind Singh Medical College, Faridkot",Govt,"Baba Farid University of Health Sciences, Faridkot",1973,105,1000
Odisha,"Government Medical College, Sundargarh",Govt,"Sambalpur University, Burla",2021,0,500
Karnataka,"Hindustan Aeronautics Hospital, Bangalore",Private,NBEMS,1968,6,218
Maharashtra,"Government Medical College, Nagpur",Govt,"Maharashtra University of Health Sciences, Nashik",1947,263,1886
Maharashtra,"Government Medical College, Satara",Govt,"Maharashtra University of Health Sciences, Nashik",2021,3,500
Bihar,"Ford Hospital & Research Centre, Patna",Private,NBEMS,2007,4,100
Punjab,"Fortis Hospital, Mohali",Private,NBEMS,2001,18,360
Kerala,"Government General Hospital, Ernakulam",Govt,NBEMS,1845,4,783
Tamil Nadu,"Government Head Quarters Hospital, Pollachi",Govt,NBEMS,1944,8,150
Rajasthan,"Government Medical College & Bangur Hospital, Pali",Govt,NBEMS,2020,14,720
Delhi,"Dr. BL Kapur Memorial Hospital, New Delhi",Private,NBEMS,1959,20,650
Maharashtra,"Dr. Hedgewar Rugnalaya, Aurangabad",Private,NBEMS,1989,13,304
Tamil Nadu,"Government Dharmapuri Medical College, Dharmapuri",Govt,"The Tamilnadu Dr. MGR Medical University, Chennai",2008,44,600
Karnataka,"Dr. Chandramma Dayananda Sagar Institute of Medical Education & Research, Hubli",Private,"Dayananda Sagar University, Bangalore",2020,8,635
Kerala,"Dr. Moopen's Medical College, Wayanad",Private,"Kerala University of Health Sciences, Thrissur",2013,16,750
Rajasthan,"Dr. SS Tantia Medical College, Sri Ganganagar",Private,"Tantia Univeristy, Sri Ganganagar",2021,0,300
Maharashtra,"Government Medical College & District Hospital, Ratnagiri",Govt,"Maharashtra University of Health Sciences, Nashik",2023,0,500
Rajasthan,"District Hospital, Pratapgarh, Rajasthan",Govt,NBEMS,1965,6,250
Kerala,"Dr. Somervel Memorial CSI Hospital & Medical College, Karakonam",Private,"Kerala University of Health Sciences, Thrissur",2001,41,650
Maharashtra,"ESI PGIMSR & ESI Hospital, Parel, Mumbai",Govt,"Maharashtra University of Health Sciences, Nashik",2009,6,0
Uttar Pradesh,"Divine Heart & Multispecialty Hospital, Lucknow",Private,NBEMS,2003,2,110
Rajasthan,"Government Medical College & Associated Group of Hospitals, Dungarpur",Govt,NBEMS,2018,15,600
Bihar,"Government Medical College, Purnea",Govt,"Aryabhatta Knowledge University, Patna",2023,5,500
Gujarat,"HCG Hospital, Ahmedabad",Private,NBEMS,2007,2,300
Gujarat,"HCG Cancer Centre, Ahmedabad",Private,NBEMS,2012,1,200
Maharashtra,"HBT Medical College & Dr. RN Cooper Municipal General Hospital, Juhu, Mumbai",Govt,"Maharashtra University of Health Sciences, Nashik",2015,60,636
Kerala,"Government Medical College, Palakkad",Govt,"Kerala University of Health Sciences, Thrissur",2014,12,544
Odisha,"HCG Panda Cancer Hospital, Cuttack",Private,NBEMS,2013,1,130
Rajasthan,"Government Medical College, Sri Ganganagar",Govt,"Rajasthan University of Health Sciences, Jaipur",2022,0,500
West Bengal,"Institute of Child Health, Kolkata",Private,"West Bengal University of Health Sciences, Kolkata",1956,17,200
Gujarat,"Dr. ND Desai Faculty of Medical Science & Research, Nadiad",Private,"Dharmsinh Desai University, Nadiad",2019,57,300
Kerala,"Edappal Hospital, Edappal",Private,NBEMS,1990,2,288
Maharashtra,"Galaxy Care Multispeciality Hospital, Pune",Private,NBEMS,2005,0,100
Rajasthan,"General Hospital, Jalore",Govt,NBEMS,1952,2,200
Rajasthan,"Government Amrit Kaur Hospital, Beawar",Govt,NBEMS,1950,6,200
Uttar Pradesh,"District Combined Hospital, Sec 23, Ghaziabad",Govt,NBEMS,0,2,0
Andhra Pradesh,"GMR Varalakshmi Care Hospital, Srikakulam",Private,NBEMS,2012,4,200
Tamil Nadu,"Government Medical College & ESIC Hospital, Coimbatore",Govt,"The Tamilnadu Dr. MGR Medical University, Chennai",2016,5,500
Kerala,"Government Medical College, Idukki",Govt,"Kerala University of Health Sciences, Thrissur",2014,0,500
West Bengal,"Domkal Sub Divisional & Super Speciality Hospital, Murshidabad",Govt,NBEMS,2015,4,250
Rajasthan,"GBH American Hospital, Udaipur",Private,NBEMS,2006,1,150
Punjab,"Government Medical College, Amritsar",Govt,"Baba Farid University of Health Sciences, Faridkot",1943,147,0
Andhra Pradesh,"District Hospital, West Godavari",Govt,NBEMS,1962,2,500
Karnataka,"General Hospital, Sira, Tumkur",Govt,NBEMS,1916,2,500
Tamil Nadu,"Government Erode Medical College (Formerly IRT Medical College), Perundurai",Govt,"The Tamilnadu Dr. MGR Medical University, Chennai",1992,9,650
Uttar Pradesh,"District Women Hospital, Rekab Ganj",Govt,NBEMS,0,3,0
Gujarat,"Dr. Bankar Healthcare, Ahmedabad",Private,NBEMS,2023,0,0
Kerala,"Dr. Tony's Super Speciality Eye Institute, Ernakulam",Private,NBEMS,2008,1,19
Delhi,"ESI Hospital, Jhilmil",Govt,NBEMS,1977,0,300
Telangana,"General Hospital, Karimnagar",Govt,NBEMS,1920,4,500
Gujarat,"GMERS Medical College, Rajpipla",Govt-Private,"Veer Narmad South Gujarat University, Surat",2022,2,600
Maharashtra,"Dr. RN Cooper Municipal General Hospital, Mumbai",Govt,NBEMS,1969,21,580
Tamil Nadu,"GEM Hospital, Chennai",Private,NBEMS,2012,0,100
Chhattisgarh,"Government Medical College, Kanker",Govt,"Pt. Deendayal Upadhyay Memorial Health Sciences and Ayush University, Raipur",2021,0,380
Madhya Pradesh,"Government Medical College, Shahdol",Govt,"Madhya Pradesh Medical Science University, Jabalpur",2019,6,1400
West Bengal,"Imambara District Hospital, Hooghly",Govt,NBEMS,1900,18,625
Uttar Pradesh,"Hind Institute of Medical Sciences, Sitapur",Private,"King Georges Medical University, Lucknow",2015,59,500
Kerala,"Government Medical College, Manjeri, Malappuram",Govt,"Kerala University of Health Sciences, Thrissur",2013,6,516
Madhya Pradesh,"Gwalior Mansik Arogyashala, Gwalior",Govt,"Madhya Pradesh Medical Science University, Jabalpur",2022,4,220
Rajasthan,"Heart & General Hospital, Jaipur",Private,NBEMS,1987,0,50
Andhra Pradesh,"Dr. Ramana Raju's Visiontree Superspeciality Eye Care Center, Visakhapatnam",Private,NBEMS,0,1,20
Gujarat,"Drashti Nethralaya, Dahod",Private,NBEMS,1991,2,20
Gujarat,"ESIC Model Hospital, Ahmedabad",Govt,NBEMS,2006,9,300
Karnataka,"Fortis Hospital, Bangalore",Private,NBEMS,2006,0,119
Andhra Pradesh,"Government General Hospital, Vizianagaram",Govt,NBEMS,1988,19,430
Gujarat,"Government Medical College, Bhavnagar",Govt,"Maharaja Krishnakumarsinhji Bhavnagar University, Bhavnagar",1995,133,970
Gujarat,"GMERS Medical College, Gandhinagar",Govt-Private,"Gujarat University, Ahmedabad",2012,69,0
Rajasthan,"Government District Hospital, Bundi",Govt,NBEMS,1952,18,300
Maharashtra,"Dr. NY Tasgaonkar Institute of Medical Science, Karjat",Private,"Maharashtra University of Health Sciences, Nashik",2021,0,401
Maharashtra,"Dr. Panjabrao Alias Bhausaheb Deshmukh Memorial Medical College, Amravati",Private,"Maharashtra University of Health Sciences, Nashik",1984,55,830
Andhra Pradesh,"Dr. Ramesh Cardiac & Multi Speciality Hospital, Guntur",Private,NBEMS,1988,20,100
Haryana,"Delhi Hospital & Nursing Home, Jhajjar",Private,NBEMS,1990,6,60
Haryana,"District Civil Hospital, Hisar",Govt,NBEMS,1956,8,300
Madhya Pradesh,"District Hospital, Ratlam",Govt,NBEMS,1952,8,350
Karnataka,"Dr. Chandramma Dayananda Sagar Institute, Hubli",Private,"Dayananda Sagar University, Bangalore",2019,0,770
Rajasthan,"Dr. SS Tantia Medical College Hospital & Research Centre, Sri Ganganagar",Private,"Tantia Univeristy, Sri Ganganagar",2021,33,300
Maharashtra,"Endoworld Hospital, Aurangabad",Private,NBEMS,2010,2,50
Uttar Pradesh,"Gandhi Memorial & Associated Hospital, Lucknow",Govt,NBEMS,1914,0,1000
Madhya Pradesh,"Gastrocare Liver & Digestive Disease Center, Bhopal",Private,NBEMS,2006,0,100
Gujarat,"GMERS Medical College (General Hospital), Morbi",Govt,NBEMS,2015,15,500
Kerala,"Government General Hospital, Thiruvananthapuram",Govt,NBEMS,1865,6,747
Madhya Pradesh,"District Hospital, Ujjain",Govt,NBEMS,1956,5,450
Kerala,"Government District Hospital, Kannur",Govt,NBEMS,1934,1,616
Karnataka,"District Hospital, Vijayapura",Govt,NBEMS,1886,17,400
Rajasthan,"Government District Saadat Hospital, Tonk",Govt,NBEMS,1955,6,300
Uttar Pradesh,"District Combined Hospital, Vrindavan",Govt,NBEMS,2019,2,300
Uttar Pradesh,"District Women Hospital, Azamgarh",Govt,NBEMS,0,1,150
Kerala,"GG Hospital, Trivandrum",Private,NBEMS,2016,5,190
Goa,"Goa Medical College, Panaji",Govt,"Goa University, Goa",1963,140,1163
Jammu & Kashmir,"Government Hospital, Jammu",Govt,NBEMS,0,12,0
Rajasthan,"Government Medical College, Sirohi",Govt,"Rajasthan University of Health Sciences, Jaipur",2022,0,550
Gujarat,"Government Medical College, Surat",Govt,"Veer Narmad South Gujarat University, Surat",1964,238,1260
West Bengal,"Infectious Diseases & Beliaghata General Hospital, Kolkata",Govt,NBEMS,1945,4,600
Pondicherry,"Indira Gandhi Medical College & Research Institute, Puducherry",Govt,"Pondicherry University, Pondicherry",2010,60,750
Tamil Nadu,"Government Medical College, Nagapattinam",Govt,"The Tamilnadu Dr. MGR Medical University, Chennai",2021,0,300
Himachal Pradesh,"Government Medical College, Nahan, Sirmour",Govt,"Himachal Pradesh University, Shimla",2016,5,313
Madhya Pradesh,"Government Medical College, Vidisha",Govt,"Madhya Pradesh Medical Science University, Jabalpur",2018,51,0
Telangana,"Government Medical College, Wanaparthy",Govt,"Kaloji Narayana Rao University of Health Sciences, Warangal",2022,0,0
Telangana,"Government Medical College, Vikarabad",Govt,"Kaloji Narayana Rao University of Health Sciences, Warangal",2023,0,0
Maharashtra,"Indira IVF Hospital, Pune",Private,NBEMS,2016,0,40
Madhya Pradesh,"Government Medical College, Shivpuri",Govt,"Madhya Pradesh Medical Science University, Jabalpur",2019,21,300
Tamil Nadu,"Government Medical College, Thiruvallur",Govt,"The Tamilnadu Dr. MGR Medical University, Chennai",2021,0,330
Telangana,"Government Medical College, Ramagundam",Govt,"Kaloji Narayana Rao University of Health Sciences, Warangal",2022,0,500
Rajasthan,"Government RDBP Jaipuria Hospital, Jaipur",Govt,NBEMS,1991,17,0
Kerala,"Government TD Medical College, Alappuzha",Govt,"Kerala University of Health Sciences, Thrissur",1963,80,1572
Tamil Nadu,"Hannah Joseph Hospital, Madurai",Private,NBEMS,2008,2,150
Gujarat,"Government Medical College, Panchmahal Godhra",Govt,"Shri Govind Guru University, Godhara",2022,0,500
Uttar Pradesh,"Government Medical College, Rampur, Basti",Govt,"King Georges Medical University, Lucknow",2019,22,500
Assam,"Hayat Hospital, Guwahati",Private,NBEMS,2004,7,200
Kerala,"Government Medical College, Pariyaram, Kannur",Govt,"Kerala University of Health Sciences, Thrissur",1995,36,1200
Gujarat,"Gujarat Adani Institute of Medical Sciences, Bhuj",Private,"KSKV Kachchh University, Bhuj",2009,94,750
Chandigarh,"Government Multi Specialty Hospital, Chandigarh",Govt,NBEMS,0,37,500
Karnataka,"Healthcare Global Specialty Hospital, Bangalore",Private,NBEMS,1989,6,250
Gujarat,"Hospital for Mental Health, Vadodara",Govt,NBEMS,1898,3,300
Tamil Nadu,"Government Mohan Kumaramangalam Medical College, Salem",Govt,"The Tamilnadu Dr. MGR Medical University, Chennai",1986,95,1642
Karnataka,"Haveri Institute of Medical Sciences, Haveri",Govt,"Rajiv Gandhi University of Health Sciences, Bangalore",2022,0,0
Madhya Pradesh,"Index Medical College Hospital & Research Centre, Indore",Private,"Malwanchal University, Indore",2007,184,1100
Rajasthan,"Gurukripa Hospitals, Sikar",Private,NBEMS,2012,7,100
Tamil Nadu,"Hindusthan Hospital, Coimbatore",Private,NBEMS,2004,2,250
Maharashtra,"Holy Family Hospital, Mumbai",Private,NBEMS,1942,15,268
Andhra Pradesh,"Government Siddhartha Medical College, Vijayawada",Govt,"Dr. NTR University of Health Sciences, Vijayawada",1980,152,0
Tamil Nadu,"Government Vellore Medical College, Vellore",Govt,"The Tamilnadu Dr. MGR Medical University, Chennai",2005,50,500
Punjab,"Grecian Super Speciality Hospital, Mohali",Private,NBEMS,1982,2,450
Telangana,"Government Medical College, Mahabubabad",Govt,"Kaloji Narayana Rao University of Health Sciences, Warangal",2023,0,500
Tamil Nadu,"Government Sivagangai Medical College, Sivaganga",Govt,"The Tamilnadu Dr. MGR Medical University, Chennai",2012,26,300
Punjab,"Hartej Hospital (Hartej Nursing Home), Amritsar",Private,NBEMS,1984,3,50
Uttar Pradesh,"Heritage Hospital, Varanasi",Private,NBEMS,1994,4,150
Telangana,"Government Medical College, Nirmal",Govt,"Kaloji Narayana Rao University of Health Sciences, Warangal",2023,0,500
Maharashtra,"HCG Cancer Centre, Mumbai",Private,NBEMS,2017,2,119
Telangana,"Government Medical College, Mancherial",Govt,"Kaloji Narayana Rao University of Health Sciences, Warangal",2022,0,500
Maharashtra,"Government Medical College, Miraj",Govt,"Maharashtra University of Health Sciences, Nashik",1962,96,320
Uttar Pradesh,"GSVM Medical College, Kanpur",Govt,"CSJM University, Kanpur",1955,171,0
Kerala,"Holy Cross Hospital, Kollam",Private,NBEMS,1952,4,390
Tamil Nadu,"Government Villupuram Medical College, Villupuram",Govt,"The Tamilnadu Dr. MGR Medical University, Chennai",2010,48,1150
West Bengal,"Haldia Sub-Divisional Hospital, Medinipur",Govt,NBEMS,2004,1,250
Karnataka,"Hassan Institute of Medical Sciences, Hassan",Govt,"Rajiv Gandhi University of Health Sciences, Bangalore",2006,61,750
Andhra Pradesh,"Indlas Hospitals, Vijayawada",Private,NBEMS,1983,2,100
Maharashtra,"Grant Medical College, Mumbai",Govt,"Maharashtra University of Health Sciences, Nashik",1845,307,2844
Delhi,"Hamdard Institute of Medical Sciences & Research, New Delhi",Deemed,"University of Jamia Hamdard (Hamdard University), New Delhi",2012,49,740
Gujarat,"HCG Cancer Centre, Vadodara",Private,NBEMS,2016,0,100
Uttar Pradesh,"Heritage Institute of Medical Sciences, Varanasi",Private,"Mahatma Gandhi Kashi Vidyapith, Varanasi",2015,56,500
Rajasthan,"HCG Hospital, Jaipur",Private,NBEMS,2004,0,150
Rajasthan,"Government. BDK Hospital, Jhunjhunu",Govt,NBEMS,1952,31,300
Karnataka,"Gulbarga Institute of Medical Sciences, Gulbarga",Govt,"Rajiv Gandhi University of Health Sciences, Bangalore",2015,66,0
Odisha,"Hi Tech Medical College & Hospital, Rourkela",Private,"Sambalpur University, Burla",2012,10,400
Uttar Pradesh,"Icon Hospital, Lucknow",Private,NBEMS,2013,2,100
Tamil Nadu,"Gunam Super Speciality Hospital, Hosur",Private,NBEMS,2013,6,100
Uttar Pradesh,"ICARE Eye Hospital & Postgraduate Institute, Noida",Private,NBEMS,1993,2,70
Maharashtra,"Government Medical College, Latur",Govt,"Maharashtra University of Health Sciences, Nashik",2002,70,770
Karnataka,"Kauvery Hospital, Bangalore",Private,NBEMS,2020,16,200
Uttar Pradesh,"Max Super Speciality Hospital, Lucknow",Private,NBEMS,0,9,299
Delhi,"Jaipur Golden Hospital, New Delhi",Private,NBEMS,1991,20,242
Gujarat,"Jamnabai General Hospital, Vadodara",Govt,NBEMS,1937,2,0
Uttar Pradesh,"Kailash Hospital & Heart Institute, Noida",Private,NBEMS,0,7,325
Tamil Nadu,"Kanyakumari Medical Mission CSI Mission Hospital, Kanyakumari",Private,NBEMS,1954,2,350
Maharashtra,"KJ Somaiyya Medical College & Research Centre, Mumbai",Private,"Maharashtra University of Health Sciences, Nashik",1991,34,556
Gujarat,"Mahavir Hospital Manish IVF Center, Surendranagar",Private,NBEMS,2000,2,50
Uttar Pradesh,"Kamla Nehru Memorial Hospital, Allahabad",Private,NBEMS,1931,3,376
Uttar Pradesh,"LLRM Medical College, Meerut",Govt,"Chaudhary Charan Singh University, Meerut",1966,141,1040
Telangana,"Mahavir Institute of Medical Sciences, Vikarabad",Private,"Dr. NTR University of Health Sciences, Vijayawada",2016,39,750
Andhra Pradesh,"Mallika Hospitals (Formerly Mallika Spine Centre), Guntur",Private,NBEMS,2005,0,0
Karnataka,"Institute of Gastroenterology Sciences & Organ Transplant, Bangalore",Govt,NBEMS,2016,0,113
Manipur,"Jawaharlal Nehru Institute of Medical Sciences, Porompet, Imphal",Govt,"Manipur University, Imphal",2010,90,576
Karnataka,"Jawaharlal Nehru Medical College, Belgaum",Deemed,"KLE Academy of Higher Education & Research (Deemed), Belgaum",1963,217,2400
Bihar,"Loknayak Jaiprakash Narayan Hospital, Patna",Govt,NBEMS,1979,2,750
Haryana,"Maharishi Markandeshwar College of Medical Sciences & Research, Sadopur",Deemed,"Maharishi Marakandeshwar University (Deemed), Mullana, Ambala",2023,0,605
Karnataka,"Manipal Hospital, Yeshwanthpur, Bangalore",Private,NBEMS,0,5,160
Odisha,"Jaiprakash Hospital & Research Centre, Rourkela",Private,NBEMS,2004,18,307
Kerala,"KJK Hospital Fertility Research & Gynaec Centre, Thiruvananthapuram",Private,NBEMS,2000,0,22
Karnataka,"Karwar Institute of Medical Sciences, Karwar",Govt,"Rajiv Gandhi University of Health Sciences, Bangalore",2016,51,579
Tamil Nadu,"Krishnakumar Orthopedic Hospital, Nagercoil",Private,NBEMS,1993,2,100
Odisha,"National Institute of Rehabilitation Training & Research, Cuttack",Govt,NBEMS,1984,2,100
Telangana,"Nizams Institute of Medical Sciences, Hyderabad",Govt,"Nizams Institute of Medical Sciences (Deemed), Hyderabad",1961,90,1489
West Bengal,"Rabindranath Tagore International Institute of Cardiac Sciences, Kolkata",Private,NBEMS,2001,28,550
Andhra Pradesh,"Rajiv Gandhi Institute of Medical Sciences, Srikakulam",Govt,"Dr. NTR University of Health Sciences, Vijayawada",2008,92,800
Uttar Pradesh,"Rajshree Medical Research Institute, Bareilly",Private,"Mahatma Jyotiba Phule Rohilkhand University, Bareilly",2014,77,0
Delhi,"National Heart Institute, New Delhi",Private,NBEMS,1981,4,100
Maharashtra,"Pandit Madan Mohan Malaviya Shatabdi Hospital, Mumbai",Govt,NBEMS,1982,12,210
Karnataka,"Prasad Netralaya Superspeciality Eye Hospital, Udupi",Private,NBEMS,2005,4,50
Tamil Nadu,"KMCH Institute of Health Sciences & Research, Coimbatore",Private,"The Tamilnadu Dr. MGR Medical University, Chennai",2019,0,600
Haryana,"Metro Heart Institute with Multispecialty, Faridabad",Private,NBEMS,2002,13,400
Maharashtra,"Khan Bahadur Bhabha Hospital, Mumbai",Public Sector,NBEMS,1959,15,436
Andhra Pradesh,"KIMS Hospital, Kurnool",Private,NBEMS,2000,7,200
Rajasthan,"Magnus Hospital, Udaipur",Private,NBEMS,2013,2,50
Telangana,"Mallareddy Medical College for Women, Hyderabad",Private,"Dr. NTR University of Health Sciences, Vijayawada",2013,114,650
Kerala,"MK Haji Orphanage Hospital, Malappuram",Private,NBEMS,1996,1,100
Delhi,"Institute of Liver & Biliary Sciences, New Delhi",Govt,"ILBS (Autonomous), Delhi",2010,0,300
Odisha,"Mahanadi Netra Chitsalaya, Sonapur",Private,NBEMS,2005,1,30
Maharashtra,"Mahatma Gandhi Missions Medical College, Navi Mumbai",Deemed,"MGM Institute of Health Sciences (Deemed), Navi Mumbai",1989,136,1200
Karnataka,"Manipal Hospital, Sarjapur Road, Bangalore",Private,NBEMS,1991,7,206
Bihar,"Jayprabha Medanta Superspeciality Hospital, Patna",Private,NBEMS,2019,7,500
Pondicherry,"JIPMER, Puducherry",Govt,"Statutory Autonomous, Puducherry",1956,0,2059
Delhi,"Joint Accr. Mahajan Imaging & Labs (Sir Ganga Ram Hospital), New Delhi",Private,NBEMS,0,2,560
Rajasthan,"Kamla Nagar Hospital, Jodhpur",Private,NBEMS,1989,1,0
West Bengal,"Kandi Sub Divisional Hospital, Murshidabad",Govt,NBEMS,1976,1,100
Rajasthan,"Maitri Hospital, Kota",Private,NBEMS,2001,2,160
Haryana,"Metro Hospital & Heart Institute, Gurugram",Private,NBEMS,0,2,250
Punjab,"Joint Accr. Amandeep Medicity Mall Road & Amandeep Hospital, Model Town, Amritsar",Private,NBEMS,1990,0,110
Tamil Nadu,"KG Hospital & PG Medical Institute, Coimbatore",Private,NBEMS,1990,23,300
Tamil Nadu,"Krishna Maternity Home & Pediatric Centre, Palayamkottai",Private,NBEMS,1985,2,40
Pondicherry,"Mahatma Gandhi Medical College & Research Institute, Pondicherry",Deemed,"Sri Balaji Vidyapeeth (Deemed), Pondicherry",2002,173,1140
Andhra Pradesh,"Medicover Hospitals MVP, Visakhapatnam",Private,NBEMS,2019,9,200
Kerala,"Lisie Medical Institution, Kochi",Private,NBEMS,1956,19,750
Maharashtra,"Maharashtra Post Graduate Institute of Medical Education & Research, Nashik",Govt,"Maharashtra University of Health Sciences, Nashik",2021,77,430
Maharashtra,"Medicare Multispeciality Hospital, Pusad, Yavatmal",Private,NBEMS,2007,9,100
Telangana,"MNR Medical College & Hospital, Sangareddy",Private,"Kaloji Narayana Rao University of Health Sciences, Warangal",2002,126,850
Maharashtra,"Institute of Navel Medicine, INHS, Aswini",AFMS,"Maharashtra University of Health Sciences, Nashik",1972,43,825
Kerala,"Lakeshore Hospital & Research Centre, Ernakulam",Private,NBEMS,2003,10,470
Andhra Pradesh,"Latha Super Specialty Hospital, Vijayawada",Private,NBEMS,2008,0,150
Maharashtra,"Masai Children's Hospital, Kolhapur",Private,NBEMS,1993,1,103
Uttar Pradesh,"Moti Lal Nehru Medical College, Allahabad",Govt,"King Georges Medical University, Lucknow",1961,172,1000
Uttar Pradesh,"Maharaja Suhel Dev Medical College & Mahrishi Balark Hospital, Bahraich",Govt,NBEMS,2019,10,500
Uttar Pradesh,"Metro Heart Institute, Noida",Private,NBEMS,1997,2,0
Kerala,"Metropolitan Hospital, Thrissur",Private,NBEMS,1986,0,250
West Bengal,"KPC Medical College, Jadavpur, Kolkata",Private,"West Bengal University of Health Sciences, Kolkata",2008,70,700
Tamil Nadu,"Meenakshi Hospital, Tanjore",Private,NBEMS,2013,3,100
Tamil Nadu,"MGM Health Care, Chennai",Private,NBEMS,2018,19,200
Uttar Pradesh,"KK Hospital, Lucknow",Private,NBEMS,1992,1,101
Andhra Pradesh,"Krishna Institute of Medical Sciences, Nellore",Private,NBEMS,2000,0,250
Uttar Pradesh,"Mahamaya Rajkiya Allopathic Medical College, Ambedkarnagar",Govt,"Dr. Ram Manohar Lohia Avadh University, Faizabad",2011,5,500
Andhra Pradesh,"Kanumuri Hospital, Guntur",Private,NBEMS,2011,3,100
Haryana,"Medanta The Medicity, Gurgaon",Private,NBEMS,0,32,1391
Odisha,"Institute of Medical Sciences & SUM Hospital, Bhubaneswar",Deemed,"Siksha O Anusandhan University, Bhubaneswar",2007,170,0
Chhattisgarh,"Jan Swasthya Sahyog, Bilaspur",Private,NBEMS,1997,4,136
Tamil Nadu,"KMC Specialty Hospital, Trichy",Private,NBEMS,2008,17,200
Kerala,"Malabar Medical College, Kozhikode",Private,"Kerala University of Health Sciences, Thrissur",2010,54,0
West Bengal,"Manipal Hospitals (Formerly AMRI), Mukundapur, Kolkata",Private,NBEMS,2011,4,139
West Bengal,"Midnapore Medical College, Midnapore",Govt,"West Bengal University of Health Sciences, Kolkata",2001,61,1031
Delhi,"Institute of Nuclear Medicine & Allied Sciences, New Delhi",Govt,"Delhi University, Delhi",1956,4,0
Assam,"Jorhat Medical College & Hospital, Jorhat",Govt,"Srimanta Shankardeva University of Health Sciences, Guwahati",2010,83,814
Kerala,"Malankara Medical Mission Hospital, Thrissur",Private,NBEMS,1971,2,400
Tamil Nadu,"Melmaruvathur Adiparasakthi Institute Medical Sciences & Research, Melmaruvathur",Private,"The Tamilnadu Dr. MGR Medical University, Chennai",2008,53,1000
Gujarat,"MGG General Hospital, Navsari",Govt,NBEMS,0,0,230
Telangana,"Kamineni Hospital, King Koti, Hyderabad",Private,NBEMS,2006,3,0
Kerala,"Medical Trust Hospital, Kochi",Private,NBEMS,1980,27,750
Gujarat,"Kailash Cancer Hospital & Research Centre, Vadodara",Private,NBEMS,2001,1,285
Madhya Pradesh,"LNCT Medical College & Sewakunj Hospital, Indore",Private,"Madhya Pradesh Medical Science University, Jabalpur",2021,0,0
Andhra Pradesh,"Maharajah Institute of Medical Sciences, Vizianagaram",Private,"Dr. NTR University of Health Sciences, Vijayawada",2002,89,750
Telangana,"Mamata Academy of Medical Sciences, Bachupally",Private,"Kaloji Narayana Rao University of Health Sciences, Warangal",2019,98,600
Maharashtra,"Saifee Hospital, Mumbai",Private,NBEMS,2005,17,257
Andhra Pradesh,"Nimra Institute of Medical Sciences, Ibrahimpatnam",Private,"Dr. NTR University of Health Sciences, Vijayawada",2016,36,750
Uttar Pradesh,"Institute of Medical Sciences, BHU, Varanasi",Govt,"Banaras Hindu University, Varanasi",1960,189,0
Tamil Nadu,"Kongunad Hospitals, Coimbatore",Private,NBEMS,1991,11,425
Uttar Pradesh,"Lal Bahadur Shastri Hospital, Varanasi",Govt,NBEMS,0,4,153
Kerala,"Malabar Cancer Centre Postgraduate Institute of Oncology, Modakkallur",Private,"Kerala University of Health Sciences, Thrissur",2023,0,220
Karnataka,"Kasturba Medical College, Mangalore",Deemed,"Manipal Academy of Higher Education (Deemed), Manipal",1955,167,1290
Karnataka,"KLE Centenary Charitable Hospital & MRC, Belagavi",Private,NBEMS,2015,3,500
Telangana,"Maheshwara Medical College, Chitkul, Patancheru, Medak",Private,"Dr. NTR University of Health Sciences, Vijayawada",2016,30,850
West Bengal,"Institute of Neurosciences, Kolkata",Govt,NBEMS,2000,0,210
Chhattisgarh,"JLN Main Hospital & Research Centre, Bhilai",Public Sector,NBEMS,0,36,860
Kerala,"Kerala Institute of Medical Sciences, Trivandrum",Private,NBEMS,2002,41,772
Maharashtra,"Kokilaben Dhirubhai Ambani Hospital, Navi Mumbai",Private,NBEMS,2009,2,225
Uttar Pradesh,"Maharani Laxmi Bai Medical College, Jhansi",Govt,"Bundelkhand University, Jhansi",1968,102,1000
Kerala,"IQRAA International Hospital & Research Centre, Calicut",Private,NBEMS,2000,13,436
Uttar Pradesh,"Joint Accr. Lok Bandhu Raj Narayan Combined Hospital, Lucknow & Rani Laxmi Bai Combined Hospital, Lucknow",Govt,NBEMS,2010,0,318
Telangana,"Kamineni Hospital, LB Nagar, Hyderabad",Private,NBEMS,1991,4,0
Tamil Nadu,"Kauvery Hospital, Salem",Private,NBEMS,2016,4,150
Maharashtra,"Mahatma Gandhi Missions Medical College, Aurangabad",Deemed,"MGM Institute of Health Sciences (Deemed), Navi Mumbai",1989,115,1000
Maharashtra,"Joint Accr. Masina Hospital (Jagjivan Ram Railway Hospital, Mumbai), Byculla",Private,NBEMS,0,0,272
Kerala,"Kannur Medical College, Kannur",Private,"Kerala University of Health Sciences, Thrissur",2006,26,700
Karnataka,"Khaja Bandanawaz University Faculty of Medical Sciences, Gulbarga",Private,"Khaja Bandanawaz University, Gulbarga",2000,37,833
Telangana,"KIMS Hospital, Hyderabad",Private,NBEMS,2004,13,1800
Maharashtra,"Jawaharlal Nehru Medical College, Sawangi (Meghe), Wardha",Deemed,"Datta Meghe Institute of Higher Education & Research (Deemed), Sawangi-Meghe (Wardha)",1990,207,2500
Rajasthan,"Kabra Eye Hospital, Jaipur",Private,NBEMS,1995,4,50
Tamil Nadu,"Madha Medical College & Hospital, Thandalam, Chennai",Private,"The Tamilnadu Dr. MGR Medical University, Chennai",2011,36,650
Uttar Pradesh,"MIMHANS Neurosciences Hospital, Meerut",Private,NBEMS,2004,0,100
Maharashtra,"Jaslok Hospital & Research Centre, Mumbai",Private,NBEMS,1973,10,350
Maharashtra,"KIMS Kingsway Hospitals, Nagpur",Private,NBEMS,2019,12,334
Maharashtra,"Lilavati Hospital & Research Centre, Mumbai",Private,NBEMS,1978,21,330
Telangana,"Lotus Children's Hospital, Hyderabad",Private,NBEMS,2006,4,150
Tamil Nadu,"Madurai Medical College, Madurai",Govt,"The Tamilnadu Dr. MGR Medical University, Chennai",1954,214,4420
Kerala,"Malabar Cancer Centre, Thalassery",Govt,NBEMS,2001,3,220
Delhi,"Max Super Specialty Hospital, Shalimar Bagh, New Delhi",Private,NBEMS,2011,10,280
Gujarat,"Narendra Modi Medical College (Formerly Municipal Corporation Med Coll), Ahmedabad",Govt-Private,"Gujarat University, Ahmedabad",2009,196,1000
Uttar Pradesh,"Prakash Hospital & Trauma Centre, Mau",Private,NBEMS,0,1,60
Maharashtra,"Rajmata Jijau Hospital, Navi Mumbai",Govt,NBEMS,0,6,210
Karnataka,"Sahyadri Narayana Multispecialty Hospital, Shimoga",Private,NBEMS,0,11,249
Tamil Nadu,"Parvathy Ortho Hospital, Chennai",Private,NBEMS,1992,1,150
Gujarat,"Institute of Neurosciences, Surat",Private,NBEMS,2017,0,50
Haryana,"Kalpana Chawla Government Medical College, Karnal, Haryana",Govt,"Pt. BD. Sharma University of Health Sciences, Rohtak",2017,48,536
Tamil Nadu,"Kalyani Kidney Care Centre, Erode",Private,NBEMS,2004,0,100
Gujarat,"KD Hospital, Ahmedabad",Private,NBEMS,2018,4,300
Assam,"Marwari Hospitals, Guwahati",Private,NBEMS,1956,6,200
Delhi,"Max Super Specialty Hospital, Saket",Private,NBEMS,2006,27,530
Karnataka,"Kasturba Medical College, Manipal",Deemed,"Manipal Academy of Higher Education (Deemed), Manipal",1953,222,2032
Karnataka,"Manasa Nursing Home, Shivamogga",Private,NBEMS,1979,2,100
Telangana,"Medivision Eye & Health Care Centre, Hyderabad",Private,NBEMS,1993,3,0
Tamil Nadu,"Mahathma Eye Hospital, Tiruchirappalli",Private,NBEMS,1997,2,21
Delhi,"Kalra Hospital & Shri Ram Cardiothoracic & Neuro Sciences Centre, Delhi",Private,NBEMS,1990,2,116
Karnataka,"KC General Hospital, Bangalore",Govt,NBEMS,1965,31,503
Maharashtra,"Kokilaben Dhirubhai Ambani Hospital & Medical Research Institute, Mumbai",Private,NBEMS,1999,22,550
Tamil Nadu,"Karpaga Vinayaga Institute of Medical Sciences, Maduranthagam",Private,"The Tamilnadu Dr. MGR Medical University, Chennai",2009,56,400
West Bengal,"Kothari Medical Centre, Kolkata",Govt,NBEMS,1997,0,400
Bihar,"MGM Hospital & Research Centre, Patna",Private,NBEMS,2009,1,150
Tamil Nadu,"Kanchi Kamakoti Childs Trust Hospital, Chennai",Private,NBEMS,1998,10,150
Kerala,"Metromed International Cardiac Centre, Calicut",Private,NBEMS,2012,0,200
Telangana,"Kamineni Institute of Medical Sciences, Narketpally",Private,"Dr. NTR University of Health Sciences, Vijayawada",1999,94,1060
Andhra Pradesh,"Katuri Medical College, Guntur",Private,"Dr. NTR University of Health Sciences, Vijayawada",2002,83,500
Gujarat,"Kiran Medical College, Surat",Private,"Veer Narmad South Gujarat University, Surat",2023,0,500
Kerala,"Malabar Hospitals, Manjeri",Private,NBEMS,2000,2,150
Andhra Pradesh,"Mydhili Hospital, Gudur",Private,NBEMS,2003,2,100
Tamil Nadu,"Sankara Netralaya Medical Research Foundation, Chennai",Private,"The Tamilnadu Dr. MGR Medical University, Chennai",1978,4,350
West Bengal,"Sarat Chandra Chattopadhyay Government Medical College & Hospital, Howrah",Govt,"West Bengal University of Health Sciences, Kolkata",2022,0,650
Nagaland,"Naga Hospital Authority, Kohima",Govt,NBEMS,2003,12,500
Karnataka,"Narayana Hrudayalaya Hospital, Hobli, Bangalore",Private,NBEMS,0,4,100
Delhi,"Park Hospital, Delhi",Private,NBEMS,2005,2,250
Telangana,"Kakatiya Medical College, Warangal",Govt,"Kaloji Narayana Rao University of Health Sciences, Warangal",1959,192,1150
Gujarat,"KG Patel Children Hospital & Jayodia Research Institute, Baroda",Private,NBEMS,1984,2,100
Delhi,"Lok Nayak Jai Prakash (LNJP) Hospital, Delhi",Govt,NBEMS,1936,2,2050
Kerala,"KIMS Al Shifa Hospital, Perinthalmanna",Private,NBEMS,1989,11,450
Bihar,"Madhubani Medical College, Madhubani",Private,"Aryabhatta Knowledge University, Patna",2019,65,500
Karnataka,"Manipal Hospital, Whitefield, Bangalore",Private,NBEMS,0,8,162
Punjab,"Johal Multispeciality Hospital, Jalandhar",Private,NBEMS,1999,4,150
Karnataka,"Kodagu Institute of Medical Sciences, Kodagu",Govt,"Rajiv Gandhi University of Health Sciences, Bangalore",2016,60,625
Bihar,"Kurji Holy Family Hospital, Patna",Private,NBEMS,1961,4,350
Uttar Pradesh,"Medanta Hospital, Lucknow",Private,NBEMS,0,12,900
Uttar Pradesh,"Integral Institute of Medical Sciences & Research, Lucknow",Private,"Integral University, Lucknow",2013,48,450
Andhra Pradesh,"KIMS Saveera Hospital, Anantapuram",Private,NBEMS,2015,5,250
Delhi,"Lady Hardinge Medical College, New Delhi",Govt,"Delhi University, Delhi",1916,175,1254
Telangana,"MAA ENT Hospitals, Hyderabad",Private,NBEMS,2001,1,20
Uttar Pradesh,"King George Medical University, Lucknow",Govt,"King Georges Medical University, Lucknow",1911,353,4500
Rajasthan,"Kothari Medical & Research Institute, Bikaner",Private,NBEMS,1998,2,150
Himachal Pradesh,"Maharishi Markandeshwar Medical College & Hospital, Solan",Private,"Maharishi Marakandeshwar University, Kumarhatti, Solan",2013,92,800
Maharashtra,"Manipal Hospital, Pune",Private,NBEMS,2013,4,100
Karnataka,"Jagadguru Gangadhar Mahaswamigalu Moorusavirmath Medical College (JGMMMC), Hubballi",Deemed,"KLE Academy of Higher Education & Research (Deemed), Belgaum",2021,0,330
Delhi,"Janakpuri Super Speciality Hospital Society (Government Autonomous), West Delhi",Govt,NBEMS,2008,0,300
Kerala,"Lakshmi Hospital, Cochin",Private,NBEMS,1979,1,200
Haryana,"Nidaan Hospital, Sonipat",Private,NBEMS,0,2,250
Uttar Pradesh,"Regency Hospital, Kanpur",Private,NBEMS,1995,15,0
Rajasthan,"RUHS College of Medical Sciences, Jaipur",Govt,"Rajasthan University of Health Sciences, Jaipur",2014,21,600
Tamil Nadu,"Naruvi Hospitals, Vellore",Private,NBEMS,2018,8,180
Rajasthan,"Jawaharlal Nehru Medical College, Ajmer",Govt,"Rajasthan University, Jaipur",1965,247,0
West Bengal,"Katwa Sub Divisional Hospital, Katwa",Govt,NBEMS,1971,4,100
Telangana,"MNJ Institute of Oncology & Cancer Regional Center, Hyderabad",Govt,NBEMS,1955,3,300
Jharkhand,"Medanta Abdur Razzaque Ansari Memorial Weavers Hospital, Ranchi",Private,NBEMS,1996,2,200
Rajasthan,"Jaipur National University Institute of Medical Sciences & Research Centre, Jaipur",Private,"Jaipur National University, Jaipur",2016,87,390
West Bengal,"Jalpaiguri Government Medical College, Jalpaiguri",Govt,"West Bengal University of Health Sciences, Kolkata",2020,11,500
Telangana,"Kamineni Academy of Medical Sciences & Research Center, Hyderabad",Private,"Kaloji Narayana Rao University of Health Sciences, Warangal",2013,93,500
Assam,Kokrajhar Medical College,Govt,"Srimanta Shankardeva University of Health Sciences, Guwahati",2023,0,500
Uttar Pradesh,"KMC Hospital & Research Centre, Meerut",Private,NBEMS,2004,1,150
Tamil Nadu,"Kovai Medical Centre, Coimbatore",Private,NBEMS,1990,35,1650
Karnataka,"Mahadevappa Rampure Medical College, Kalaburagi, Gulbarga",Private,"Rajiv Gandhi University of Health Sciences, Bangalore",1963,130,1023
Madhya Pradesh,"Jai Prakash District Government Hospital, Bhopal",Govt,NBEMS,1962,10,330
Maharashtra,"Kaushalya Medical Foundation, Thane",Private,NBEMS,2001,2,100
Maharashtra,"Krishna Institute of Medical Sciences, Karad",Deemed,"Krishna Institute of Medical Sciences University (Deemed), Karad",1984,145,1125
West Bengal,"Medica Superspecialty Hospital, Kolkata",Private,NBEMS,2010,17,500
West Bengal,"Jangipur SD Hospital, Murshidabad",Govt,NBEMS,1972,6,250
Odisha,"Kalinga Hospital, Bhubaneswar",Private,NBEMS,1990,3,250
Rajasthan,"Mahatma Gandhi Medical College & Hospital, Sitapur, Jaipur",Private,"Mahatma Gandhi University of Medical Science & Technology, Jaipur",2001,201,1000
Telangana,"Main Hospital, Kothagudem",Private,NBEMS,1960,1,0
Kerala,"Karuna Medical College, Palakkad",Private,"Kerala University of Health Sciences, Thrissur",2006,10,500
Delhi,"Kasturba Hospital, New Delhi",Govt,"Delhi University, Delhi",1905,5,450
Maharashtra,"KB Bhabha Municipal General Hospital, Mumbai",Govt,NBEMS,1914,14,436
Maharashtra,"MGM New Bombay Hospital, Navi Mumbai",Private,NBEMS,1993,4,400
Madhya Pradesh,"Jawahar Lal Nehru Cancer Hospital & Research. Centre, Bhopal",Private,NBEMS,1995,1,100
Telangana,"Malla Reddy Institute of Medical Sciences, Hyderabad",Private,"Kaloji Narayana Rao University of Health Sciences, Warangal",2012,166,200
Delhi,"Mata Chanan Devi Hospital, Delhi",Private,NBEMS,1990,15,210
Andhra Pradesh,"NRI Medical College, Guntur",Private,"Dr. NTR University of Health Sciences, Vijayawada",2003,119,800
Karnataka,"Nanjappa Hospital, Shimoga",Private,NBEMS,1987,4,200
Kerala,"Life Line Super Specialty Hospital, Adoor",Private,NBEMS,2005,16,150
Uttar Pradesh,"Manyawar Kanshiram District Combined Hospital & Trauma Center, Kanpur",Govt,NBEMS,2011,6,100
Tamil Nadu,"Joint Accr. Prashanth Hospitals (Prashanth Hospital, Madhavarm, Chennai), Velachery",Private,NBEMS,2013,4,500
Bihar,"Mahavir Cancer Sansthan & Research Centre, Patna",Private,NBEMS,1998,3,618
Karnataka,"Koppal Institute of Medical Sciences, Koppal",Govt,"Rajiv Gandhi University of Health Sciences, Bangalore",2015,54,500
Uttar Pradesh,"Institute of Mental Health & Hospital, Agra",Govt,"Dr BR Ambedkar University, Agra",1859,8,400
Punjab,"Joshi Hospital, Jalandhar",Private,NBEMS,1991,3,100
Uttar Pradesh,"Kailash Hospital Neuro Institute, Noida",Private,NBEMS,0,4,200
Delhi,"Maharaja Agrasen Hospital, New Delhi",Private,NBEMS,1991,15,400
Delhi,"Institute of Human Behaviour & Allied Sciences, Delhi",Govt,"Delhi University, Delhi",1993,12,300
Assam,"Lakhimpur Medical College, North Lakhimpur",Govt,"Srimanta Shankardeva University of Health Sciences, Guwahati",2021,0,0
Assam,"Lokopriya Gopinath Bordoloi Regional Institute of Mental Health, Tezpur",Govt,"Gauhati University, Guwahati",2010,11,0
West Bengal,"Islampur SDH/ISSH, Islampur",Govt,NBEMS,1970,2,250
Uttar Pradesh,"Krishna Mohan Medical College & Hospital, Mathura",Private,"Dr BR Ambedkar University, Agra",2016,66,500
Uttarakhand,"KVR Hospital, Kashipur",Private,NBEMS,2021,2,100
Kerala,"Malabar Institute of Medical Sciences (Aster MIMS), Kannur",Private,NBEMS,2019,8,300
Rajasthan,"MGM Government District Hospital, Hanumangarh",Govt,NBEMS,1952,10,300
Maharashtra,"Jagjivan Ram Railway Hospital, Mumbai",Public Sector,NBEMS,1960,18,361
Odisha,"Kalinga Institute of Medical Sciences, Bhubaneswar",Deemed,"KIIT University (Deemed), Bhubaneswar",2007,177,2600
Telangana,"KIMS Sunshine Hospital (Formerly Sunshine Hospital), Hyderabad",Private,NBEMS,2009,10,600
Karnataka,"Manipal Hospitals, Millers Road, Bangalore",Private,NBEMS,0,3,198
West Bengal,"Kalna SD & SS Hospital, Kalna",Govt,NBEMS,2014,3,200
Karnataka,"Kamakshi Hospital, Mysore",Private,NBEMS,1973,5,230
Karnataka,"Kerudi Hospital & Research Centre, Bagalkot",Private,NBEMS,1987,4,200
Madhya Pradesh,"Kushabhau Thakre District Hospital, Rewa",Govt,NBEMS,1965,2,100
Chhattisgarh,"Maharani Hospital, Jagdalpur",Govt,NBEMS,1960,1,400
Maharashtra,"Prakash Institute of Medical Sciences & Research, Sangli",Private,"Maharashtra University of Health Sciences, Nashik",2016,47,300
Madhya Pradesh,"Ruxmaniben Deepchand Gardi Medical College, Ujjain",Private,"Vikram University, Ujjain",2001,103,760
Jharkhand,"Sadar Hospital, Ranchi",Govt,NBEMS,2011,5,500
Karnataka,"Navodaya Medical College, Raichur",Private,"Rajiv Gandhi University of Health Sciences, Bangalore",2002,120,1110
Maharashtra,"Jupiter Lifeline Hospital, Pune",Private,NBEMS,2007,9,250
Uttar Pradesh,"Kaushalya Devi Eye Institue, Chauraha",Private,NBEMS,0,2,40
Tamil Nadu,"Kauvery Hospital, Chennai",Private,NBEMS,1999,9,200
Telangana,"Mamata Medical College, Khammam",Private,"Dr. NTR University of Health Sciences, Vijayawada",1998,134,850
West Bengal,"JIS School of Medical Science & Research, Howrah",Private,"JIS University, Kolkata",2023,0,300
Jammu & Kashmir,"JLNM Hospital, Srinagar",Govt,NBEMS,1889,23,0
Karnataka,"Manipal Hospital, Hebbal, Bangalore",Private,NBEMS,2005,3,100
Tamil Nadu,"Meenakshi Medical College & Research Institute, Enathur",Deemed,"Meenakshi University (Deemed), Chennai",2003,75,1200
Kerala,"Lourdes Hospital, Ernakulam",Private,NBEMS,1965,20,500
Maharashtra,"Kamalnayan Bajaj Hospital (Marathwada Medical & Research Institutes), Aurangabad",Private,NBEMS,1984,8,300
Bihar,"Mahavir Vatsalya Hospital, Patna",Private,NBEMS,2006,2,0
Madhya Pradesh,"Mittal Medicare & Hospital, Dhar",Private,NBEMS,2004,4,100
Tamil Nadu,"Lakshmi Madhavan Hospital, Tirunelveli",Private,NBEMS,1972,2,75
Tamil Nadu,"Institute of Ophthalmology Joseph Eye Hospital, Tiruchirapalli",Private,"The Tamilnadu Dr. MGR Medical University, Chennai",1980,8,100
Madhya Pradesh,"Jabalpur Hospital & Research Centre, Jabalpur",Private,NBEMS,1981,6,250
Telangana,"Mahavir Hospital & Research Centre, Hyderabad",Private,NBEMS,1978,2,220
Maharashtra,"Masina Hospital, Mumbai",Private,NBEMS,0,6,272
Kerala,"MES Medical College, Perinthalmanna, Malappuram",Private,"Kerala University of Health Sciences, Thrissur",2002,55,600
Punjab,"Ivy Health & Life Sciences, Amritsar",Private,NBEMS,2008,1,100
Uttar Pradesh,"Maharana Pratap District Combined Hospital, Bareilly",Govt,NBEMS,1940,3,0
Kerala,"Moulana Hospital, Perinthalmanna",Private,NBEMS,1990,4,510
Gujarat,"MP Shah Medical College, Jamnagar",Govt,"Saurashtra University, Rajkot",1955,203,850
Assam,"Narayana Superspeciality Hospital, Guwahati",Private,NBEMS,2013,2,350
Madhya Pradesh,"Nehru Shatabdi Chikitsalaya, Singrauli",Public Sector,NBEMS,1996,0,150
Maharashtra,"Pimpri Chinchwad Municipal Corporation PG Institute, Pimpri",Govt,"Maharashtra University of Health Sciences, Nashik",2019,52,750
Pondicherry,"Rajiv Gandhi Government Women & Children Hospital, Pondicherry",Govt,NBEMS,2010,15,700
Delhi,"Sanjay Gandhi Memorial Hospital, Delhi",Govt,NBEMS,1986,9,300
Haryana,"Sarvodaya Hospital & Research Centre, Faridabad",Private,NBEMS,1997,19,450
West Bengal,"Joint Accr. Narayana Superspecialty Hospital, Howrah & Narayana Multispeciality Hospital, Howrah",Private,NBEMS,2006,2,240
West Bengal,"Kakdwip SDH & SSH, South 24 Parganas",Govt,NBEMS,2014,1,250
Kerala,"Little Flower Hospital & Research Centre, Angamaly",Private,NBEMS,1936,19,610
Tamil Nadu,"Lotus Hospitals & Research Centre, Erode",Private,NBEMS,2000,2,202
Karnataka,"JJM Medical College, Davangere",Private,"Rajiv Gandhi University of Health Sciences, Bangalore",1965,246,1930
Gujarat,"Kiran Multi Super Speciality Hospital & Research Center, Surat",Private,NBEMS,2017,0,200
Kerala,"Kozhikode District Co-Operative Hospital, Kozhikode",Private,NBEMS,1973,5,175
Haryana,"Maharaja Agrasen Medical College, Agroha",Private,"Pt. BD. Sharma University of Health Sciences, Rohtak",2002,77,550
Odisha,"Ispat General Hospital, Rourkela",Public Sector,NBEMS,1959,16,600
Uttar Pradesh,"LPS Institute of Cardiology & Cardio Vascular Thoracic Surgery, Kanpur",Private,NBEMS,1975,0,100
Maharashtra,"Maharashtra Institute of Medical Education & Research, Talegaon, Pune",Private,"Maharashtra University of Health Sciences, Nashik",1994,41,800
Tamil Nadu,"Mehta Multispecialty Hospital, Chennai",Private,NBEMS,1987,10,150
Karnataka,"Metrounited Healthcare, Shivamogga",Private,NBEMS,2013,2,135
Tamil Nadu,"MN Eye Hospital, Chennai",Private,NBEMS,1986,2,50
Kerala,"KMCT Medical College, Kozhikode, Calicut",Private,"Kerala University of Health Sciences, Thrissur",2008,98,720
Gujarat,"Metas Adventist Hospital, Surat",Private,NBEMS,1923,4,0
Tamil Nadu,"Kilpauk Medical College, Chennai",Govt,"The Tamilnadu Dr. MGR Medical University, Chennai",1960,138,530
Madhya Pradesh,"Mahaveer Institute of Medical Sciences & Research, Bhopal",Private,"Madhya Pradesh Medical Science University, Jabalpur",2020,0,500
Andhra Pradesh,"Medicover Hospitals, Visakhapatnam",Private,NBEMS,0,2,650
Tamil Nadu,"Meenakshi Mission Hospital & Research Centre, Madurai",Private,NBEMS,1990,27,800
Andhra Pradesh,"MJ Naidu Super Specialty Hospital, Vijayawada",Private,NBEMS,1986,0,150
West Bengal,"Joint Accr. Narayana Superspecialty Hospital (Narayana Multispecialty Hospital, Chunavati), Howrah",Private,NBEMS,0,0,417
Haryana,"Kainos Super Speciality Hospital, Rohtak",Private,NBEMS,2015,9,0
Uttar Pradesh,"KD Medical College Hospital & Research Centre, Mathura",Private,"Dr BR Ambedkar University, Agra",2015,55,300
Maharashtra,"Kolhapur Cancer Centre, Kolhapur",Private,NBEMS,2003,1,125
Telangana,"Little Stars Childrens Hospitals, Hyderabad",Private,NBEMS,2005,0,50
West Bengal,"Maharaja Jitendra Narayan Medical College & Hospital, Coochbehar",Govt,NBEMS,2018,12,500
Chhattisgarh,"Late Shri Baliram Kashyap Memorial NDMC Government Medical College, Jagdalpur",Govt,"Pt. Ravishankar Shukla University, Raipur",2006,20,500
Odisha,"LV Prasad Eye Institute, Bhubaneswar",Private,NBEMS,2006,0,0
Karnataka,"Mandya Institute of Medical Sciences, Mandya",Govt,"Rajiv Gandhi University of Health Sciences, Bangalore",2006,90,500
Chandigarh,"Postgraduate Institute of Medical Education & Research, Chandigarh",Govt,"Statutory Autonomous, Chandigarh",1962,0,1850
Rajasthan,"Pacific Institute of Medical Sciences, Umarda, Udaipur",Private,"Sai Tirupati University, Udaipur",2015,158,400
West Bengal,"IQ City Medical College, Burdwan",Private,"West Bengal University of Health Sciences, Kolkata",2013,54,750
Andhra Pradesh,"Kurnool Medical College, Kurnool",Govt,"Dr. NTR University of Health Sciences, Vijayawada",1957,184,0
Kerala,"Malabar Institute of Medical Sciences (Aster MIMS), Kottakkal",Private,NBEMS,2009,8,200
Uttar Pradesh,"Jawaharlal Nehru Medical College, Aligarh",Govt,"Aligarh Muslim University, Aligarh",1961,222,1269
Maharashtra,"Mahatme Eye Bank & Eye Hospital, Nagpur",Private,NBEMS,1986,1,100
Kerala,"Malabar Institute of Medical Sciences (Aster MIMS), Calicut",Private,NBEMS,1995,32,600
Uttarakhand,"Max Super Specialty Hospital, Dehradun",Private,NBEMS,2012,3,200
Rajasthan,"Joint Accr. Divisional Railway Hospital, Ajmer & North Western Railway Central Hospital, Jaipur",Public Sector,NBEMS,1890,2,166
Delhi,"Lal Bahadur Shastri Hosptial, Delhi",Govt,NBEMS,1975,10,750
Bihar,"Mata Gujri Memorial Medical College, Kishanganj",Private,"Mata Gujri University, Kishanganj",1990,101,650
Pondicherry,"Jothi Eye Care Centre, Puducherry",Private,NBEMS,1998,1,10
Gujarat,"Medical College, Baroda",Govt,MS University of Baroda,1949,201,1270
Madhya Pradesh,"MGM Medical College, Indore",Govt,"Madhya Pradesh Medical Science University, Jabalpur",1948,279,2900
Uttar Pradesh,"Jaypee Hospital, Noida",Private,NBEMS,2014,12,504
Telangana,"Krishna Institute of Medical Sciences, Secunderabad",Private,NBEMS,2004,26,885
Andhra Pradesh,"Manipal Hospital, Vijayawada",Private,NBEMS,2006,1,350
West Bengal,"Narayana Superspecialty Hospital, Howrah",Private,NBEMS,2006,4,240
Maharashtra,"PIOS Medilinks Pvt Ltd, Sangli",Private,NBEMS,0,0,100
Punjab,"Lord Mahavir Civil Hospital, Ludhiana",Govt,NBEMS,1976,17,250
Delhi,"Maulana Azad Medical College, New Delhi",Govt,"Delhi University, Delhi",1958,246,2800
Jharkhand,"MGM Medical College, Jamshedpur",Govt,"Kolhan University, Chaibasa",1961,47,540
Tamil Nadu,"Kanyakumari Government Medical College, Asaripallam",Govt,"The Tamilnadu Dr. MGR Medical University, Chennai",2003,48,900
Odisha,"MKCG Medical College Hospital, Berhampur",Govt,NBEMS,1962,6,1200
Punjab,"Institute of Mental Health, Amritsar",Govt,NBEMS,1948,2,400
Maharashtra,"Jehangir Hospital, Pune",Private,NBEMS,2013,23,335
Karnataka,"KS Hospital, Koppal",Private,NBEMS,2015,7,200
Delhi,"Max Smart Super Specialty Hospital, Saket",Private,NBEMS,2013,12,250
Andhra Pradesh,"Medicover Hospitals, Kurnool",Private,NBEMS,2019,4,200
Punjab,"Mohandai Oswal Hospital, Ludhiana",Private,NBEMS,1984,15,300
Odisha,"JPM Rotary Eye Hospital & Research Institute, Cuttack",Private,NBEMS,1992,2,27
Karnataka,"Mallige Medical Centre, Bangalore",Private,NBEMS,1978,4,125
West Bengal,"Institute of Postgraduate Medical Education & Research (IPGMER), Kolkata",Govt,"West Bengal University of Health Sciences, Kolkata",1957,206,2300
Telangana,"Jyothi Hospital, Nalgonda",Private,NBEMS,1988,2,150
Karnataka,"Keshava Netralaya, Hassan",Private,NBEMS,1996,2,0
Uttar Pradesh,"Lok Bandhu Raj Narayan Combined Hospital, Lucknow",Govt,NBEMS,2010,9,318
Rajasthan,"Manipal Hospital, Jaipur",Private,NBEMS,2014,6,225
Rajasthan,"Jeevan Rekha Critical Care & Trauma Hospital Research & Training Institute, Jaipur",Private,NBEMS,2012,3,100
West Bengal,"JMN Medical College, Nadia",Private,"West Bengal University of Health Sciences, Kolkata",2023,0,400
Rajasthan,"Joint Accr. Sudha Medical College & Hospital, (Sudha Hospital & Medical Research Centre), Kota",Private,NBEMS,2018,2,400
Telangana,"Laxmi Narasimha Hospital, Warangal",Private,NBEMS,2005,6,100
Tamil Nadu,"Masonic Medical Centre for Children, Coimbatore",Private,NBEMS,1982,3,130
Punjab,"Max Super Specialty Hospital, Mohali",Private,NBEMS,1985,7,200
Bihar,"Jannayak Karpoori Thakur Medical College & Hospital, Madhupur",Govt,"Aryabhatta Knowledge University, Patna",2020,8,500
Telangana,"Pranaam Hospital, Hyderabad",Private,NBEMS,0,1,100
Haryana,"Pt. BD Sharma Postgraduate Institute of Medical Sciences, Rohtak",Govt,"Pt. BD. Sharma University of Health Sciences, Rohtak",1960,239,2080
Haryana,"Sarvodaya Multispeciality & Cancer Hospital, Hisar",Private,NBEMS,2007,1,100
Maharashtra,"Seth VC Gandhi & MA Vora Municipal General Hospital (Rajawadi Hospital), Mumbai",Govt,NBEMS,1958,18,596
Tamil Nadu,"Preethi Hospital, Madurai",Private,NBEMS,1997,9,100
Maharashtra,"Mahatma Gandhi Mission Medical College, Vashi",Deemed,"MGM Institute of Health Sciences (Deemed), Navi Mumbai",2023,0,250
Uttar Pradesh,"Maxwell Super Multispeciality Hospital, Varanasi",Private,NBEMS,2013,6,120
Chhattisgarh,"Kalda Burn & Plastic Surgery Centre, Raipur",Private,NBEMS,1990,0,120
Uttar Pradesh,"Life Line Hospital & Research Centre, Azamgarh",Private,NBEMS,2009,0,100
Madhya Pradesh,"Link Hospital, Gwalior",Private,NBEMS,2014,2,100
Kerala,"Mar Sleeva Medicity Palai, Palai",Private,NBEMS,0,20,648
Chhattisgarh,"MGM Eye Insitute, Raipur",Private,NBEMS,0,2,50
Tamil Nadu,"MIOT Hospital, Chennai",Private,NBEMS,1999,13,920
Tamil nadu,"Joint Accr. Aarthi Scans & Labs (Billroth Hospital), Chennai",Private,NBEMS,1985,1,350
Maharashtra,"Mahatma Gandhi Institute of Medical Sciences, Sevagram, Wardha",Private,"Maharashtra University of Health Sciences, Nashik",1969,82,972
Uttar Pradesh,"Max Super Specialty Hospital, Ghaziabad",Private,NBEMS,0,18,0
Karnataka,"Milann A Unit of BACC Healthcare, Bangalore",Private,NBEMS,1989,0,45
West Bengal,"Lalbagh Sub Division Hospital, Murshidabad",Govt,NBEMS,1970,6,100
Kerala,"IQRAA Hospital, Sulthan Bathery",Private,NBEMS,2005,2,100
Tamil Nadu,"KAP Viswanathan Government Medical College, Trichy",Govt,"The Tamilnadu Dr. MGR Medical University, Chennai",1998,104,900
Jharkhand,"Laxmi Chandravansi Medical College & Hospital, Bishrampur",Private,"Ramchandra Chandravansi University, Bishrampur",2021,0,330
Delhi,"Max Super Specialty Hospital, Patparganj, New Delhi",Private,NBEMS,2001,13,400
Punjab,"JBMM District Hospital, Amritsar",Govt,NBEMS,0,14,200
Jharkhand,"Kashyap Memorial Eye Hospital, Ranchi",Private,NBEMS,1966,4,32
Karnataka,"KVG Medical College, Sullia",Private,"Rajiv Gandhi University of Health Sciences, Bangalore",1999,75,682
Andhra Pradesh,"Lalitha Super Specialty Hospital, Guntur",Private,NBEMS,1990,16,200
Uttar Pradesh,"Maharshi Devraha Baba Autonomous State Medical College, Deoria",Govt,"Atal Bihari Vajpayee Medical University, Lucknow",2021,4,500
Rajasthan,"Mahatma Gandhi Hospital, Bhilwara",Govt,NBEMS,1964,26,750
Karnataka,"Kanachur Institute of Medical Sciences, Mangalore",Private,"Rajiv Gandhi University of Health Sciences, Bangalore",2016,44,785
Maharashtra,"KEM Hospital, Pune",Private,NBEMS,1912,22,550
Andhra Pradesh,"Konaseema Institute of Medical Sciences & Research Foundation, Amalapuram",Private,"Kaloji Narayana Rao University of Health Sciences, Warangal",2005,92,750
Tamil Nadu,"Krishna Hospital, Sattur",Private,NBEMS,1995,5,50
Gujarat,"Krishna Shalby Hospital, Ahmedabad",Private,NBEMS,2007,0,100
Karnataka,"KS Hegde Medical Academy, Mangalore",Deemed,"Nitte University (Deemed), Mangalore",1999,136,1000
Chhattisgarh,"Late Shri Lakhi Ram Agrawal Memorial Government Medical College, Raigarh",Govt,"Pt. Deendayal Upadhyay Memorial Health Sciences and Ayush University, Raipur",2013,28,0
Kerala,"Malankara Orthodox Syrian Church Medical College, Kolenchery",Private,"Kerala University of Health Sciences, Thrissur",2001,28,1100
Karnataka,"Manipal Hospital, Old Airport Road, Bangalore",Private,NBEMS,1991,41,600
Karnataka,"NU Hospital, Bangalore",Private,NBEMS,2015,0,100
Andhra Pradesh,"Sankara Netra Chikitsalaya, Vijayawada",Private,NBEMS,2005,5,50
Madhya Pradesh,"Peoples College of Medical Sciences & Research Centre, Bhopal",Private,"Peoples University, Bhopal",2005,102,1227
Bihar,"Jawaharlal Nehru Medical College, Bhagalpur",Govt,"Aryabhatta Knowledge University, Patna",1971,82,500
Kerala,"Mental Health Centre, Thiruvananthapuram",Govt,NBEMS,1870,2,507
Maharashtra,"Maharashtra Institute of Medical Sciences & Research, Latur",Private,"Maharashtra University of Health Sciences, Nashik",1990,44,680
Uttar Pradesh,"Major SD Singh Medical College & Hospital, Fathehgarh, Farrukhabad",Private,"CSJM University, Kanpur",2011,0,450
Karnataka,"Institute of Nephro Urology, Bangalore",Govt,"Rajiv Gandhi University of Health Sciences, Bangalore",2009,0,170
West Bengal,"Khatra Sub Divisional Hospital, Khatra",Govt,NBEMS,1971,1,100
Andhra Pradesh,"KIMS Icon Hospital, Visakhapatnam",Private,NBEMS,2017,2,434
Karnataka,"Manipal Hospital Whitefield, Hobli, Bangalore",Private,NBEMS,2016,17,284
Kerala,"Meitra Hospital, Calicut",Private,NBEMS,2017,0,220
Haryana,"Lala Harbhagwan Das Memorial & Dr. Prem Hospital, Panipat",Private,NBEMS,1978,10,100
Maharashtra,"Lokmanya Tilak Municipal Medical College, Mumbai",Govt,"Maharashtra University of Health Sciences, Nashik",1964,219,1850
Bihar,"Lord Buddha Koshi Medical College & Hospital, Saharsa",Private,"Bhupendra Narayan Mandal University, Madhepura",2019,47,300
Delhi,"Madhukar Rainbow Childrens Hospital, New Delhi",Private,NBEMS,2017,5,130
West Bengal,"Jagannath Gupta Institute of Medical Sciences & Hospital, Kolkata",Private,"West Bengal University of Health Sciences, Kolkata",2018,47,450
Maharashtra,"Joint Accr. Masina Hospital, Mumbai & Jagjivan Ram Railway Hospital, Mumbai",Private,NBEMS,0,1,272
Kerala,"Jubilee Mission Medical College & Research Institute, Thrissur",Private,"Kerala University of Health Sciences, Thrissur",2002,54,1750
Tamil Nadu,"Lotus Eye Hospital, Coimbatore",Private,NBEMS,1993,3,300
Telangana,"LV Prasad Eye Institute, Banjara Hills, Hyderabad",Private,NBEMS,1987,0,0
Tamil Nadu,"Madras Medical Mission Hospital, Chennai",Private,NBEMS,1984,3,250
Haryana,"Maharishi Markandeshwar Institute of Medical Sciences & Research, Mullana, Ambala",Deemed,"Maharishi Marakandeshwar University (Deemed), Mullana, Ambala",2003,147,940
Kerala,"Mother Hospital, Thrissur",Private,NBEMS,1991,4,300
West Bengal,"Malda Medical College & Hospital, Malda",Govt,"West Bengal University of Health Sciences, Kolkata",2011,14,500
Punjab,"Ivy Health & Life Sciences, Mohali",Private,NBEMS,2007,4,180
Madhya Pradesh,"Medanta Super Speciality Hospital, Indore",Private,NBEMS,0,0,175
Andhra Pradesh,"Krishna Institute of Medical Sciences, Rajahmundry",Private,NBEMS,2002,0,1000
Jharkhand,"Manipal Tata Medical College, Baridih, Jameshedpur",Private,"Manipal Academy of Higher Education (Deemed), Manipal",2020,0,983
Telangana,"Mediciti Institute of Medical Sciences, Ghanpur",Private,"Kaloji Narayana Rao University of Health Sciences, Warangal",2002,90,850
Delhi,"Moolchand Khairatiram Hospital & Ayurvedic Research Institute, Delhi",Private,NBEMS,1957,4,140
Maharashtra,"PD Hinduja National Hospital & Medical Research Centre, Mumbai",Private,NBEMS,1951,22,366
Rajasthan,"RK Government District Hospital, Rajsamand",Govt,NBEMS,1992,2,300
Telangana,"Oasis Centre for Reproductive Medicine, Hyderabad",Private,NBEMS,2009,0,0
Karnataka,"Karnataka Institute of Medical Sciences, Hubballi",Govt,"Rajiv Gandhi University of Health Sciences, Bangalore",1957,181,2404
Karnataka,"Kempegowda Institute of Medical Sciences, Bangalore",Private,"Rajiv Gandhi University of Health Sciences, Bangalore",1980,187,1100
Maharashtra,"Manik Hospital & Research Center, Shivneri Nagar, Aurangabad",Private,NBEMS,1998,0,100
Rajasthan,"JLN Government Hospital, Nagaur",Govt,NBEMS,1964,11,350
Tamil Nadu,"Madras Medical College, Chennai",Govt,"The Tamilnadu Dr. MGR Medical University, Chennai",1835,482,4000
Kerala,"MGM Muthoot Hospital, Pathanamthitta",Private,NBEMS,2003,8,300
Uttar Pradesh,"Midland Healthcare & Research Centre, Lucknow",Private,NBEMS,1990,5,100
Karnataka,"MM Joshi Eye Hospital, Hubli",Private,NBEMS,1967,3,75
Maharashtra,"Institute of Urology, Dhule",Private,NBEMS,2003,0,115
Maharashtra,"Laddhad Hospital, Buldana",Private,NBEMS,1995,2,110
West Bengal,"Mal SSH, Jalpaiguri",Govt,NBEMS,2016,2,200
Telangana,"Lions Club Sadhu Ram Eye Hospital, Hyderabad",Private,NBEMS,1974,2,50
West Bengal,"Kalyani Institute of Medical Sciences, Burdwan",Private,NBEMS,2011,2,300
Bihar,"Katihar Medical College, Katihar",Private,"Al-Karim University, Katihar",1987,81,500
Andhra Pradesh,"Mahatma Gandhi Cancer Hospital & Research Institute, Visakhapatnam",Private,NBEMS,2005,2,250
Odisha,"MKCG Medical College, Berhampur",Govt,"Berhampur University, Berhampur",1962,158,1431
Chhattisgarh,"MMI Narayana Multispecialty Hospital, Lalpur",Private,NBEMS,2000,7,265
Maharashtra,"Jupiter Hospital, Thane (West)",Private,NBEMS,2007,16,350
Tamil Nadu,"Kauvery Hospital Heart City, Trichy",Private,NBEMS,2012,0,100
Tamil Nadu,"Kauvery Hospital Medical Services, Hosur",Private,NBEMS,2013,7,125
Tamil Nadu,"Kaveri Medical Centre & Hospital, Trichy",Private,NBEMS,2008,4,200
Madhya Pradesh,"LN Medical College & Research Centre, Bhopal",Private,"LNCT University, Bhopal",2009,158,750
Kerala,"Malabar Eye Hospital, Kozhikode",Private,NBEMS,1999,1,15
Delhi,"Mohan Eye Institute, Delhi",Private,NBEMS,1980,1,25
Rajasthan,"Jhalawar Medical College, Jhalawar",Govt,"Rajasthan University, Jaipur",2008,106,500
Gujarat,"Kasturba Hospital, Valsad",Private,NBEMS,1944,0,255
Chhattisgarh,"Mark Hospital, Bilaspur",Private,NBEMS,2005,2,100
Meghalaya,"Nazareth Hospital, Shillong",Private,NBEMS,1959,11,366
West Bengal,"Peerless Hospital & BK Roy Research Centre, Kolkata",Private,NBEMS,1994,13,300
Karnataka,"Prabha Eye Clinic & Research Centre, Bangalore",Private,NBEMS,1940,2,0
Odisha,"Pt. Raghunath Murmu Medical College & Hospital, Baripada",Govt,"North Odisha University, Baripada",2017,12,563
Haryana,"Pushpanjali Hospital, Rewari",Private,NBEMS,0,2,0
Telangana,"Osmania Medical College, Hyderabad",Govt,"Kaloji Narayana Rao University of Health Sciences, Warangal",1846,489,6000
Maharashtra,"Laxmi Charitable Trust Eye Hospital, Panvel",Private,NBEMS,2000,1,130
Delhi,"Jag Pravesh Chandra Hospital, Shahdara, Delhi",Govt,NBEMS,2008,4,200
Tamil Nadu,"Karpagam Faculty of Medical Sciences & Research, Coimbatore",Private,"The Tamilnadu Dr. MGR Medical University, Chennai",2012,20,650
Rajasthan,"Mahavir Jaipuriya Rajasthan Hospital, Jaipur",Private,NBEMS,0,10,0
Karnataka,"Manipal Hospital, Malleshwaram, Bangalore",Private,NBEMS,1993,2,83
Maharashtra,"Max Super Speciality Hospital, Nagpur",Private,NBEMS,2000,8,200
Uttar Pradesh,"Mayo Institute of Medical Sciences, Barabanki",Private,"Dr. Ram Manohar Lohia Avadh University, Faizabad",2012,78,500
Karnataka,"JSS Medical College, Mysore",Deemed,"JSS Academy of Higher Education & Research, Mysuru",1984,166,1800
Maharashtra,"Manik Hospital, Aurangabad",Private,NBEMS,2001,4,100
Punjab,"Mata Kaushalya Government Hospital, Patiala",Govt,NBEMS,2011,7,300
Telangana,"Medicover Hospitals, Hyderabad",Private,NBEMS,2011,10,400
Karnataka,"Kidwai Memorial Institute of Oncology, Bangalore",Govt,"Rajiv Gandhi University of Health Sciences, Bangalore",1963,35,863
Maharashtra,"Joint Accr. Dr. Babasaheb Ambedkar Central Railway Hospital, Mumbai & Jagjivan Ram Railway Hospital, Mumbai",Public Sector,NBEMS,2020,0,366
Haryana,"Joint Accr. Narula Diagnostic Centre (Sarvodaya Multispecialty & Cancer Hospital, Hisar), Rohtak",Private,NBEMS,0,1,150
Andhra Pradesh,"Kamineni Health Care, Vijayawada",Private,NBEMS,1995,4,0
West Bengal,"Kharagpur Sub Divisional Hospital, Kharagpur",Govt,NBEMS,1969,6,250
Delhi,"Metro Hospital & Cancer Institute, Delhi",Private,NBEMS,2006,1,155
West Bengal,"Murshidabad Medical College & Hospitals, Murshidabad",Govt,"West Bengal University of Health Sciences, Kolkata",2012,38,1208
Karnataka,"Mysore Medical College & Research Institute, Mysore",Govt,"Rajiv Gandhi University of Health Sciences, Bangalore",1924,153,1000
Kerala,"Polakulath Narayanan Renai Medicity Multi Super Specialty Hospital, Cochin",Private,NBEMS,1962,14,205
Madhya Pradesh,"Retina Speciality Hospital, Indore",Private,NBEMS,2012,1,28
Karnataka,"Santosh Hospital, Bangalore",Private,NBEMS,1984,4,200
Delhi,"Northern Railway Central Hospital, Delhi",Public Sector,NBEMS,1936,25,413
Bihar,"Ruban Memorial Hospital, Patna",Private,NBEMS,2004,10,100
Nagaland,"Nagaland Institute of Medical Sciences & Research, Kohima",Govt,"Nagaland University, Lumami",2023,0,300
Uttar Pradesh,"Prasad Institute of Medical Sciences, Lucknow",Private,"Dr. Ram Manohar Lohia Avadh University, Faizabad",2016,46,500
Bihar,"Sadar Hospital, Gopalganj",Govt,NBEMS,0,4,100
Andhra Pradesh,"Santhiram Medical College, Nandyal",Private,"Dr. NTR University of Health Sciences, Vijayawada",2005,81,850
West Bengal,"MR Bangur Hospital, Kolkata",Govt,NBEMS,1932,12,700
Telangana,"Paramitha Childrens Hospital, Kompally",Private,NBEMS,2004,2,30
Chhattisgarh,"Rajmata Shrimati Devendra Kumari Singhdeo Government Medical College, Surguja",Govt,"Pt. Deendayal Upadhyay Memorial Health Sciences and Ayush University, Raipur",2016,40,0
Maharashtra,"Sarakshi Netralaya, Nagpur",Private,NBEMS,2006,1,30
Uttar Pradesh,"Netrodaya The Eye City, Varanasi",Private,NBEMS,2014,4,20
Uttar Pradesh,"Naraina Medical College & Research Centre, Kanpur",Private,"Atal Bihari Vajpayee Medical University, Lucknow",2021,0,300
Telangana,"Ozone Institute of Medical Sciences, Hyderabad",Private,NBEMS,2011,2,0
Maharashtra,"National Institute of Ophthalmology, Pune",Private,NBEMS,1993,3,225
Gujarat,"Pandit Deendayal Upadhyay Medical College, Rajkot",Govt,"Saurashtra University, Rajkot",1995,151,0
Karnataka,"Shimoga Institute of Medical Sciences, Shimoga",Govt,"Rajiv Gandhi University of Health Sciences, Bangalore",2007,91,950
Kerala,"SK Hospital, Thiruvananthapuram",Private,NBEMS,2003,2,300
Maharashtra,"Smt. Kashibai Navale Medical College & General Hospital, Pune",Private,"Maharashtra University of Health Sciences, Nashik",2007,86,1094
Madhya Pradesh,"Shalby Hospital, Indore",Private,NBEMS,1994,2,190
West Bengal,"Shri Ramkrishna Institute of Medical Sciences & Sanaka Hospitals, Durgapur",Private,"West Bengal University of Health Sciences, Kolkata",2019,33,650
Punjab,"Shaheed Bhai Mani Singh District Hospital, Bathinda",Govt,NBEMS,0,3,200
Karnataka,"Shanti Hospital, Bagalkot",Private,NBEMS,1986,5,120
Tamil Nadu,"SKS Hospital, Salem",Private,NBEMS,1987,15,225
Tamil Nadu,"Sri Muthukumaran Medical College, Chennai",Private,"The Tamilnadu Dr. MGR Medical University, Chennai",2010,32,300
Delhi,"Sir Ganga Ram Hospital, New Delhi",Private,NBEMS,1954,82,575
Bihar,"Sadar Hospital, Begusarai",Govt,NBEMS,1930,5,100
Uttar Pradesh,"Saraswati Institute of Medical Sciences, Hapur",Private,"Chaudhary Charan Singh University, Meerut",2008,85,0
Delhi,"National Institute of Health & Family Welfare, New Delhi",Govt,"Delhi University, Delhi",1977,16,470
Karnataka,"National Institute of Mental Health & Neuro Sciences (NIMHANS), Bangalore",Govt,"NIMHANS (Deemed), Bangalore",1974,0,925
Andhra Pradesh,"Omni RK Super Specialty Hospital, Visakhapatnam",Private,NBEMS,2010,2,0
Maharashtra,"Prince Aly Khan Hospital, Mumbai",Private,NBEMS,1945,1,201
Tamil Nadu,"Sankara Eye Hospital, Chennai",Private,NBEMS,1997,2,140
Uttar Pradesh,"Noida International Institute of Medical Sciences, Greater Noida",Private,"Noida International University, Greater Noida",2020,68,800
Madhya Pradesh,"Sadguru Nethra Chikitsalaya, Satna",Private,NBEMS,1968,4,350
Bihar,"Narayan Medical College & Hospital, Sasaram",Private,"Gopal Narayan Singh University, Jamuhar",2008,119,500
Kerala,"PRS Hospital, Trivandrum",Private,NBEMS,1986,12,300
West Bengal,"Purba Medinipur District Hospital, Tamluk",Govt,NBEMS,1882,5,500
Maharashtra,"Sahyadri Super Speciality Hospital, Nagar Road, Pune",Private,NBEMS,2013,8,130
Uttarakhand,"Sai Hospital, Haldwani",Private,NBEMS,0,2,100
Kerala,"MVR Cancer Centre & Research Institute, Calicut",Private,NBEMS,2011,2,300
Maharashtra,"Prakash Institute of Medical Science & Research, Sangli",Private,"Maharashtra University of Health Sciences, Nashik",2016,0,350
Madhya Pradesh,"RKDF Medical College Hospital & Research Centre, Jatkhedi, Bhopal",Private,"Barkatullah University, Bhopal",2014,88,810
Telangana,"Saijyothi Eye Institute, Secunderabad",Private,NBEMS,2005,2,50
Delhi,"Shri Balaji Action Medical Institute, New Delhi",Private,NBEMS,2004,21,275
Andhra Pradesh,"Star Pinnacle Heart Center, Visakhapatnam",Private,NBEMS,2015,0,0
Kerala,"SP Fort Hospital, Thiruvananthapuram",Private,NBEMS,1998,3,500
Assam,"Sri Sankaradeva Nethralaya, Guwahati",Private,NBEMS,1993,4,50
Telangana,"Soorya Hospitals, Hyderabad",Private,NBEMS,1990,1,0
Maharashtra,"Shri Ganapati Nethralaya, Jalna",Private,NBEMS,1992,2,95
Kerala,"Rajagiri Hospital, Ernakulam",Private,NBEMS,2014,19,570
Jharkhand,"Rani Hospital, Ranchi",Private,NBEMS,2004,8,225
Maharashtra,"Nandadeep Eye Hospital, Sangli",Private,NBEMS,1980,1,30
Telangana,"Pushpagiri Eye Institute, Secunderabad",Private,NBEMS,2007,2,0
Telangana,"Neelima Institute of Medical Sciences, Medchal",Private,"Anurag University, Venkatapur",2023,0,300
Rajasthan,"Porwal Hospital, Bhilwara",Private,NBEMS,2009,3,0
Karnataka,"Rangadore Memorial Hospital, Bangalore",Private,NBEMS,2007,14,210
West Bengal,"Park Clinic, Kolkata",Govt,NBEMS,1995,0,100
Telangana,"Prathima Institute of Medical Sciences, Karimnagar",Private,"Dr. NTR University of Health Sciences, Vijayawada",2001,137,750
Andhra Pradesh,"Q1 Hospital, Visakhapatnam",Private,NBEMS,2017,1,0
Maharashtra,"Rainbow Institiute of Medical Sciences (RIMS), Amravati",Private,NBEMS,2021,2,137
Karnataka,"S Nijalingappa Medical College & HSK Hospital & Research Centre, Bagalkot",Private,"Rajiv Gandhi University of Health Sciences, Bangalore",2002,102,1140
Bihar,"Sadar Hospital, Motihari",Govt,NBEMS,1922,8,300
Uttar Pradesh,"School of Medical Sciences & Research, Greater Noida",Private,"Sharda University, Greater Noida",2009,109,0
Karnataka,"New Amrutha Medical & Research Centre, Raichur",Private,NBEMS,2006,4,350
Maharashtra,"Paediatric Surgery Centre & PG Institute, Sangli",Private,NBEMS,0,2,100
West Bengal,"Sambhu Nath Pandit Hospital, Kolkata",Govt,NBEMS,1990,0,407
Andhra Pradesh,"Seven Hills Hospital, Vishakhapatnam",Private,NBEMS,1988,6,0
Kerala,"NIMS Medicity, Trivandrum",Private,NBEMS,2006,3,228
Maharashtra,"Niramay Hospital & Research Center, Satara",Private,NBEMS,1995,2,120
Tamil Nadu,"Royal Care Super Speciality Hospital, Coimbatore",Private,NBEMS,2015,6,150
Telangana,"Sai Sanjeevini Hospitals, Hyderabad",Private,NBEMS,2017,1,0
Karnataka,"Sapthagiri Institute of Medical Sciences & Research Centre, Bangalore",Private,"Rajiv Gandhi University of Health Sciences, Bangalore",2011,190,1070
West Bengal,"Naihati State General Hospital, North 24 Parganas",Govt,NBEMS,1920,2,300
Uttar Pradesh,"Rama Medical College & Hospital, Kanpur",Private,"Dr BR Ambedkar University, Agra",2008,54,0
Chhattisgarh,"Shri Balaji Institute of Medical Science, Raipur",Private,"Pt. Deendayal Upadhyay Memorial Health Sciences and Ayush University, Raipur",2021,68,1500
Karnataka,"Sigma Hospital, Mysore",Private,NBEMS,2014,1,100
Assam,"Silchar Medical College, Silchar",Govt,"Srimanta Shankardeva University of Health Sciences, Guwahati",1968,111,500
Ladakh,"SNM Hospital, Ladakh",Govt,NBEMS,1976,5,280
Jammu & Kashmir,"Sher-I-Kashmir Institute of Medical Sciences, Bemina, Srinagar",Govt,NBEMS,1989,6,0
Andhra Pradesh,"Sri Sankara Netra Chikitsalaya, Eluru",Private,NBEMS,1991,3,0
Karnataka,"Shri Atal Bihari Vajpayee Medical College & Research Institute, Bangalore",Govt,"Rajiv Gandhi University of Health Sciences, Bangalore",2019,27,956
Kerala,"St. James Hospital, Chalakudy",Private,NBEMS,1989,6,450
Gujarat,"Sterling Hospital, Vadodara",Private,NBEMS,2001,0,220
Telangana,"SLG Hospitals, Hyderabad",Private,NBEMS,2006,2,200
Chhattisgarh,"Shri Shishu Bhawan Hospital, Bilaspur",Private,NBEMS,0,2,100
Telangana,"Star Women & Children Hospital, Karimnagar",Private,NBEMS,2014,5,0
Kerala,"Saraswathy Hospital, Thiruvananthapuram",Private,NBEMS,1992,2,150
Uttar Pradesh,"Saraswati Medical College, Unnao",Private,"CSJM University, Kanpur",2016,0,0
Uttar Pradesh,"Muzaffarnagar Medical College, Muzaffarnagar",Private,"Chaudhary Charan Singh University, Meerut",2006,97,450
West Bengal,"Neotia Getwel, Siliguri",Private,NBEMS,2012,13,250
Punjab,"Netaji Subhas National Institute of Sports Medicine, Patiala",Govt,"Baba Farid University of Health Sciences, Faridkot",1977,6,50
Andhra Pradesh,"PES Institute of Medical Sciences & Research, Kuppam",Private,"Dr. NTR University of Health Sciences, Vijayawada",2001,114,750
Maharashtra,"Sainath Hospital, Pune",Private,NBEMS,1999,2,100
West Bengal,"Narayana Multispeciality Hospital, Kolkata",Private,NBEMS,2007,4,200
Odisha,"Saheed Rendo Majhi Medical College & Hospital, Bhawanipatna",Govt,"The Kalahandi university, Bhawanipatna",2023,0,340
Uttar Pradesh,"Sanjay Gandhi Postgraduate Institute of Medical Sciences, Lucknow",Govt,"Sanjay Gandhi Postgraduate Institute of Medical Sciences, Lucknow",1983,45,1609
Rajasthan,"Santokba Durlabhji Memorial Hospital (SDMH), Jaipur",Private,NBEMS,1971,22,525
Kerala,"PK Das Institute of Medical Sciences, Palakkad",Private,"Kerala University of Health Sciences, Thrissur",2014,17,900
Andhra Pradesh,"Queen's NRI Hospital, Visakhapatnam",Private,NBEMS,1995,3,0
Karnataka,"Raichur Institute of Medical Sciences, Raichur",Govt,"Rajiv Gandhi University of Health Sciences, Bangalore",2007,39,870
Haryana,"OP Jindal Institute of Cancer & Cardiac Research, Hisar",Private,NBEMS,0,5,0
Odisha,"PG Institute of Medical Education & Research & Capital Hospital, Bhubaneswar",Govt,"Utkal University, Bhubaneswar",1954,30,647
Uttar Pradesh,"Rama Medical College Hospital & Research Centre, Hapur",Private,"Chaudhary Charan Singh University, Meerut",2011,45,0
Jharkhand,"NH Brahamananda Narayana Multispeciality Hospital, Jamshedpur",Private,NBEMS,2008,3,200
Maharashtra,"PD Hinduja Hospital, Khar, Mumbai",Private,NBEMS,1951,6,110
Maharashtra,"Poona Hospital & Research Centre, Pune",Private,NBEMS,1996,10,300
Delhi,"Rajiv Gandhi Super Speciality Hospital, Delhi",Govt,NBEMS,2016,3,650
Tamil Nadu,"Saveetha Medical College & Hospital, Kanchipuram",Deemed,"Saveetha University (Deemed), Chennai",2008,136,720
Gujarat,"Shalby Hospital, Ahmedabad",Private,NBEMS,1994,6,0
Telangana,"South Central Railways Hospital, Secunderabad",Public Sector,NBEMS,1965,9,300
Punjab,"SKR Hospital & Trauma Centre, Pathankot",Private,NBEMS,2010,1,100
Gujarat,"SGVP Holistic Hospital, Ahmedabad",Private,NBEMS,2010,2,200
Karnataka,"Sri Siddhartha Institute of Medical Sciences & Research Centre, Bangalore",Deemed,"Sri Siddhartha Academy of Higher Education, Tumkur",2019,19,970
Andhra Pradesh,"St. Joseph General Hospital, Guntur",Private,NBEMS,1967,6,200
Andhra Pradesh,"MyCure Hospital, Visakhapatnam",Private,NBEMS,0,0,650
West Bengal,"Nabadwip State General Hospital, Pratapnagar, Nadia",Govt,NBEMS,1920,2,250
Haryana,"Paras Hospital, Gurgaon",Private,NBEMS,2006,7,300
Delhi,"Rajiv Gandhi Cancer Institute & Research Centre, New Delhi",Private,NBEMS,1996,10,498
Maharashtra,"Sanjeevan Medical Foundation ENT Postgraduate Training Institute, Miraj",Private,"Maharashtra University of Health Sciences, Nashik",1978,3,0
Karnataka,"MS Ramaiah Medical College, Bangalore",Private,"MS Ramaiah University of Applied Sciences, Bangalore.",1979,168,1320
Telangana,"Muslim Maternity & Childrens Hospital, Hyderabad",Private,NBEMS,1970,3,0
Tamil Nadu,"Nandha Medical College & Hospital, Erode",Private,"The Tamilnadu Dr. MGR Medical University, Chennai",2023,0,0
Rajasthan,"Pacific Medical College & Hospital, Bhilo Ka Bedla, Udaipur",Private,"Rajasthan University of Health Sciences, Jaipur",2014,137,300
Gujarat,"SBKS Medical Institute & Research Centre, Vadodara",Deemed,"Sumandeep Vidyapeeth University (Deemed), Vadodra",2002,169,1200
Kerala,"Palakkad Institute of Medical Sciences, Walayar",Private,"Kerala University of Health Sciences, Thrissur",2014,2,330
Punjab,"Punjab Institute of Medical Sciences, Jalandhar",Private,"Baba Farid University of Health Sciences, Faridkot",2011,13,2011
Bihar,"Savera Cancer & Multispeciality Hospital, Patna",Private,NBEMS,2010,0,100
Maharashtra,"Noble Hospital, Pune",Private,NBEMS,2007,17,330
Gujarat,"Pranayam Lung & Heart Institute, Vadodara",Private,NBEMS,2012,1,0
Maharashtra,"Rajashree Chhatrapati Shahu Maharaj Government Medical College, Kolhapur",Govt,"Maharashtra University of Health Sciences, Nashik",2001,74,665
Haryana,"NC Medical College & Hospital, Panipat",Private,"Pt. BD. Sharma University of Health Sciences, Rohtak",2016,27,650
Meghalaya,"North Eastern Indira Gandhi Regional Instt. of Health & Medical Sciences, Shillong",Govt,"North Eastern Hill University, Shillong",1987,35,594
Telangana,"Omega Hospital, Hyderabad",Private,NBEMS,2010,4,0
Chhattisgarh,"Pandurang Ramarao Dongaonkar District Hospital, Durg",Govt,NBEMS,1974,6,400
West Bengal,"Panskura Super Specialty Hospital, Purba",Govt,NBEMS,2013,1,300
Maharashtra,"Pawana Hospital, Pune",Private,NBEMS,1997,5,120
Uttar Pradesh,"Priya Hospital, Kanpur",Private,NBEMS,1995,2,100
Andhra Pradesh,"Sankar Foundation Eye Hospital, Vishakhapatnam",Private,NBEMS,1997,3,0
Maharashtra,"SP Institute of Neurosciences, Solapur",Private,NBEMS,1999,0,100
Rajasthan,"SMS Medical College, Jaipur",Govt,"Rajasthan University of Health Sciences, Jaipur",1947,640,6063
Karnataka,"Sri Jayadeva Institute of Cardiology, Bangalore",Govt,"Rajiv Gandhi University of Health Sciences, Bangalore",1972,0,1600
Uttar Pradesh,"Shaikh-Ul-Hind Maulana Mahmood Hasan Medical College, Saharanpur",Govt,"Chaudhary Charan Singh University, Meerut",2015,38,430
Karnataka,"Shri BM Patil Medical College, Hospital & Research Centre, Vijayapura",Deemed,"BLDE University (Deemed), Vijayapura",1986,148,1160
Andhra Pradesh,"Sri Venkateswara Aravind Eye Hospital, Tirupati",Private,NBEMS,2019,2,0
Tamil Nadu,"Revathi Medical Center, Tirupur",Private,NBEMS,2006,4,200
Maharashtra,"PBMA`s HV Desai Eye Hospital, Pune",Private,NBEMS,2000,2,95
Assam,"Pratiksha Hospital, Guwahati",Private,NBEMS,0,1,0
Maharashtra,"Sancheti Institute for Orthopaedics & Rehabilitation, Pune",Private,"Maharashtra University of Health Sciences, Nashik",1975,20,175
Telangana,"Premier Hospitals, Hyderabad",Private,NBEMS,1991,2,0
Delhi,"Pushpawati Singhania Hospital, Delhi",Private,NBEMS,1996,2,200
Telangana,"Rainbow Hospital for Women & Children, LB Nagar, Hyderabad",Private,NBEMS,2016,5,0
Uttar Pradesh,"Raja Pratap Bahadur Hospital (Dr. Sonelal Patel State Medical College), Pratapgarh",Govt,NBEMS,2021,4,0
Bihar,"Sadar Hospital, Sasaram",Govt,NBEMS,0,2,50
Karnataka,"Sanjay Gandhi Institute of Trauma & Orthopaedics, Bangalore",Govt,"Rajiv Gandhi University of Health Sciences, Bangalore",1984,10,240
West Bengal,"Nilratan Sircar Medical College, Kolkata",Govt,"West Bengal University of Health Sciences, Kolkata",1948,136,2069
Haryana,"Paras Hospitals, Panchkula",Private,NBEMS,0,2,250
Tamil Nadu,"PSG Institute of Medical Sciences, Coimbatore",Private,"The Tamilnadu Dr. MGR Medical University, Chennai",1985,77,800
Gujarat,"Muljibhai Patel Urological Hospital, Nadiad",Private,NBEMS,1978,0,0
Telangana,"Rajiv Gandhi Institute of Medical Sciences, Adilabad",Govt,"Dr. NTR University of Health Sciences, Vijayawada",2008,72,500
Haryana,"Saraswati Mission Hospital, Pehowa",Private,NBEMS,2004,1,50
Maharashtra,"New Thergaon Hospital, Pimpri-Chinchwad",Govt,NBEMS,2021,16,200
Telangana,"Pragna Childrens Hospital, Hyderabad",Private,NBEMS,2015,1,0
Tamil Nadu,"Scudder Memorial Hospital, Ranipet",Private,NBEMS,1820,0,300
Tamil Nadu,"Shifa Hospitals, Tirunelveli",Private,NBEMS,1971,0,150
Karnataka,"Sri Madhusudan Sai Institute of Medical Sciences & Research, Chikkaballapur",Private,"Sri Sathya Sai University for Human Excellence, Kalaburagi",2023,0,360
Andhra Pradesh,"Sri Padmavathi Childrens Heart Centre, Tirupathi",Private,NBEMS,0,0,0
Kerala,"Sree Gokulam Medical College Trust & Research Foundation, Trivandrum",Private,"Kerala University of Health Sciences, Thrissur",2005,60,700
Gujarat,"Sri Sathya Sai Heart Hospital, Ahmedabad",Private,NBEMS,2018,0,310
Karnataka,"SS Institute of Medical Sciences& Research Centre, Davangere",Private,"Rajiv Gandhi University of Health Sciences, Bangalore",2006,90,1190
Maharashtra,"Rural Medical College, Loni",Deemed,"Pravara Institute of Medical Sciences (Deemed), Ahmednagar",1984,103,1275
Karnataka,"SDS TB Research Centre & Rajiv Gandhi Institute of Chest Diseases, Bangalore",Govt,"Rajiv Gandhi University of Health Sciences, Bangalore",1944,12,470
Tamil Nadu,"Rainbow Children's Hospital, Chennai",Private,NBEMS,1999,3,150
Andhra Pradesh,"Rural Development Trust Hospita, Kalyandurg",Private,NBEMS,1978,6,0
Maharashtra,"New Bhosari Hospital, Pune",Private,NBEMS,2002,2,100
West Bengal,"Panihati State General Hospital, Sodepur",Govt,NBEMS,1974,2,200
Andhra Pradesh,"Sanghamitra Hospitals Private Limited, Ongole",Private,NBEMS,2008,5,100
Maharashtra,"Seth GS Medical College & KEM Hospital, Mumbai",Govt,"Maharashtra University of Health Sciences, Nashik",1925,227,2250
West Bengal,"Netaji Subhas Chandra Bose Cancer Hospital, Nayabad",Private,NBEMS,2004,1,200
Karnataka,"Nethradhama Super Specialty Eye Hospital, Bangalore",Private,NBEMS,1994,5,28
Uttar Pradesh,"Rohilkhand Medical College & Hospital, Bareilly",Private,"Bareilly International University, Bareilly",2006,166,1935
Jharkhand,"Ranchi Institute of Neuro Psychiatry & Allied Sciences, Ranchi",Govt,"Ranchi University, Ranchi",1925,3,0
Andhra Pradesh,"Sentini Hospitals, Vijayawada",Private,NBEMS,2010,0,0
Gujarat,"Nootan Medical College & Research Centre, Mehsana",Private,"Sankalchand Patel University, Visnagar",2019,17,500
Telangana,"Princess Durru Shehvar Children`s & General Hospital, Hyderabad",Private,NBEMS,1983,10,0
Telangana,"Renova Soumya Cancer Centre, Secunderabad",Private,NBEMS,0,1,0
Madhya Pradesh,"Sewa Sadan Eye Hospital, Bhopal",Private,NBEMS,1984,2,50
Karnataka,"Sri Jayachamarajendra General Hospital, Arsikere",Govt,NBEMS,1956,2,200
Uttarakhand,"Soban Singh Jeena Government Institute of Medical Science & Research, Almora",Govt,"Hemwati Nandan Bahuguna Uttarakhand Medical Education University, Dehradun",2021,0,0
Delhi,"St. Stephen's Hospital, New Delhi",Private,NBEMS,1885,28,600
Rajasthan,"Shalby Hospitals, Jaipur",Private,NBEMS,2017,2,237
Tamil Nadu,"Sinduja Hospital, Trichy",Private,NBEMS,1992,4,150
Maharashtra,"Shree Markendey Solapur Sahakari Rugnalya & Research Centre, Solapur",Private,NBEMS,1966,4,225
Rajasthan,"SSG Government District Hospital, Chittorgarh",Govt,NBEMS,1952,8,300
Tamil Nadu,"Regional Centre for Cancer Research & Treatment, Adyar, Chennai",Private,"The Tamilnadu Dr. MGR Medical University, Chennai",1997,7,150
Maharashtra,"Sadhu Vaswani Missions Medical Complex, Pune",Private,NBEMS,2006,17,430
Uttar Pradesh,"Noida International Institute of Medical Sciences, Gautam Budh Nagar",Private,"Noida International University, Greater Noida",2020,0,350
West Bengal,"Prafulla Chandra Sen Government Medical College & Hospital, Arambag",Govt,"West Bengal University of Health Sciences, Kolkata",2022,7,500
Karnataka,"Rainbow Children's Hospital, Bannerghatta, Bangalore",Private,NBEMS,2016,0,100
Telangana,"Rainbow Children's Hospital, Hyderabad",Private,NBEMS,1999,7,0
Jharkhand,"Rajendra Institute of Medical Sciences, Ranchi",Govt,"Ranchi University, Ranchi",1960,176,2170
Maharashtra,"Sahyadri Super Specialty Hospital, Deccan Gymkhana, Pune",Private,NBEMS,1994,13,202
Rajasthan,"Paras Hospital, Udaipur",Private,NBEMS,2006,1,200
Uttar Pradesh,"Prakash Netra Kendr, Lucknow",Private,NBEMS,1991,1,0
Tamil Nadu,"Rex Hospital, Coimbatore",Private,NBEMS,0,1,100
Telangana,"Pace Hospitals, Hyderabad",Private,NBEMS,2011,0,0
Karnataka,"Rajarajeswari Medical College & Hospital, Bangalore",Private,"Rajiv Gandhi University of Health Sciences, Bangalore",2005,210,1360
Andhra Pradesh,"Rangaraya Medical College, Kakinada",Govt,"Dr. NTR University of Health Sciences, Vijayawada",1958,203,1065
Andhra Pradesh,"Sai Sudha Hospital, Kakinada",Private,NBEMS,1989,1,0
Kerala,"Mount Zion Medical College, Pathanamthitta",Private,"Kerala University of Health Sciences, Thrissur",2014,5,500
West Bengal,North 24 Parganas District Hospital,Govt,NBEMS,1945,0,600
Andhra Pradesh,"Rainbow Children's Hospital, Visakhapatnam",Private,NBEMS,2020,4,0
Jammu & Kashmir,"Raja Sukhdev Singh District Hospital, Poonch",Govt,NBEMS,0,4,0
Kerala,"Starcare Hospital, Kozhikode",Private,NBEMS,2013,4,169
Gujarat,"State Hospital, Dharampur",Govt,NBEMS,1965,1,220
Dadra & Nagar Haveli,"Shri Vinoba Bhave Civil Hospital, Silvassa",Govt,NBEMS,1952,10,650
Kerala,"Sree Uthradom Thirunal Academy of Medical Sciences, Trivandrum",Private,"Kerala University of Health Sciences, Thrissur",2006,36,500
Manipur,"Sky Hospital & Research Centre, Imphal",Private,NBEMS,2009,0,100
Punjab,"Shrimann Superspeciality Hospital, Jalandhar",Private,NBEMS,2018,0,227
Tamil Nadu,"Southern Railway Head Quarter Hospital, Chennai",Public Sector,NBEMS,1928,19,580
Tamil Nadu,"Rio Childrens Hospital, Madurai",Private,NBEMS,2013,3,80
Karnataka,"NU Trust Hospital, Bangalore",Private,NBEMS,1999,0,100
Uttar Pradesh,"Oriana Hospital, Varanasi",Private,NBEMS,2016,1,0
Gujarat,"Pramukhswami Medical College, Karmsad",Private,"Bhaikaka University, Anand",1987,110,750
Telangana,"Rainbow Children's Heart Institute, Hyderabad",Private,NBEMS,1999,0,0
Bihar,"Sadar Hospital, Nalanda",Govt,NBEMS,0,7,0
Uttar Pradesh,"Santosh Medical College, Ghaziabad",Deemed,"Santosh University (Deemed), Ghaziabad",1996,137,700
Punjab,"Neelam Healthcare, Fatehpur Garhi",Private,NBEMS,2021,7,100
Delhi,"Rajan Babu Institute of Pulmonary Medicine & TB, Delhi",Govt,NBEMS,0,2,0
Andhra Pradesh,"Narayana Medical College, Nellore",Private,"Dr. NTR University of Health Sciences, Vijayawada",2000,138,1430
Gujarat,"Nirmal Hospital, Surat",Private,NBEMS,1992,3,0
West Bengal,"Saroj Gupta Cancer Centre Welfare Home & Research Institute, Kolkata",Private,NBEMS,1973,2,200
Telangana,"National Institute of Gastroenterology & Liver Diseases, Hyderabad",Private,NBEMS,2000,0,0
Punjab,"Patel Hospital, Jalandhar",Private,NBEMS,1976,3,200
Karnataka,"Sagar Hospital- DSI, Bangalore",Private,NBEMS,2009,6,150
Assam,"Nalbari Medical College, Nalbari",Govt,"Srimanta Shankardeva University of Health Sciences, Guwahati",2023,0,500
Bihar,"Netaji Subhas Medical College, Bihta",Private,"Bihar University Of Health Science, Patna",2020,0,625
Andhra Pradesh,"Rainbow Children's Hospital, Vijayawada",Private,NBEMS,2007,5,0
Karnataka,"Srinivas Institute of Medical Research Centre, Mangalore",Private,"Rajiv Gandhi University of Health Sciences, Bangalore",2011,77,0
Kerala,"St. Joseph Hospital, Ernakulam",Private,NBEMS,1888,2,200
Chhattisgarh,"Shri Ganesh Vinayak Eye Hospital, Lalpur",Private,NBEMS,2007,1,20
Bihar,"Shri Krishna Medical College, Muzaffarpur",Govt,"Aryabhatta Knowledge University, Patna",1970,33,650
Kerala,"Pushpagiri Institute of Medical Sciences & Research Centre, Tiruvalla",Private,"Kerala University of Health Sciences, Thrissur",2002,69,1200
Delhi,"Rajan Babu TB Institute, Delhi",Govt,"Delhi University, Delhi",0,0,0
Rajasthan,"Rukmani Birla Hospital, Jaipur",Private,NBEMS,2016,6,230
Telangana,"RVM Institute of Medical Sciences & Research Centre, Siddipet",Private,"Kaloji Narayana Rao University of Health Sciences, Warangal",2016,55,500
West Bengal,"North Bengal Medical College, Darjeeling",Govt,"West Bengal University of Health Sciences, Kolkata",1968,90,800
Telangana,"Prathima Relief Institute of Medical Sciences, Warangal",Private,"Kaloji Narayana Rao University of Health Sciences, Warangal",2022,0,300
Telangana,"Rainbow Children's Medicare, Secundrabad",Private,NBEMS,2007,6,0
Chhattisgarh,"Ramkrishna Care Hospital, Raipur",Private,NBEMS,1997,11,359
Rajasthan,"Narayana Multispecialty Hospital, Jaipur",Private,NBEMS,2011,14,330
Tamil Nadu,"Panimalar Medical College Hospital & Research Institute, Chennai",Private,"The Tamilnadu Dr. MGR Medical University, Chennai",2020,0,330
Odisha,"Rourkela Government Hospital, Rourkela",Govt,NBEMS,1960,6,450
Punjab,"Sarvodya Hospital, Jalandhar",Private,NBEMS,2017,0,102
Pondicherry,"Pondicherry Institute of Medical Sciences & Research, Pondicherry",Private,"Pondicherry University, Pondicherry",2000,63,640
Uttar Pradesh,"Rana Beni Madhav Singh (RBMS) District Hospital, Raebareli",Govt,NBEMS,0,5,0
Tamil Nadu,"Senthil Multi Speciality Hospital, Erode",Private,NBEMS,1987,2,115
Uttar Pradesh,"Rafi Ahmad Kidwai Memorial District Male Hospital, Barabanki",Govt,NBEMS,0,1,140
Madhya Pradesh,"Ratan Jyoti Netralaya Opthalmic Institute & Research Centre, Gwalior",Private,NBEMS,1996,1,20
Haryana,"Park Hospital, Gurgaon",Private,NBEMS,0,1,250
Uttar Pradesh,"Popular Medicare, Varanasi",Private,NBEMS,2012,12,450
Uttar Pradesh,"Pushpanjali Hospital & Research Centre, Agra",Private,NBEMS,2003,8,0
West Bengal,"South Eastern Railways Central Hospital, Kolkata",Public Sector,NBEMS,1957,11,300
Odisha,"Shanti Memorial Hospital, Cuttack",Private,NBEMS,0,0,100
Tamil Nadu,"Sree Balaji Medical College & Hospital, Chennai",Deemed,"Bharath Institute of Higher Education & Research (Deemed), Chennai",2003,157,1120
Gujarat,"Shree Mahavir Health & Medical Relief Society Hospital, Surat",Private,NBEMS,1978,2,0
Andhra Pradesh,"Sri Sathya Sai General Hospital, Anantapur",Private,NBEMS,1991,2,0
Karnataka,"St. Johns Medical College, Bangalore",Private,"Rajiv Gandhi University of Health Sciences, Bangalore",1963,133,1350
Chhattisgarh,"Shri Balaji Metro Hospital, Raigarh",Private,NBEMS,0,2,106
Chhattisgarh,"Shri Shankaracharya Institute of Medical Sciences, Bhilai",Private,"Pt. Deendayal Upadhyay Memorial Health Sciences and Ayush University, Raipur",2016,57,200
Gujarat,"Smt. NHL Municipal Medical College, Ahmedabad",Govt-Private,"Gujarat University, Ahmedabad",1963,255,1000
Karnataka,"Sparsh Hospital, Bangalore",Private,NBEMS,2020,5,400
Karnataka,"Sri Chamundeshwari Medical College Hospital & Research Institute, Channapatna",Private,"Rajiv Gandhi University of Health Sciences, Bangalore",2023,0,605
Telangana,"Sri Krishna Children's Hospital, Hanamkonda",Govt-Private,"Kaloji Narayana Rao University of Health Sciences, Warangal",0,1,100
Gujarat,"Rotary Eye Institute, Navasari",Private,NBEMS,1977,2,50
Madhya Pradesh,"Sardar Vallabh Bhai Patel District Hospital, Satna",Govt,NBEMS,1964,2,350
Karnataka,"SDM College of Medical Sciences & Hospital, Sattur, Dharwad",Private,"Shri Dharmasthala Manjunatheshwara University, Dharward",2003,99,850
Uttar Pradesh,"Netaji Subhash Chandra Bose District Hospital, Gorakhpur",Govt,NBEMS,0,7,0
West Bengal,"Orthopaedics Hospital, Howrah",Public Sector,NBEMS,1957,2,200
Tamil Nadu,"Rajan Eye Care Hospital, Chennai",Private,NBEMS,1992,5,30
Uttar Pradesh,"Rajkiya Allopathic Medical College, Bahraich",Govt,"King Georges Medical University, Lucknow",2019,22,300
Kerala,"Regional Cancer Centre, Thiruvananthapuram",Govt,"Kerala University of Health Sciences, Thrissur",1981,18,700
Telangana,"Renee Hospital, Karimnagar",Private,NBEMS,2007,6,0
Bihar,"Ruby Eye Hospital, Berhampur",Private,NBEMS,1994,2,20
Rajasthan,"Saket Hospital, Jaipur",Private,NBEMS,2005,7,100
West Bengal,"School of Tropical Medicine, Kolkata",Govt,"West Bengal University of Health Sciences, Kolkata",1914,27,162
Karnataka,"Nirmala Multi Speciality Hospital, Mysore",Private,NBEMS,2001,4,100
Jharkhand,"Palamu Medical College, Palamu",Govt,"Nilamber Pitamber University, Medininagar",2019,0,0
Maharashtra,"Postgraduate Institute of Swasthiyog Pratisthan, Miraj",Private,"Maharashtra University of Health Sciences, Nashik",1965,4,0
Tamil Nadu,"PSP Medical College Hospital & Research Institute, Kanchipuram",Private,"The Tamilnadu Dr. MGR Medical University, Chennai",2023,0,500
Uttar Pradesh,"Rajkiya Medical College, Jalaun, Orai",Govt,"King Georges Medical University, Lucknow",2013,35,300
Bihar,"Sadar Hospital, Sitamarhi",Govt,NBEMS,1952,7,200
Dadra & Nagar Haveli,"NAMO Medical Education & Research Institute, Silvassa",Govt,"Veer Narmad South Gujarat University, Surat",2019,26,650
Uttar Pradesh,"Neo Hospital, Noida",Private,NBEMS,2014,3,0
Rajasthan,"Rajiv Gandhi Government General Hospital, Alwar",Govt,NBEMS,2004,39,500
Maharashtra,"Sahyadri Super Speciality Hospital, Hadapsar, Pune",Private,NBEMS,1994,5,301
Chhattisgarh,"Petals Newborn & Children Hospital, Raipur",Private,NBEMS,2013,3,100
Uttar Pradesh,"Postgraduate Institute of Child Health, Noida",Govt,"Atal Bihari Vajpayee Medical University, Lucknow",1988,11,200
Maharashtra,"Mumbai Port Trust Hospital, Mumbai",Govt,NBEMS,1873,2,241
Rajasthan,"National Institute of Medical Science & Research, Jaipur",Private,"NIMS University (Deemed), Jaipur",2004,206,750
Manipur,"Regional Institute of Medical Sciences, Imphal",Govt,"Manipur University, Imphal",1972,166,1254
Uttar Pradesh,"Regional Institute of Opthalmology, Sitapur",Govt,"King Georges Medical University, Lucknow",1935,15,0
Gujarat,"Sheth Vadilal Sarabhai General Hospital & Sheth Chinai Prasuti Hospital, Ahmedabad",Govt,NBEMS,1935,15,500
Karnataka,"Siddaganga Medical College & Research Institute, Tumakuru",Private,"Rajiv Gandhi University of Health Sciences, Bangalore",2022,0,634
Karnataka,"Shridevi Institute of Medical Sciences & Research Hospital, Tumkur",Private,"Rajiv Gandhi University of Health Sciences, Bangalore",2013,51,840
Andhra Pradesh,"Sri Sathya Sai Institute of Higher Medical Sciences, Anantapur",Private,NBEMS,1991,10,0
Tamil Nadu,"Sri Venkateswaraa Medical College Hospital & Research Institute, Chennai",Private,"Sri Venkateswaraa University, Chennai",2022,0,300
Tamil Nadu,"St. Isabels Hospital, Chennai",Private,NBEMS,1956,4,200
Telangana,"Renova Neelima Hospital, Hyderabad",Private,NBEMS,2009,1,0
Tamil Nadu,"Schizophrenia Research Foundation, Chennai",Private,"The Tamilnadu Dr. MGR Medical University, Chennai",1984,0,305
Assam,"Nagaon Medical College, Nagaon",Govt,"Srimanta Shankardeva University of Health Sciences, Guwahati",2023,0,500
Odisha,"Padmini Care Hospital, Cuttack",Private,NBEMS,2023,2,400
Uttar Pradesh,"Sankara Eye Hospital, Kanpur",Private,NBEMS,2014,2,113
Karnataka,"Narayana Hrudayalaya Hospital (NH-Narayana Health City), Bangalore",Private,NBEMS,2014,55,606
Gujarat,"SAL Institute of Medical Sciences, Ahmedabad",Private,"Gujarat University, Ahmedabad",2023,0,700
Punjab,"SBLS Civil Hospital, Jalandhar",Govt,NBEMS,1952,22,470
Haryana,"Park Hospital, Panipat",Private,NBEMS,0,2,200
Uttar Pradesh,"Precision Urology Hospital, Lucknow",Private,NBEMS,2016,0,0
Telangana,"Rainbow Hospital for Women & Children, Hydernagar, Hyderabad",Private,NBEMS,2015,2,0
West Bengal,"RG Kar Medical College, Kolkata",Govt,"West Bengal University of Health Sciences, Kolkata",1916,174,1663
Telangana,"Mythri Hospital, Hyderabad",Private,NBEMS,2009,4,100
West Bengal,"Narayana Multispeciality Hospital, Howrah",Private,NBEMS,2006,6,450
Karnataka,"Narayana Netralaya, Bangalore",Private,NBEMS,2007,4,31
Bihar,"Netaji Subhas Medical College & Hospital, Amhara, Bihta, Patna",Private,"Aryabhatta Knowledge University, Patna",2020,50,500
Maharashtra,"Parbhani Medical College, Parbhani",Private,"Maharashtra University of Health Sciences, Nashik",2023,0,340
Tamil Nadu,"Public Health Centre, Chennai",Govt,NBEMS,1974,2,20
West Bengal,"Siliguri District Hospital, Darjeeling",Govt,NBEMS,1955,7,400
Kerala,"Sreenethra Eye Care, Thiruvananthapuram",Private,NBEMS,0,2,10
Telangana,"Star Hospital, Hyderabad",Private,NBEMS,2008,8,0
Uttarakhand,"Shri Guru Ram Rai Institute of Medical & Health Sciences, Dehradun",Private,"Shri Guru Ram Rai University, Dehradun",2006,162,1010
Andhra Pradesh,"Sri Ramachandra Childrens & Dental Hospital, Guntur",Private,NBEMS,2011,1,0
Maharashtra,"SRCC Children`s Hospital, Mumbai",Private,NBEMS,1948,5,207
Tamil Nadu,"Srinivasan Medical College & Hospital, Samayapuram",Private,"Dhanalakshmi Srinivasan University, Tiruchirappali",2021,6,330
Karnataka,"St. Philomena's Hospital, Bangalore",Private,NBEMS,1937,19,371
Tamil Nadu,"Rajah Muthiah Medical College, Annamalainagar",Govt,"Annamalai University, Chidambaram",1985,134,1400
Odisha,"Saheed Laxman Nayak Medical College & Hospital, Koraput",Govt,"Berhampur University, Berhampur",1937,8,300
Karnataka,"Sarji Hospital, Shivamogga",Private,NBEMS,2014,6,120
Kerala,"Paalana Institute of Medical Sciences, Palakkad",Private,NBEMS,2014,7,300
Karnataka,"MVJ Medical College & Research Hospital, Bangalore",Private,"Rajiv Gandhi University of Health Sciences, Bangalore",1997,83,770
West Bengal,"National Neuro Sciences Centre, Kolkata",Govt,NBEMS,2003,0,210
Andhra Pradesh,"Rich Hospital, Nellore",Private,NBEMS,1988,3,100
Rajasthan,"SDH Nathdwara, Nathdwara",Govt,NBEMS,2005,2,50
Uttar Pradesh,"MRA Medical College, Saddarpur",Govt,NBEMS,2015,18,300
Madhya Pradesh,"Netaji Subhash Chandra Bose Medical College, Jabalpur",Govt,"Rani Durgavati Vishwa Vidyalaya, Jabalpur",1955,187,1150
Goa,"North District Hospital- Asilo Hospital, Peddem",Govt,NBEMS,2011,3,250
Delhi,"National Institute of TB & Respiratory Diseases, New Delhi",Govt,NBEMS,1956,9,470
Haryana,"Ojas Super Speciality Hospital, Panchkula",Private,NBEMS,2013,2,100
Uttar Pradesh,"Pandit Deen Dayal Upadhyay Divisional District Hospital, Moradabad",Govt,NBEMS,1920,4,500
Bihar,"Paras HMRI Hospital, Patna",Private,NBEMS,2009,9,200
Uttar Pradesh,"Rani Durgavati Medical College, Banda",Govt,"King Georges Medical University, Lucknow",2016,45,300
Punjab,"Nasa Brain & Spine Centre, Jalandhar",Private,NBEMS,2009,3,180
Kerala,"NS Memorial Institute of Medical Sciences, Kollam",Govt,NBEMS,2000,15,350
Chhattisgarh,"Pt. JNM Medical College, Raipur",Govt,"Pt. Ravishankar Shukla University, Raipur",1963,146,500
Punjab,"Sacred Heart Hospital, Jalandhar",Private,NBEMS,1985,6,195
Maharashtra,"Saideep Healthcare & Research, Ahmednagar",Private,NBEMS,2012,5,260
Karnataka,"Sakra World Hospital, Bangalore",Private,NBEMS,2014,12,350
Andhra Pradesh,"Sankara Eye Hospital, Guntur",Private,NBEMS,2004,4,225
West Bengal,"Santiniketan Medical College, Bolpur",Private,"The West Bengal University of Health Sciences, Kolkata",2021,0,500
Bihar,"Shree Narayan Medical Institute & Hospital, Saharsa",Private,"Bhupendra Narayan Mandal University, Madhepura",2021,0,300
Andhra Pradesh,"Sri Kiran Institute of Ophthalmology, Kakinada",Private,NBEMS,1993,2,0
Uttar Pradesh,"Sri Sai Hospital, Moradabad",Private,NBEMS,2003,2,100
Punjab,"SGL Super Specialty Charitable Hospital, Jalandhar",Private,NBEMS,1995,7,223
Sikkim,"Sikkim Manipal Institute of Medical Sciences, Gangtok",Private,"Sikkim Manipal Institute of Medical Sciences, Gangtok",2000,35,690
Karnataka,"Sir CV Raman General Hospital, Bangalore",Govt,NBEMS,1965,6,500
Gujarat,"Sterling Hospital, Rajkot",Private,NBEMS,2009,0,190
Madhya Pradesh,"Shrimant Madhavrao Schindhiya District Hospital, Vidisha",Govt,NBEMS,1887,4,350
Tamil Nadu,"St. Joseph Hospital, Tamil Nadu",Private,NBEMS,1956,2,200
Tamil Nadu,"St. Peter's Medical College, Hosur",Private,"The Tamilnadu Dr. MGR Medical University, Chennai",2021,0,373
Tamil Nadu,"Sree Mookambika Institute of Medical Sciences, Kanyakumari",Private,"The Tamilnadu Dr. MGR Medical University, Chennai",2006,70,600
Pondicherry,"Sri Venkateswaraa Medical College, Hospital & Research Centre, Pondicherry",Private,"Pondicherry University, Pondicherry",2007,141,1100
Gujarat,"Parul Institute of Medical Sciences & Research, Vadodara",Private,"Parul University, Vadodara",2016,90,750
Bihar,"Radha Devi Jageshwari Memorial Medical College & Hospital, Muzaffarpur",Private,"Aryabhatta Knowledge University, Patna",2021,0,300
West Bengal,"Ranaghat Sub Division Hospital, Anulia",Govt,NBEMS,1970,4,250
Karnataka,"Sankara Eye Hospital, Bangalore",Private,NBEMS,2008,3,175
West Bengal,"Sankara Nethralaya, Kolkata",Private,NBEMS,1976,4,100
Maharashtra,"Ozone Multispeciality Hospital & Critical Care Center, Akola",Private,NBEMS,2008,0,100
Telangana,"Paramitha Childrens Hospital, Hyderabad",Private,NBEMS,2004,2,100
Bihar,"Patna Medical College, Patna",Govt,"Aryabhatta Knowledge University, Patna",1925,201,1675
Assam,"Rahman Hospital, Guwahati",Private,NBEMS,2004,0,100
Madhya Pradesh,"Ram Krishna College Hospital & Research Centre, Bhopal",Private,"Madhya Pradesh Medical Science University, Jabalpur",2023,0,300
West Bengal,"Second Sight Southend Eye Centre, Dhopagachi",Private,NBEMS,1995,4,15
Maharashtra,"Seth Nandlal Dhoot Hospital, Aurangabad",Private,NBEMS,1998,0,218
Karnataka,"Narayana Hrudayalaya Surgical Hospital, Mysore",Private,NBEMS,2011,9,260
Punjab,"Satguru Partap Singh Hospital, Ludhiana",Private,NBEMS,2007,13,350
Delhi,"National Institute of Pathology (ICMR), Delhi",Govt,NBEMS,1965,2,0
Bihar,"Sadar Hospital, Ara Shivganj",Govt,NBEMS,0,2,0
Delhi,"Sehgal Neo Hospital, Delhi",Private,NBEMS,1991,3,100
Telangana,"Shadan Institute of Medical Sciences, Peerancheru",Private,"Dr. NTR University of Health Sciences, Vijayawada",2005,45,700
Tamil Nadu,"Sri Gokulam Hospital, Salem",Private,NBEMS,1988,2,340
Chhattisgarh,"Shree Narayana Hospital, Raipur",Private,NBEMS,0,4,200
Tamil Nadu,"SRM Institutes for Medical Sciences, Chennai",Private,NBEMS,2005,11,500
Maharashtra,"SMBT Institute of Medical Sciences & Research Centre, Nashik",Private,"Maharashtra University of Health Sciences, Nashik",2014,43,750
Karnataka,"Sparsh Hospital for Advanced Surgeries, Bangalore",Private,NBEMS,2011,1,200
Tamil Nadu,"Sri Chandra Sekara Hospital, Hosur",Private,NBEMS,2014,5,100
Karnataka,"Sri Devaraj URS Medical College, Kolar",Deemed,"Sri Devaraj Urs Academy of Higher Education and Research (Deemed), Kolar",1986,169,1148
Himachal Pradesh,"Pt. Jawahar Lal Nehru Government Medical College, Chamba",Govt,"Himachal Pradesh University, Shimla",2017,0,325
Maharashtra,"Radiation Medicine Centre (Rmc), Bhabha Atomic Research Centre, Mumbai",Public Sector,NBEMS,1963,0,390
Maharashtra,"Ruby Hall Clinic, Pune",Private,NBEMS,1959,23,600
Bihar,"Sadar Hospital, Kashipur",Govt,NBEMS,1965,2,200
Uttar Pradesh,"Sanjivini Hospital & Research Centre, Lucknow",Private,NBEMS,2000,2,100
Delhi,"Parmanand Special Surgery Hospital, Delhi",Private,NBEMS,2022,1,102
Karnataka,"Prakriya Hospitals, Bangalore",Private,NBEMS,2015,0,200
Maharashtra,"Rajiv Gandhi Medical College & Chhatrapati Shivaji Maharaj Hospital, Thane",Govt,"Maharashtra University of Health Sciences, Nashik",1992,46,500
Tamil Nadu,"Sankara Eye Hospital, Coimbatore",Private,NBEMS,1985,3,500
Telangana,"Prashanthi Hospital, Warangal",Private,NBEMS,2009,4,250
West Bengal,"Ruby General Hospital, Kolkata",Private,NBEMS,1995,7,250
Tamil Nadu,"Sandhya Hospital, Vellore",Private,NBEMS,0,1,100
Karnataka,"Sankara Eye Hospital, Shivamogga",Private,NBEMS,2008,3,225
Manipur,"Mothers Care Children Hospital & Research Centre, Imphal West",Private,NBEMS,2004,4,100
Kerala,"Muthoot Health Care, Pathanamthitta",Private,NBEMS,1988,9,300
Assam,"Nemcare Hospital, Guwahati",Private,NBEMS,2001,6,0
Andhra Pradesh,"Quality Care India Limited (Care Hospital), Visakhapatnam",Private,NBEMS,1997,2,0
Karnataka,"Sagar Hospital, Bangalore",Private,NBEMS,2002,14,200
Rajasthan,"Sahai Hospital & Research Centre, Tilak Nagar, Jaipur",Private,NBEMS,1975,2,120
Gujarat,"SAL Hospital & Medical Institute, Ahmedabad",Private,NBEMS,2001,2,230
Karnataka,"Sambharam Institute of Medical Sciences & Research, Kolar",Private,"Rajiv Gandhi University of Health Sciences, Bangalore",2016,0,750
Delhi,"North Delhi Muncipal Corporation Medical College, Delhi",Govt,"Guru Gobind Singh Indraprastha University, Delhi",2013,2,832
Karnataka,"People Tree Hospital, Bangalore",Private,NBEMS,2013,2,0
Uttar Pradesh,"Raj Eye Hospital, Gorakhpur",Private,NBEMS,2001,2,25
Telangana,"NICE Hospital for Women, Newborn & Children, Hyderabad",Private,NBEMS,2002,3,60
Rajasthan,"Rajmata Vijaya Raje Scindia Medical College, Bhilwara",Govt,"Rajasthan University of Health Sciences, Jaipur",2019,0,500
Maharashtra,"RP Hospital & Research Institute, Parbhani",Private,NBEMS,0,11,860
Bihar,"Nalanda Medical College, Patna",Govt,"Aryabhatta Knowledge University, Patna",1970,104,1000
Maharashtra,"National Cancer Institute, Nagpur",Private,NBEMS,2002,2,470
Andhra Pradesh,"NRI Institute of Medical Sciences, Visakhapatnam",Private,"Dr. NTR University of Health Sciences, Vijayawada",2012,66,750
Tamil Nadu,"Prashanth Hospitals, Velachery",Private,NBEMS,2013,7,500
Rajasthan,"Raj Jindal Hospital & Research Centre, Bharatpur",Private,NBEMS,2004,4,150
Andhra Pradesh,"Rohini Medicare, Warangal",Private,NBEMS,2004,2,50
Tamil Nadu,"Sankara Nethralaya, Haddows Road, Chennai",Private,NBEMS,1976,6,47
Karnataka,"Sorake Chandrashekar (SCS) Hospital, Mangalore",Private,NBEMS,1980,2,100
Tamil Nadu,"St. Peters Medical College, Hospital & Research Institute, Hosur",Private,"The Tamilnadu Dr. MGR Medical University, Chennai",2021,28,300
Kerala,"Specialists Hospital, Kochi",Private,NBEMS,1983,0,100
Tamil Nadu,"Shanmuga Hospital, Salem",Private,NBEMS,1981,5,150
Jammu & Kashmir,"Sher-I-Kashmir Institute of Medical Sciences, Soura, Srinagar",Govt,"Sher-I-Kashmir Institute of Medical Sciences, Soura, Srinagar",1988,157,0
Himachal Pradesh,"Shri Lal Bahadur Shastri Government Medical College, Mandi",Govt,"Himachal Pradesh University, Shimla",2017,21,500
Maharashtra,"Sir HN Reliance Hospital & Research Centre, Mumbai",Private,NBEMS,2014,28,345
Gujarat,"Smt. Rasilaben Sevantilal Shah Venus Hospital, Surat",Private,NBEMS,1912,1,162
Maharashtra,"SPAN Hospital, Solapur",Private,NBEMS,2016,4,40
Tamil Nadu,"Sri Narayani Hospital & Research Centre, Vellore",Private,NBEMS,2005,6,200
Karnataka,"Sri Sathya Sai Institute of Higher Medical Sciences, Bangalore",Private,NBEMS,2001,8,333
Andhra Pradesh,"SAI Hospital, Rajamahendravaram",Private,NBEMS,2005,1,150
Maharashtra,"Post Graduate Institute of Medical Sciences, Navi Mumbai",Govt,"Maharashtra University of Health Sciences, Nashik",2022,22,540
Andhra Pradesh,"Rural Development Trust Hospital, Anantapur",Private,NBEMS,1990,16,220
Rajasthan,"Sardar Patel Medical College, Bikaner",Govt,"Rajasthan University of Health Sciences, Jaipur",1959,197,0
Odisha,"SCB Medical College, Cuttack",Govt,"Utkal University, Bhubaneswar",1944,232,2137
Gujarat,"NM Virani Wockhardt Hospital, Rajkot",Private,NBEMS,2006,1,0
Uttar Pradesh,"Pandit Deen Dayal Upadhyay Government Hospital, Varanasi",Govt,NBEMS,1970,3,640
Gujarat,"Narayana Hrudayalaya, Rakhial",Private,NBEMS,2000,2,190
Uttar Pradesh,"National Capital Region Institute of Medical Sciences, Meerut",Private,"Chaudhary Charan Singh University, Meerut",2018,63,500
Uttar Pradesh,"PL Sharma District Hospital, Meerut City",Govt,NBEMS,0,3,0
Gujarat,"Rhythm Heart Institute, Vadodara",Private,NBEMS,2013,0,50
Maharashtra,"NKP Salve Institute of Medical Sciences & Research Centre, Nagpur",Private,"Maharashtra University of Health Sciences, Nashik",1990,141,1130
Haryana,"QRG Medicare, Faridabad",Private,NBEMS,0,8,325
Bihar,"Rahmania Medical Centre, Motihari",Private,NBEMS,2005,3,50
Karnataka,"Rainbow Children's Hospital, Marathahalli, Bangalore",Private,NBEMS,2015,5,200
Chhattisgarh,"Raipur Institute of Medical Sciences (RIMS), Raipur",Private,"Pt. Deendayal Upadhyay Memorial Health Sciences and Ayush University, Raipur",2016,63,650
Tamil Nadu,"Salem Polyclinic, Salem",Private,NBEMS,1957,7,250
Telangana,"Samraksha Super Speciality Hospital, Warangal",Private,NBEMS,0,1,150
Andhra Pradesh,"Prashanth Hospital, Vijayawada",Private,NBEMS,1989,0,0
Rajasthan,"RNT Medical College, Udaipur",Govt,"Rajasthan University of Health Sciences, Jaipur",1961,220,1000
Delhi,"Sant Parmanand Hospital, Delhi",Private,NBEMS,1997,2,153
Maharashtra,"Sevasadan Lifeline Superspeciality Hospital, Miraj",Private,NBEMS,2017,2,100
Jammu & Kashmir,"Shree Mata Vaishno Devi Narayana Super speciality Hospital, Reasi",Private,NBEMS,2016,2,322
Tamil Nadu,"Sri Ramachandra Medical College & Research Institute, Chennai",Deemed,"Sri Ramachandra Institute of Higher Education & Research(Deemed), Chennai",1985,233,1600
Maharashtra,"SRTR Medical College, Ambajogai",Govt,"Maharashtra University of Health Sciences, Nashik",1974,93,800
Telangana,"Sri Sri Holistic Hospital, Hydernagar",Private,NBEMS,2012,2,0
Manipur,"Shija Academy of Health Sciences, Imphal",Private,"Manipur University, Imphal",2021,28,350
Haryana,"Shri Atal Bihari Vajpayee Government Medical College, Faridabad",Govt,"Pt. BD. Sharma University of Health Sciences, Rohtak",2012,0,500
Karnataka,"Sri Siddhartha Medical College, Tumkur",Deemed,"Sri Siddhartha Academy of Higher Education, Tumkur",1988,92,970
Delhi,"Shroff Eye Centre, Delhi",Private,NBEMS,1914,2,15
Pondicherry,"Sri Manakula Vinayagar Medical College & Hospital, Pondicherry",Private,"Pondicherry University, Pondicherry",2006,121,1180
Kerala,"St. Gregorios Medical Mission Hospital, Pathanamthitta",Private,NBEMS,1975,5,250
Rajasthan,"Shri Ramkaran Joshi Government District Hospital, Dausa",Govt,NBEMS,1999,2,200
Maharashtra,"Shri Vasant Rao Naik Government Medical College, Yavatmal",Govt,"Maharashtra University of Health Sciences, Nashik",1989,64,765
Uttar Pradesh,"SN Medical College, Agra",Govt,"Dr BR Ambedkar University, Agra",1939,195,976
Delhi,"Shanti Mukund Hospital, Delhi",Private,NBEMS,1995,0,200
Odisha,"Sri Jagannath Medical College & Hospital, Puri",Govt,"Utkal University, Bhubaneswar",2021,18,380
Chhattisgarh,"Sri Sathya Sai Sanjeevani Hospital, Atal Nagar",Private,NBEMS,1970,0,100
Gujarat,"Shri BD Mehta Mahavir Heart Institute, Surat",Private,NBEMS,1978,0,110
Chhattisgarh,"Shahid Mahendra Karma Memorial Government Hospital, Jagdalpur",Govt,NBEMS,2018,15,500
Delhi,"Shri Dada Dev Matri Avum Shishu Chikitsalaya, Delhi",Govt,NBEMS,0,7,112
Kerala,"Sree Chitra Thirunal Institute for Medical Science, Trivandrum",Govt,"Sree Chitra Thirunal Institute for Medical Science (Statutory Autonomous), Trivandrum",1976,0,253
Maharashtra,"Sri Bhausaheb Hire Government Medical College, Dhule",Govt,"Maharashtra University of Health Sciences, Nashik",1988,58,545
Rajasthan,"Shri Kalyan Government Medical College, Sikar",Govt,"Rajasthan University of Health Sciences, Jaipur",2020,0,500
Karnataka,"South Western Railway Central Hospital, Hubballi",Public Sector,NBEMS,1962,8,133
Madhya Pradesh,"Sri Aurobindo Medical College & Postgraduate Institute, Indore",Private,"Sri Aurobindo University, Indore",2003,231,1400
Maharashtra,"SSPM Medical College & Lifetime Hospital, Padave, Sindhudurg",Private,"Maharashtra University of Health Sciences, Nashik",2020,0,2400
Gujarat,"SIDS Hospital & Research Center, Surat",Private,NBEMS,2015,0,0
Kerala,"Sree Sudheendra Medical Mission, Cochin",Private,NBEMS,1971,0,200
Telangana,"St. Theresa's Hospital, Hyderabad",Private,NBEMS,1960,6,300
Maharashtra,"SL Raheja Hospital, Mumbai",Private,NBEMS,1981,3,170
Rajasthan,"Shri Jawahir Hospital, Jaisalmer",Govt,NBEMS,1941,0,150
Chhattisgarh,"Shri Aurobindo Medical Research Centre, Raipur",Private,NBEMS,0,2,50
Kerala,"Sree Narayana Institute of Medical Sciences, Ernakulam",Private,"Kerala University of Health Sciences, Thrissur",2009,14,560
Uttar Pradesh,"State Medical College & Pt. Ram Prasad Bismil Memorial Hospital, Shahjahanpur",Govt,NBEMS,2021,21,312
Uttar Pradesh,"Siddh Multi Specialty Hospital, Moradabad",Private,NBEMS,2016,6,100
West Bengal,"Sree Balaram Seva Mandir SG Hospital, Khardah",Govt,NBEMS,1971,2,200
Uttar Pradesh,"Shri Ram Murti Smarak Institute of Medical Sciences, Bareilly",Private,"Mahatma Jyotiba Phule Rohilkhand University, Bareilly",2005,128,0
Karnataka,"SNR District Hospital, Kolar",Govt,NBEMS,1937,15,550
Karnataka,"Sri Sathya Sai Sarla Memorial Hospital, Muddenahalli",Private,NBEMS,2018,12,300
Haryana,"Shaheed Hasan Khan Mewati Government Medical College, Nalhar",Govt,"Pt. BD. Sharma University of Health Sciences, Rohtak",2012,52,645
Tamil Nadu,"SRM Medical College Hospital & Research Centre, Chengalpattu",Deemed,"SRM Institute of Science & Technology (Formerly SRM University), Chennai",2005,164,0
Karnataka,"Shri Balaji Institute of Neuro Sciences & Trauma, Hubli",Private,NBEMS,2012,1,104
Uttar Pradesh,"SKS Hospital Medical College & Research Centre, Mathura",Private,"Atal Bihari Vajpayee Medical University, Lucknow",2023,0,0
Gujarat,"Shantabaa Medical College, Amreli",Private,"Saurashtra University, Rajkot",2019,12,500
Gujarat,"Shrimad Rajchandra Hospital & Research Centre, Dharampur",Private,NBEMS,2003,6,0
West Bengal,"Siliguri Greater Lions Eye Hospital, Jalpaiguri",Govt,NBEMS,1954,1,80
Rajasthan,"SK Hospital, Sikar",Govt,NBEMS,1995,45,100
Kerala,"Sree Uthradom Thirunal Hospital, Trivandrum",Private,NBEMS,1987,6,198
Kerala,"Smita Memorial Hosptial & Research Centre, Thodupuzha",Private,NBEMS,2003,7,200
Karnataka,"Sparsh Super Specialty Hospital, Bangalore",Private,NBEMS,2015,10,250
West Bengal,"South Eastern Railway Divisional Hospital, Kharagpur",Public Sector,NBEMS,1962,2,340
Tamil Nadu,"Shri Sathya Sai Medical College & Research Institute, Ammapettai",Deemed,"Sri Balaji Vidyapeeth (Deemed), Pondicherry",2008,106,635
Andhra Pradesh,"Sri Venkateswara Institute of Medical Sciences (SVIMS), Tirupati",Govt,"Sri Venkateswara Institute of Medical Sciences (SVIMS), Tirupati",1993,51,1337
Uttar Pradesh,"Shivani Hospital, Kanpur",Private,NBEMS,1996,0,0
Madhya Pradesh,"Shyam Shah Medical College, Rewa",Govt,"Madhya Pradesh Medical Science University, Jabalpur",1963,132,1140
Gujarat,"Sterling Hospital, Ahmedabad",Private,NBEMS,2001,2,0
Karnataka,"Shifaa Hospital, Bangalore",Private,NBEMS,0,6,200
Rajasthan,"SR Kalla Memorial Gastro & General Hospital, Jaipur",Private,NBEMS,2002,0,0
Karnataka,"St. Martha's Hospital, Bangalore",Private,NBEMS,1886,17,450
Jharkhand,"Shree Jagannath Hospital & Research Centre, Ranchi",Private,NBEMS,2010,1,100
Tamil Nadu,"Sri Ramakrishna Hospital, Coimbatore",Private,NBEMS,1975,17,500
West Bengal,"State General Hospital, Santipur",Govt,NBEMS,0,0,0
West Bengal,"Sharanya Multispeciality Hospital, Burdwan",Private,NBEMS,2009,1,108
Punjab,"Sri Guru Ram Das Institute of Medical Sciences & Research, Amritsar",Private,"Sri Guru Ram Das University of Health Sciences, Amritsar",1997,115,800
Uttar Pradesh,"Sri Ram Hospital, Ayodhya",Govt,NBEMS,1902,2,120
Uttar Pradesh,"Shri Shiv Prasad Gupta Divisional District Hospital, Varanasi",Govt,NBEMS,1965,6,300
Karnataka,"Sri Shankara Cancer Hospital & Research Centre, Bangalore",Private,NBEMS,2012,4,520
Jharkhand,"Shaheed Nirmal Mahto Medical College & Hospital, Dhanbad",Govt,"Binod Bihati Mahto Koyalanchal University, Dhanbad",1969,9,900
Tamil Nadu,"Stanley Medical College, Chennai",Govt,"The Tamilnadu Dr. MGR Medical University, Chennai",1838,216,1661
Andhra Pradesh,"Sri Balaji Medical College, Hospital & Research Institute, Chittoor",Private,"Dr. NTR University of Health Sciences, Vijayawada",2015,0,750
Pondicherry,"Sri Lakshmi Narayana Institute of Medical Sciences, Pondicherry",Deemed,"Bharath Institute of Higher Education & Research (Deemed), Chennai",2006,66,1060
Haryana,"Sukhda Multispeciality Hospital, Hisar",Private,NBEMS,2002,2,100
Uttar Pradesh,"Swami Kalyan Dev District Hospital, Muzaffarnagar",Govt,NBEMS,1964,1,300
Maharashtra,"HBP Prabhakar Malharrao Kute Memorial Hospital, Pune",Govt,NBEMS,0,8,0
Uttarakhand,"Futela Hospital, Rudrapur",Private,NBEMS,0,1,100
Karnataka,"Subbaiah Institute of Medical Sciences, Shimoga",Private,"Rajiv Gandhi University of Health Sciences, Bangalore",2012,82,980
Karnataka,"Suchirayu Mulitispeciality Hospital, Hubballi",Private,NBEMS,0,2,250
Maharashtra,"Topiwala National Medical College, Mumbai",Govt,"Maharashtra University of Health Sciences, Nashik",1964,161,0
Maharashtra,"Meditrina Institute of Medical Sciences, Nagpur",Private,NBEMS,2006,2,100
Uttar Pradesh,"Joint Accr. Shiv Prasad Gupta Divisional District Hospital Kabirchaura & Lal Bahadur Shastri Hospital, Varanasi",Govt,NBEMS,0,0,316
Pondicherry,"AG Padmavatis Hospital, Pondicherry",Private,NBEMS,0,2,0
Tamil Nadu,"Mehta Multispeciality Hospital, Velappanchavadi, Chennai",Private,NBEMS,1997,2,400
Tamil Nadu,"Swamy Vivekanandha Medical College Hospital & Research Institute, Tiruchengode",Private,"The Tamilnadu Dr. MGR Medical University, Chennai",2021,4,0
Arunachal Pradesh,"Tomo Riba Institute of Health & Medical Sciences, Naharlagun",Govt,"Rajiv Gandhi University, Doimukh",2018,17,500
Tripura,"Tripura Medical College & Dr. BRAM Teaching Hospital, Agartala",Govt,"Tripura University, Agartala",2006,8,558
Delhi,"Mata Roop Rani Maggo Hospital & IVF Centre, Delhi",Private,NBEMS,1996,1,100
Bihar,"Sadar Hospital, Araria",Govt,NBEMS,0,3,0
Punjab,"Thind Eye Hospital, Jalandhar",Private,NBEMS,1993,0,25
Telangana,"Udai Omni Hospital, Hyderabad",Private,NBEMS,1975,1,0
Telangana,"Virinchi Hospital, Hyderabad",Private,NBEMS,1993,1,100
Maharashtra,"Sushrut Hospital & Research Centre, Mumbai",Private,NBEMS,2000,4,100
Karnataka,"Vydehi Institute of Medical Sciences & Research Centre, Bangalore",Private,"Rajiv Gandhi University of Health Sciences, Bangalore",2002,163,1600
Punjab,"District Hospital, Moga",Govt,NBEMS,0,2,0
Maharashtra,"Vedantaa Institute of Medical Sciences, Palghar",Private,"Maharashtra University of Health Sciences, Nashik",2017,107,350
Karnataka,"Vijayanagar Institute of Medical Sciences, Bellary",Govt,"Rajiv Gandhi University of Health Sciences, Bangalore",1961,104,0
Karnataka,"Yenepoya Specialty Hospital, Mangalore",Private,NBEMS,1995,4,250
Gujarat,"Rajkot Cancer Society, Rajkot",Private,NBEMS,1969,1,150
Kerala,"Dr. KM Cherian Institute of Medical Sciences, Chengannur",Private,NBEMS,0,1,330
Telangana,"Ankura Hospital For Women & Children, Gudimalkapur",Private,NBEMS,0,4,100
Tamil Nadu,"Sudha Hospitals, Erode",Private,NBEMS,1985,10,300
Telangana,"Zoi Hospitals, Attapur, Hyderabad",Private,NBEMS,2015,2,0
Maharashtra,"Wockhardt Hospitals, Thane",Private,NBEMS,2014,2,200
Chhattisgarh,"Parihar Hospital, Kawardha",Private,NBEMS,0,2,0
Uttarakhand,"Synergy Institute of Medical Sciences, Dehradun",Private,NBEMS,2016,2,300
Uttar Pradesh,"Tej Bahadur Sapru Hospital, Allahabad",Govt,NBEMS,0,5,0
Telangana,"Venketeshwara Kidney Centre, Karim Nagar",Private,NBEMS,1997,0,0
Uttar Pradesh,"Veerangana Awanti Bai Women Hospital, Lucknow",Govt,NBEMS,1889,5,0
Andhra Pradesh,"SVIMS - Sri Padmavathi Medical College for Women, Tirupati",Govt,"Sri Venkateswara Institute of Medical Sciences (SVIMS), Tirupati",2014,0,1000
Tamil Nadu,"Trichy SRM Medical College Hospital & Research Centre, Trichy",Private,"The Tamilnadu Dr. MGR Medical University, Chennai",2009,105,1575
Uttarakhand,"VCSG Government Medical College, Srinagar, Pauri Garhwal",Govt,"Hemwati Nandan Bahuguna Uttarakhand Medical Education University, Dehradun",2008,48,0
Maharashtra,"Cardinal Gracias Memorial Hospital, Vasai",Private,NBEMS,0,2,147
Punjab,"Chugh Eye Surgery Centre, Ludhiana",Private,NBEMS,2001,1,12
Kerala,"Kinder Hospitals, Kochi",Private,NBEMS,2018,3,125
Uttar Pradesh,"Ashirvad Multi Speciality Hospital, Varanasi",Private,NBEMS,1974,4,100
Bihar,"Om Sai Nirwana Netralaya, Sasaram",Private,NBEMS,0,2,0
Karnataka,"Sub Divisional Hospital, Sagara",Govt,NBEMS,1960,2,100
Delhi,"Vardhman Mahavir Medical College & Safdarjung Hospital, Delhi",Govt,"Guru Gobind Singh Indraprastha University, Delhi",2002,327,1531
Delhi,"Bhagwati Hospital, Delhi",Private,NBEMS,2002,4,115
Karnataka,"The Oxford Medical College, Hospital & Research Centre, Bangalore",Private,"Rajiv Gandhi University of Health Sciences, Bangalore",2014,87,790
Karnataka,"Venugram Hospital, Belagavi",Private,NBEMS,2001,8,50
Delhi,"Vision Eye Centre, New Delhi",Private,NBEMS,2012,1,10
Kerala,"Kinder Womens Hospital & Fertility Centre, Cherthala",Private,NBEMS,2008,1,100
Uttar Pradesh,"Khushlok Hospital, Bareilly",Private,NBEMS,0,2,100
Karnataka,"Vydehi Super Speciality Hospital, Bangalore",Private,NBEMS,1991,0,175
Telangana,"Yashoda Hospitals, Serilingampally(, Hyderabad",Private,NBEMS,1993,24,600
Maharashtra,"Vishwaraj Hospital, Pune",Private,NBEMS,2016,7,250
Andhra Pradesh,"Uday Hospital, Guntur",Private,NBEMS,2015,2,100
Uttar Pradesh,"Gupta Surgical Hospital, Imiliya",Private,NBEMS,2008,4,150
West Bengal,"Susrut Eye Foundation & Research Centre, Murshidabad",Private,NBEMS,2005,2,30
Tamil Nadu,"Ramalingams Hospital, Salem",Private,NBEMS,1988,2,100
Tamil Nadu,"Thoothukudi Medical College, Thoothukudi",Govt,"The Tamilnadu Dr. MGR Medical University, Chennai",2000,52,1300
Punjab,"Civil Hospital, Malerkotla",Govt,NBEMS,0,2,100
Gujarat,"Surat Municipal Institute of Medical Education & Research, Surat",Govt-Private,"Veer Narmad South Gujarat University, Surat",1999,171,750
Uttar Pradesh,"Yashoda Superspeciality Hospital & Cancer Institute, Ghaziabad",Private,NBEMS,0,0,0
Jammu & Kashmir,"Sub District Hospital, Sopore",Govt,NBEMS,0,9,0
Gujarat,"Tricolour Hospital, Vadodara",Private,NBEMS,2017,3,0
Karnataka,"Vasavi Hospital, Bangalore",Private,NBEMS,2015,7,153
Madhya Pradesh,"Unique Super Specialty Hospital, Indore",Private,NBEMS,2001,1,140
Delhi,"Shree Aggarsain International Hospital, Delhi",Private,NBEMS,2018,5,122
Karnataka,"Taluka General Hospital, Saundatti, Belgaum",Govt,NBEMS,1985,1,150
Maharashtra,"Vivekanand Hospital & Medical College, Latur",Private,"Swami Ramanand Teerth Marathwada University (SRTMU), Nanded",1966,2,150
West Bengal,"Kasturi Das Memorial Super Speciality Hospital, South 24 Parganas",Private,NBEMS,2019,2,168
Maharashtra,"Thorat Netra Hospital, Akola",Private,NBEMS,1994,2,25
Andhra Pradesh,"Sudarsani Eye Hospital, Guntur",Private,NBEMS,1970,2,0
Kerala,"Tiruvalla Medical Mission, Pathanamthitta",Private,NBEMS,1935,4,400
Punjab,"Civil Hospital, Ropar",Govt,NBEMS,2012,2,0
Tamil Nadu,"VELS Medical College & Hospital, Manjankaranai",Deemed,"Vels Institute Of Science, Technology & Advanced Studies (VISTAS) (Deemed), Chennai",2021,0,600
Uttar Pradesh,"Kalyan Singh Rajkiya Medical College, Bulandshahr",Govt,NBEMS,2024,4,500
Telangana,"Thumbay Hospital New Life, Hyderabad",Private,NBEMS,0,0,160
Uttar Pradesh,"Joint Accr. Prakash Hospital, Sec 33, Noida & Prakash Hospital, Greater Noida",Private,NBEMS,1994,2,100
Telangana,"Sunshine Hospital, Secunderabad",Private,NBEMS,2009,0,0
Karnataka,"Taluk General Hospital, Kadur, Chikkamagaluru",Govt,NBEMS,1965,2,150
Maharashtra,"Terna Medical College, Navi Mumbai",Private,"Maharashtra University of Health Sciences, Nashik",1991,34,700
Tamil Nadu,"Thangam Hospital, Namakkal",Private,NBEMS,1986,3,86
Delhi,"University College of Medical Sciences & GTB Hospital, New Delhi",Govt,"Delhi University, Delhi",1971,210,1526
Uttar Pradesh,"Infinity Care Hospital, Varanasi",Private,NBEMS,2002,2,150
Bihar,"Sadar Hospital, Nawada",Govt,NBEMS,0,2,0
Maharashtra,"Surya Mother & Child Superspeciality Hospital, Pune",Private,NBEMS,1985,5,110
Telangana,"Yashoda Hospital, Secunderabad",Private,NBEMS,1989,20,0
Uttar Pradesh,"Yatharth Superspeciality Hospitals, Greater Noida West",Private,NBEMS,2013,20,450
West Bengal,"HLG Memorial Hospital, Asansol",Private,NBEMS,1999,1,101
Haryana,"Ishwar Eye Centre, Rohtak",Private,NBEMS,1985,1,10
Maharashtra,"Sushil Eye Hospital & Brahma Laser Center, Nashik",Private,NBEMS,1995,4,25
West Bengal,"Vidyasagar State General Hospital, Kolkata",Govt,NBEMS,1958,2,400
West Bengal,"Walsh SDH, Serampore",Govt,NBEMS,1903,4,100
Karnataka,"Sub Division Hospital, Gangavathi",Govt,NBEMS,0,5,130
Karnataka,"Taluka General Hospital, Ramdurg, Belgaum",Govt,NBEMS,1980,1,120
Uttar Pradesh,"The Fatima Hospital, Lucknow",Private,NBEMS,1958,5,100
Uttar Pradesh,"Vivekananda Polyclinic & Institute of Medical Sciences, Lucknow",Private,NBEMS,1966,23,350
Uttar Pradesh,"Uma Nath Singh Autonomous State Medical College Society, Jaunpur",Govt,"Atal Bihari Vajpayee Medical University, Lucknow",2021,6,0
Tamil Nadu,"Kauvery Hospital, Kovilambakkam, Chennai",Private,NBEMS,1999,2,150
Bihar,"Sadar Hospital, Chapra, Saran",Govt,NBEMS,0,5,150
Chhattisgarh,"OP Jindal Hospital & Research Center, Raigarh",Private,NBEMS,2007,1,100
Uttarakhand,"The Medicity Hospital, Rudrapur",Private,NBEMS,2017,5,150
Uttar Pradesh,"Varun Trauma & Burn Centre, Aligarh",Private,NBEMS,2005,2,50
Rajasthan,"CKRD Memorial Hospital & Research Institute, Jhunjhunu",Private,NBEMS,0,2,0
Uttarakhand,"Gautam Hospital, Rudrapur",Private,NBEMS,2019,8,250
Tripura,"ILS Hospitals, Agartala",Private,NBEMS,2008,2,205
Telangana,"TX Hospitals, Uppal",Private,NBEMS,2020,1,0
Karnataka,"Yadgiri Institute of Medical Sciences, Yadgiri",Govt,"Rajiv Gandhi University of Health Sciences, Bangalore",2022,0,480
Telangana,"Renova Century Hospitals, Banjara Hills, Hyderabad",Private,NBEMS,2012,1,216
Punjab,"District Hospital, Tarn Taran",Govt,NBEMS,0,1,0
Kerala,"I Vision Eye Hospital, Thrissur",Private,NBEMS,0,2,0
West Bengal,"Medica North Bengal Clinic, Siliguri",Private,NBEMS,0,2,0
Bihar,"Sadar Hospital, Khagaria",Govt,NBEMS,0,4,0
Tamil Nadu,"Geri Care Hospital, Adambakkam, Chennai",Private,NBEMS,0,4,100
Telangana,"Surabhi Institute of Medical Sciences, Siddipet",Private,"Dr. NTR University of Health Sciences, Vijayawada",2019,48,500
Maharashtra,"Swami Ramanand Teerth Rural Government Medical College, Ambajogai",Govt,NBEMS,1975,4,0
Rajasthan,"Join. Accr. North Western Railway Central Hospital, Jaipur & Divisional Railway Hospital, Ajmer",Public Sector,NBEMS,1970,0,86
West Bengal,"Woodlands Multispeciality Hospital, Kolkata",Private,NBEMS,1957,10,350
Tamil Nadu,"Tirunelveli Medical College, Tirunelveli",Govt,"The Tamilnadu Dr. MGR Medical University, Chennai",1965,144,0
Kerala,"Valluvanad Hospital Complex, Ottapalam",Private,NBEMS,1986,9,300
Bihar,"Amar Shahid Jagdeo Prasad Sadar Hospital, Jehanabad",Govt,NBEMS,2024,6,0
Assam,"Tezpur Medical College & Hospital, Tezpur",Govt,"Srimanta Shankardeva University of Health Sciences, Guwahati",2014,60,0
Tamil Nadu,"Vadamalayan Hospital, Madurai",Private,NBEMS,1971,16,230
Karnataka,"CURA Hospitals, Bangalore",Private,NBEMS,0,2,100
Uttar Pradesh,"Autonomous State Medical College, Amethi",Govt,NBEMS,0,4,0
Uttar Pradesh,"Sumitra Hospital, Noida",Private,NBEMS,1990,4,100
Karnataka,"Wenlock District Hospital, Mangalore",Govt,NBEMS,1848,2,1000
Karnataka,"Vijaya Ortho & Trauma Centre, Belagavi",Private,NBEMS,1999,6,100
Rajasthan,"Vasundhara Hospital, Jodhpur",Private,NBEMS,1996,1,100
Delhi,"Swami Dayanand Hospital, Delhi",Govt,NBEMS,1963,23,370
Maharashtra,"NIMS Medicare Surgical & Dental Hospital, Nandurbar",Private,NBEMS,0,2,0
Maharashtra,"Ushahkal Abhinav Institute of Medical Sciences, Sangli",Private,NBEMS,2012,2,356
Uttar Pradesh,"Joint Accr. Swami Kalyan Dev District Hospital, Muzaffarnagar & District Combined Hospital, Bhagpat",Govt,NBEMS,2011,0,175
Tamil Nadu,"The Voluntary Health Services & Medical Centre, Chennai",Private,NBEMS,1958,10,200
Uttar Pradesh,"Venkateshwara Institute of Medical Sciences, Gajraula",Private,"Shri Venkateshwara University, Gajraula",2016,60,1200
Uttar Pradesh,"Uttar Pradesh University of Medical Sciences (formerly UP Rural IMS&R), Etawah",Govt,"Uttar Pradesh University of Medical Sciences, Etawah",2006,122,0
Kerala,"Vinayaka Hospital, Sulthan Bathery",Private,NBEMS,2000,4,100
Telangana,"Little Stars and She Women and Children Hospital, Banjara Hills, Hyderabad",Private,NBEMS,2011,4,100
Karnataka,"Taluk General Hospital, Bhadravathi",Govt,NBEMS,1955,2,200
Tamil Nadu,"Thiruvarur Government. Medical College, Thiruvarur",Govt,"The Tamilnadu Dr. MGR Medical University, Chennai",2010,34,0
Tamil Nadu,"VGM Gastrocentre, Coimbatore",Private,NBEMS,0,0,100
Uttar Pradesh,"Ramakrishna Mission Sevashrama Hospital, Vrindavan",Private,NBEMS,1963,7,300
Delhi,"Acharya Shree Bhikshu Govt Hospital, Delhi",Govt,NBEMS,1996,4,0
Bihar,"Sadar Hospital, Hajipur",Govt,NBEMS,0,4,0
Maharashtra,"Tata Memorial Centre, Mumbai",Govt,"Homi Bhabha National Institute (Deemed), Mumbai",1941,94,614
West Bengal,"The Calcutta Medical Research Institute, Kolkata",Private,NBEMS,1969,15,400
Odisha,"VSS Institute of Medical Sciences & Research, Burla",Govt,"Sambalpur University, Burla",1959,130,1018
Uttar Pradesh,"Joint Accr. Govt TB Hospital, Prayagraj & Moti Lal Nehru Medical College, Prayagraj",Govt,NBEMS,0,0,170
Rajasthan,"Harish Hospital, Alwar",Private,NBEMS,0,4,200
West Bengal,"Jeevan Rekha Hospital, Raiganj",Private,NBEMS,2002,2,150
Maharashtra,"Vishnuprasad Nandrai Desai Municipal General Hospital, Mumbai",Govt,NBEMS,1961,11,276
Tamil Nadu,"Sundram Arulrhaj Hospital, Tuticorin,",Private,NBEMS,0,2,200
Telangana,"Vijay Marie Hospital & Educational Society, Hyderabad",Private,NBEMS,1948,6,0
Karnataka,"Yenepoya Medical College, Mangalore",Deemed,"Yenepoya University (Deemed), Mangaluru",1999,117,1030
Rajasthan,"Medipulse Hospital, Jodhpur",Private,NBEMS,2014,2,250
Telangana,"Ankura Hospital for Women & Children, Gachibowli",Private,NBEMS,2022,4,100
Gujarat,"General Hospital, Siddhpur",Govt,NBEMS,0,2,0
Maharashtra,"Wockhardt Hospital, Mumbai",Private,NBEMS,1989,5,298
Maharashtra,"Yashodhara Super Specialty Hospital, Solapur",Private,NBEMS,2008,0,100
Tamil Nadu,"The Tamil Nadu Dr. MGR Medical University, Chennai",Govt,"The Tamilnadu Dr. MGR Medical University, Chennai",0,5,0
Andhra Pradesh,"Tirumala Medicover Hospitals, Vizianagaram",Private,NBEMS,2016,10,250
Tamil Nadu,"Joint Accr. Sugam Hospitals, Chromepet, Chennai & Sugam Hospitals, Thiruvottiyur, Chennai",Private,NBEMS,1991,0,100
Telangana,"SVS Medical College, Mehboobnagar",Private,"Kaloji Narayana Rao University of Health Sciences, Warangal",1999,118,700
Tamil Nadu,"The Eye Foundation, Coimbatore",Private,NBEMS,1985,4,50
Gujarat,"Vasanth Prabha Hospital, Vadnagar",Private,NBEMS,0,0,30
Gujarat,"Zydus Medical College & Hospital, Dahod",Private,"Shri Govind Guru University, Godhara",2018,78,750
Tamil Nadu,"Vivekanandha Medical Care Hospital, Namakkal",Private,NBEMS,2016,1,100
Tamil Nadu,"Dr. Muthus Multispeciality Hospital, Coimbatore",Private,NBEMS,0,2,120
Punjab,"Joint Accr. Amandeep Hospital, Amritsar & Amandeep Medicity, Amritsar",Private,NBEMS,1990,0,200
Karnataka,"Sub Division Hospital, Kollegal",Govt,NBEMS,1955,1,100
Telangana,"Zoi Hospital, Somajiguda, Hyderabad",Private,NBEMS,2015,1,0
Bihar,"Lok Nayak Jay Prakash Naryan Sadar Hospital, Bhagalpur",Govt,NBEMS,0,3,100
Bihar,"Saroj Seetaram Sadar Hospital, Sheohar",Govt,NBEMS,0,4,0
Karnataka,"Taluk General Hospital, Byadagi, Haveri",Govt,NBEMS,2003,1,100
West Bengal,"Tamralipto Government Medical College & Hospital, Tamluk",Govt,"West Bengal University of Health Sciences, Kolkata",2022,2,500
Tamil Nadu,"Velammal Medical College Hospital & Research Institute, Madurai",Private,"The Tamilnadu Dr. MGR Medical University, Chennai",2013,49,2100
Jharkhand,"Tata Main Hospital, Jamshedpur",Private,NBEMS,1908,38,983
Uttar Pradesh,"Mental Hospital, Pandeypur, Varanasi",Govt,NBEMS,0,1,361
Delhi,"Bhagwan Mahavir Hospital, Delhi",Govt,NBEMS,0,2,325
Andhra Pradesh,"Yashvedh Healthcare Services, Kakinada",Private,NBEMS,2010,2,50
Kerala,"Vijaya Hospital, Kottarakkara",Private,NBEMS,1998,2,150
Rajasthan,"Neoclinic Children Hospital, Jaipur",Private,NBEMS,2010,3,100
Bihar,"Sadar Hospital, Muzaffarpur",Govt,NBEMS,0,7,0
Karnataka,"Trustwell Hospitals, Bangalore",Private,NBEMS,2019,5,250
Uttar Pradesh,"Autonomous State Medical College, Pilibhit",Govt,NBEMS,2024,6,420
Karnataka,"Hosmat Hospital, Kalyan Nagar, Bangalore",Private,NBEMS,1994,2,100
Karnataka,"Taluka General Hospital, Athani, Belagavi",Govt,NBEMS,1970,1,100
Delhi,"Tirath Ram Shah Hospital, Delhi",Private,NBEMS,1955,5,200
Tamil Nadu,"Vijaya Hospital, Chennai",Private,NBEMS,1972,15,281
Gujarat,"Sunshine Global Hospital, Surat",Private,NBEMS,2007,2,220
Maharashtra,"United CIIGMA Institute of Medical Sciences, Aurangabad",Private,NBEMS,2011,4,175
Uttar Pradesh,"Vardhman Trauma & Laparoscopy Centre, Muzaffarnagar",Private,NBEMS,2019,2,0
Odisha,"District Head Quarter Hospital, Puri",Govt,NBEMS,0,1,0
Bihar,"Sadar Hospital, Siwan",Govt,NBEMS,0,2,0
Maharashtra,"Lokmanya Hospital, Nigdi, Pune",Private,NBEMS,1993,2,100
Madhya Pradesh,"Noble Multispeciality Hospital, Bhopal",Private,NBEMS,2011,4,110
Maharashtra,"Shree Narayani Healthcare, Nashik",Private,NBEMS,0,2,105
Haryana,"The Signature Hospital, Gurgaon",Private,NBEMS,0,0,300
Kerala,"Dr. Sreekanth Eyecare & Research Centre, Kozhikode",Private,NBEMS,0,2,10
Andhra Pradesh,"SV Medical College, Tirupati",Govt,"Dr. NTR University of Health Sciences, Vijayawada",1960,230,0
Uttar Pradesh,"Joint Accr. Balrampur Hospital, Golaganj & Veerangana Awanti Bai Women Hospital, Golaganj",Govt,NBEMS,1869,0,656
Karnataka,"Tejasvini Hospital & SSIOT, Mangalore",Private,NBEMS,2004,4,206
Odisha,"District Head Quarter Hospital, Nayagarh",Govt,NBEMS,0,2,250
Rajasthan,"Tibra Eye Hospital & Retina Centre, Sikar",Private,NBEMS,2012,2,20
Gujarat,"Zydus Hospital, Ahmedabad",Private,NBEMS,2015,0,0
Haryana,"NC Jindal Institute of Medical Care & Research, Hisar",Private,NBEMS,1968,1,0
Odisha,"Sum Ultimate Medicare, Bhubaneswar",Private,NBEMS,2007,5,350
Punjab,"District Hospital, Fazilka",Govt,NBEMS,0,2,0
West Bengal,"University College of Medicine, Kolkata",Govt,"West Bengal University of Health Sciences, Kolkata",1948,0,450
Odisha,"Vikash Multi Speciality Hospital, Bargarh",Private,NBEMS,0,13,150
West Bengal,"Suri Sadar Hospital, Laldighipara",Govt,NBEMS,1876,12,250
West Bengal,"Uttarpara State General Hospital, Hooghly",Govt,NBEMS,1965,2,200
Tamil Nadu,"Sree Abirami Hospital, Coimbatore",Private,NBEMS,1992,5,150
Uttar Pradesh,"Eye Care Azamgarh, Azamgarh",Private,NBEMS,0,2,0
Uttar Pradesh,"Sushrut Institute of Plastic Surgery, Lucknow",Private,NBEMS,2004,2,25
Maharashtra,"Surya Children's Medicare, Mumbai",Private,NBEMS,2010,8,200
Kerala,"Mothercare & Health Centre, Mannarkkad",Private,NBEMS,2008,1,200
Uttar Pradesh,"Ursala Horsman Memorial Hospital, Kanpur",Govt,NBEMS,1937,10,550
West Bengal,"Vivekananda Institute of Medical Sciences, Kolkata",Private,"West Bengal University of Health Sciences, Kolkata",1932,51,684
Uttar Pradesh,"Rainbow Children Hospital, Azmagarh",Private,NBEMS,0,2,0
Odisha,"Utkal Institute of Medical Sciences & Hospital, Khorda",Private,NBEMS,2008,10,200
Chhattisgarh,"Vedanta Medical Research Centre (Balco Medical Centre), Raipur",Private,NBEMS,0,2,170
Uttar Pradesh,"Yatharth Wellness Super Specialty Hospital & Heart Center, Noida",Private,NBEMS,2013,4,100
Haryana,"SSB Heart & Multispeciality Hospital, Faridabad",Private,NBEMS,2007,1,140
Uttar Pradesh,"Medhansh Hospital, Bareilly",Private,NBEMS,0,2,0
Tamil Nadu,"Vedanayagam Hospital, Coimbatore",Private,NBEMS,1981,0,100
Tamil Nadu,"Vinayaka Missions Kirupananda Variyar Medical College, Salem",Deemed,"Vinayaka Missions University (Deemed), Salem",1996,106,560
Uttar Pradesh,"Yatharth Super Specialty Hospitals, Greater Noida",Private,NBEMS,2011,12,0
Uttar Pradesh,"District Hospital Male, Budaun",Govt,NBEMS,0,2,234
Tamil Nadu,"Kauvery Hospital, Vadapalani, Chennai",Private,NBEMS,2020,2,150
Madhya Pradesh,"District Hospital, Shivpuri",Govt,NBEMS,0,6,0
Karnataka,"Joint Accr. Aarthi Scans & Labs, Jaya Nagar, Bangalore & Sri Shankara Cancer Hospital & Research centre, Basavanagudi, Bangalore",Private,NBEMS,0,1,0
Haryana,"Virk Hospital, Karnal",Private,NBEMS,1993,3,150
Andhra Pradesh,"Visakha Eye Hospital, Visakhapatnam",Private,NBEMS,1996,2,50
Telangana,"Prudence Hospital, Nizamabad",Private,NBEMS,2022,2,100
Tamil Nadu,"Syed Ammal Trust Hospital, Ramanathapuram",Private,NBEMS,1983,6,200
Pondicherry,"Vinayaka Missions Medical College, Karaikal, Pondicherry",Deemed,"Vinayaka Missions University (Deemed), Salem",1997,70,610
Tamil Nadu,"Beent Hospital, Chengalpattu",Private,NBEMS,0,2,0
Maharashtra,"Manipal Hospitals, Baner, Pune",Private,NBEMS,2022,3,202
Rajasthan,"Surya Childrens Medicare, Jaipur",Private,NBEMS,2012,5,50
Uttar Pradesh,"TS Misra Medical College & Hospital, Amusi, Lucknow",Private,"Atal Bihari Vajpayee Medical University, Lucknow",2016,51,0
Uttar Pradesh,"United Institute of Medical Sciences, Allahabad",Private,"Prof. Rajendra Singh (Rajju Bhaiya) University, Prayagraj",2020,7,0
Delhi,"Venkateshwar Hospital, Delhi",Private,NBEMS,2016,14,251
Maharashtra,"Women Hospital, Osmanabad",Govt,NBEMS,1985,2,200
Uttar Pradesh,"District Women Hospital, Jaunpur",Govt,NBEMS,0,2,0
Gujarat,"Unique Hospital Multispeciality & Research Institute, Surat",Private,NBEMS,2012,1,100
Delhi,"Vidyasagar Institute of Mental Health & Neuro Sciences, Delhi",Private,NBEMS,1987,0,90
Jammu & Kashmir,"Sub District Hospital (SDH), Kupwara",Govt,NBEMS,0,10,0
West Bengal,"Udaynarayanpur State General Hospital, Howrah",Govt,NBEMS,1972,1,100
Tamil Nadu,"Vadamalayan Hospitals, Dindigul",Private,NBEMS,2020,4,153
Telangana,"Yashoda Super Speciality Hospital, Malakpet, Hyderabad",Private,NBEMS,1989,15,0
Gujarat,"GMERS Medical College, Godhra",Govt,NBEMS,0,4,420
Andhra Pradesh,"Tirumala Hospitals, Kadapa",Private,NBEMS,1995,2,100
Haryana,"World College of Medical Sciences & Research, Jhajjar",Private,"Pt. BD. Sharma University of Health Sciences, Rohtak",2016,56,650
Maharashtra,"Parkar Hospital & Research Institute, Ratnagiri",Private,NBEMS,2009,2,150
Maharashtra,"Wanless Hospital, Miraj",Private,"Maharashtra University of Health Sciences, Nashik",1894,0,400
Tamil Nadu,"Womens Center by Motherhood, Coimbatore",Private,NBEMS,2010,10,100
Rajasthan,"Goyal Hospital & Research Centre, Jodhpur",Private,NBEMS,1989,4,150
Uttar Pradesh,"Sarvodaya Hospital, Greater Noida",Private,NBEMS,2022,6,220
Delhi,"Rao Tularam Memorial Hospital, Delhi",Govt,NBEMS,1989,2,100
Telangana,"Ankura Hospital for Women & Children, Kukatpally",Private,NBEMS,2012,2,100
Rajasthan,"Rungta Hospital, Jaipur",Private,NBEMS,1990,2,150
Delhi,"VP Chest Institute of Medical Sciences, Delhi",Govt,"Delhi University, Delhi",1957,7,128
Uttar Pradesh,"Subharti Medical College, Meerut",Private,"Swami Vivekanand Subharti University, Meerut",1996,138,0
Punjab,"Uppal Neuro Hospital & Super Speciality Centre, Amritsar",Private,NBEMS,0,0,105
Uttar Pradesh,"Varun Arjun Medical College, Banthra, Shahjahanpur",Private,"Mahatma Jyotiba Phule Rohilkhand University, Bareilly",2016,81,1030
Uttar Pradesh,"Ujala Cygnus Bright Star Hospital, Moradabad",Private,NBEMS,2020,2,300
West Bengal,"Susrut Eye Foundation, Kolkata",Private,NBEMS,1998,4,50
Delhi,"Joint Accr. Saral Advanced Diagnostic Pvt Ltd, Delhi & Shri Balaji Action Medical Institute, New Delhi",Private,NBEMS,1998,1,0
West Bengal,"The Mission Hospital, Durgapur",Private,NBEMS,2001,14,300
Andhra Pradesh,"Viswabharathi Medical College, Kurnool",Private,"Dr. NTR University of Health Sciences, Vijayawada",2014,61,750
Telangana,"Yashoda Super Speciality Hospital, Somajiguda, Hyderabad",Private,NBEMS,1989,16,0
Odisha,"Shree Hospitals, Bhubaneswar",Private,NBEMS,2013,2,100
Uttar Pradesh,"Prakash Netralaya & Retina Foundation, Aligarh",Private,NBEMS,0,2,0
Tamil Nadu,"Tamil Nadu Government Multi Superspeciality Hospital, Chennai",Govt,NBEMS,2014,0,1000
Mizoram,"Zoram Medical College, Mizoram",Govt,Mizoram University,2018,0,474
West Bengal,"Hiramani Memorial Hospital, Krishnagar",Private,NBEMS,2021,4,120
Maharashtra,"Suraj Eye Institute, Nagpur",Private,NBEMS,2002,2,30
Tamil Nadu,"Tagore Medical College & Hospital, Chennai",Private,"The Tamilnadu Dr. MGR Medical University, Chennai",2010,45,0
Maharashtra,"Zen Multispeciality Hospital, Mumbai",Private,NBEMS,2015,6,115
Uttar Pradesh,"Yashoda Super Specialty Hospitals, Nehru Nagar, Ghaziabad",Private,NBEMS,0,17,0
Kerala,"KIMS Multispeciality Hospital, Kollam",Private,NBEMS,2013,4,200
Gujarat,"Shree Narayan Eye Hospital, Tajpura",Private,NBEMS,1976,3,500
Bihar,"Sadar Hospital, Lakhisarai",Govt,NBEMS,0,2,0
Uttar Pradesh,"Teerthanker Mahaveer Medical College, Moradabad",Private,"Teerthanker Mahaveer University, Moradabad",2008,142,0
Kerala,"Travancore Medical College, Kollam",Private,"Kerala University of Health Sciences, Thrissur",2009,33,850
Maharashtra,"Western India Institute of Neurosciences, Kolhapur",Private,NBEMS,1982,2,100
Delhi,"Babu Jagjivan Ram Memorial Hospital, Delhi",Govt,NBEMS,0,2,0
Maharashtra,"Ankura Hospital for Women & Children, Pune",Private,NBEMS,2011,4,100
Gujarat,"Tristar Hospital, Surat",Private,NBEMS,2013,0,0
Telangana,"Omega Hospitals, Gachibowli, Hyderabad",Private,NBEMS,2009,2,200
Uttar Pradesh,"Vijay Super Speciality Hospital, Azamgarh",Private,NBEMS,0,1,150
Haryana,"Khurana Eye Centre, Rohtak",Private,NBEMS,2019,2,0
Gujarat,"The Gujarat Research & Medical Institute (Rajasthan Hospitals), Ahmedabad",Private,NBEMS,1984,4,250
Assam,"Times Hospital, Sonitpur",Private,NBEMS,2019,1,100
Gujarat,"Shalby Hospital, Surat",Private,NBEMS,2017,2,200
Uttar Pradesh,"District Combined Hospital, Maharajganj",Govt,NBEMS,0,4,0
Meghalaya,"Woodland Hospital, Shillong",Private,NBEMS,1974,6,150
Tamil Nadu,"Theni Government Medical College, Theni",Govt,"The Tamilnadu Dr. MGR Medical University, Chennai",2006,46,0
Meghalaya,"Ganesh Das Govt Maternal & Child Health Hospital, Shillong",Govt,NBEMS,1935,12,378
Bihar,"Sadar Hospital, Banka",Govt,NBEMS,0,2,0
Delhi,"Venu Eye Institute & Research Centre, Delhi",Private,NBEMS,1986,2,68
Uttar Pradesh,"Yashoda Super Speciality Hospital, Daburchauk, Ghaziabad",Private,NBEMS,2006,11,0
Gujarat,"Swaminarayan Institute of Medical Sciences & Research, Kalol",Private,"Swaminayaran University, Kalol",2023,0,0
Gujarat,"The Gujarat Cancer & Research Institute, Asarwa",Private,NBEMS,1972,0,650
Karnataka,"ESIC Hospital, Peenya",Govt,NBEMS,0,4,750
Tamil Nadu,"Sir Ivan Stedford Hospital, Chennai",Private,NBEMS,1966,2,236
Karnataka,"District Hospital & Epidemiological Diseases Hospital, Mysore",Govt,NBEMS,1993,2,300
Tamil Nadu,"Thanjavur Medical College, Thanjavur",Govt,"The Tamilnadu Dr. MGR Medical University, Chennai",1959,120,0
Haryana,"Positron Hospital, Rohtak",Private,NBEMS,2016,4,150
Telangana,"TSRTC Hospital, Tarnaka, Secunderabad",Govt,NBEMS,1978,6,200
Punjab,"SDH, Rajpura",Govt,NBEMS,0,2,0
Telangana,"Suraksha Women & Children Hospital, Hyderabad",Private,NBEMS,2009,2,0
Andhra Pradesh,"Venkatapadma Hospital, Vizianagram",Private,NBEMS,1992,3,100
Chhattisgarh,"Suyash Hospital (Suyash Institute of Medical Science), Raipur",Private,NBEMS,2012,0,250
West Bengal,"Tata Medical Center, Kolkata",Private,NBEMS,2005,6,431
Maharashtra,"Wavikar Eye Institute, Thane",Private,NBEMS,1996,1,28
Telangana,"Zoi Hospitals, Hyderabad",Private,NBEMS,2015,2,200
Maharashtra,"Medicover Hospitals, Aurangabad",Private,NBEMS,0,4,205
Jharkhand,"Tata Motors Hospital, Jamshedpur",Private,NBEMS,1968,17,404
Karnataka,"The Bangalore Hospital, Bangalore",Private,NBEMS,1991,1,300
Odisha,"District Head Quarter Hospital, Sambalpur, Modipada",Govt,NBEMS,1959,1,0
Punjab,"Tagore Hospital & Heart Care Center, Jalandhar",Private,NBEMS,1979,4,148
Telangana,"TRR Institute of Medical Sciences, Patancheru",Private,"Kaloji Narayana Rao University of Health Sciences, Warangal",2020,0,750
Madhya Pradesh,"Vishesh Jupiter Hospital, Indore",Private,NBEMS,2007,0,200
Telangana,"Joint Accr. KIMS Hospital, Hyderabad & KIMS Hospital, Gachibowli",Private,NBEMS,2018,1,200
Maharashtra,"Symbiosis Medical College for Women, Pune",Deemed,"Symbiosis International (Deemed) University, Pune",2020,0,500
Punjab,"Civil Hospital, Ferozepur",Govt,NBEMS,0,1,120
Bihar,"Sadar Hospital, Madhubani",Govt,NBEMS,0,3,0
Chhattisgarh,"VY Institute of Medical Science, Raipur",Private,NBEMS,1994,7,175
Telangana,"Hope Childrens Hospital, Hyderabad",Private,NBEMS,2001,2,80
Madhya Pradesh,"Sukh Sagar Medical College & Hospital, Jabalpur",Private,"Madhya Pradesh Medical Science University, Jabalpur",2021,9,605
Assam,"Swagat Super Speciality Surgical Institute, Guwahati",Private,NBEMS,2005,4,100
Punjab,"Civil Hospital, Mansa",Govt,NBEMS,0,2,0
Maharashtra,"Criticare Asia Multispeciality Hospital & Research Centre, Kurla",Private,NBEMS,1999,4,0